topic,topic2,Topic,party,sign,N,P,measure,threshold,label_Y_position,Label
docs,docs,Belief Trump Mishandled Docs,Republican,-1,430,0.424901185770751,Change,-0.01,0.2124505928853755,"Less
likely"
docs,docs,Belief Trump Mishandled Docs,Republican,0,436,0.4308300395256917,Change,-0.01,0.6403162055335968,"No
change"
docs,docs,Belief Trump Mishandled Docs,Republican,1,146,0.1442687747035573,Change,-0.01,0.9278656126482213,"More
likely"
docs,docs,Belief Trump Mishandled Docs,Democrat,-1,52,0.052845528455284556,Change,-0.01,0.026422764227642278,NA
docs,docs,Belief Trump Mishandled Docs,Democrat,0,154,0.1565040650406504,Change,-0.01,0.13109756097560976,"No
change"
docs,docs,Belief Trump Mishandled Docs,Democrat,1,778,0.790650406504065,Change,-0.01,0.6046747967479675,"More
likely"
docs,docs,Belief Trump Mishandled Docs,Independent,-1,61,0.1639784946236559,Change,-0.01,0.08198924731182795,"Less
likely"
docs,docs,Belief Trump Mishandled Docs,Independent,0,155,0.4166666666666667,Change,-0.01,0.37231182795698925,"No
change"
docs,docs,Belief Trump Mishandled Docs,Independent,1,156,0.41935483870967744,Change,-0.01,0.7903225806451613,"More
likely"
general,vote,"Vote Choice, General Election",Republican,-1,21,0.18584070796460178,     Change,-0.01,0.09292035398230089,"Less
likely"
general,vote,"Vote Choice, General Election",Republican,0,52,0.46017699115044247,     Change,-0.01,0.415929203539823,"No
change"
general,vote,"Vote Choice, General Election",Republican,1,40,0.35398230088495575,     Change,-0.01,0.8230088495575221,"More
likely"
general,vote,"Vote Choice, General Election",Democrat,-1,609,0.6437632135306554,     Change,-0.01,0.3218816067653277,NA
general,vote,"Vote Choice, General Election",Democrat,0,283,0.29915433403805497,     Change,-0.01,0.7933403805496829,"No
change"
general,vote,"Vote Choice, General Election",Democrat,1,54,0.05708245243128964,     Change,-0.01,0.9714587737843552,"More
likely"
general,vote,"Vote Choice, General Election",Independent,-1,112,0.358974358974359,     Change,-0.01,0.1794871794871795,"Less
likely"
general,vote,"Vote Choice, General Election",Independent,0,140,0.44871794871794873,     Change,-0.01,0.5833333333333334,"No
change"
general,vote,"Vote Choice, General Election",Independent,1,60,0.19230769230769232,     Change,-0.01,0.9038461538461539,"More
likely"
primary,vote,"Vote Choice, Republican Primary",Republican,-1,131,0.14523281596452328,     Change,-0.01,0.07261640798226164,"Less
likely"
primary,vote,"Vote Choice, Republican Primary",Republican,0,380,0.4212860310421286,     Change,-0.01,0.3558758314855876,"No
change"
primary,vote,"Vote Choice, Republican Primary",Republican,1,391,0.4334811529933481,     Change,-0.01,0.7832594235033259,"More
likely"
primary,vote,"Vote Choice, Republican Primary",Democrat,-1,22,0.55,     Change,-0.01,0.275,NA
primary,vote,"Vote Choice, Republican Primary",Democrat,0,12,0.3,     Change,-0.01,0.7000000000000001,"No
change"
primary,vote,"Vote Choice, Republican Primary",Democrat,1,6,0.15,     Change,-0.01,0.925,"More
likely"
primary,vote,"Vote Choice, Republican Primary",Independent,-1,18,0.32142857142857145,     Change,-0.01,0.16071428571428573,"Less
likely"
primary,vote,"Vote Choice, Republican Primary",Independent,0,26,0.4642857142857143,     Change,-0.01,0.5535714285714286,"No
change"
primary,vote,"Vote Choice, Republican Primary",Independent,1,12,0.21428571428571427,     Change,-0.01,0.8928571428571429,"More
likely"
docs,docs,Belief Trump Mishandled Docs,Republican,-1,430,0.424901185770751,Change,-0.02,0.2124505928853755,"Less
likely"
docs,docs,Belief Trump Mishandled Docs,Republican,0,436,0.4308300395256917,Change,-0.02,0.6403162055335968,"No
change"
docs,docs,Belief Trump Mishandled Docs,Republican,1,146,0.1442687747035573,Change,-0.02,0.9278656126482213,"More
likely"
docs,docs,Belief Trump Mishandled Docs,Democrat,-1,52,0.052845528455284556,Change,-0.02,0.026422764227642278,NA
docs,docs,Belief Trump Mishandled Docs,Democrat,0,154,0.1565040650406504,Change,-0.02,0.13109756097560976,"No
change"
docs,docs,Belief Trump Mishandled Docs,Democrat,1,778,0.790650406504065,Change,-0.02,0.6046747967479675,"More
likely"
docs,docs,Belief Trump Mishandled Docs,Independent,-1,61,0.1639784946236559,Change,-0.02,0.08198924731182795,"Less
likely"
docs,docs,Belief Trump Mishandled Docs,Independent,0,155,0.4166666666666667,Change,-0.02,0.37231182795698925,"No
change"
docs,docs,Belief Trump Mishandled Docs,Independent,1,156,0.41935483870967744,Change,-0.02,0.7903225806451613,"More
likely"
general,vote,"Vote Choice, General Election",Republican,-1,21,0.18584070796460178,     Change,-0.02,0.09292035398230089,"Less
likely"
general,vote,"Vote Choice, General Election",Republican,0,52,0.46017699115044247,     Change,-0.02,0.415929203539823,"No
change"
general,vote,"Vote Choice, General Election",Republican,1,40,0.35398230088495575,     Change,-0.02,0.8230088495575221,"More
likely"
general,vote,"Vote Choice, General Election",Democrat,-1,609,0.6437632135306554,     Change,-0.02,0.3218816067653277,NA
general,vote,"Vote Choice, General Election",Democrat,0,283,0.29915433403805497,     Change,-0.02,0.7933403805496829,"No
change"
general,vote,"Vote Choice, General Election",Democrat,1,54,0.05708245243128964,     Change,-0.02,0.9714587737843552,"More
likely"
general,vote,"Vote Choice, General Election",Independent,-1,112,0.358974358974359,     Change,-0.02,0.1794871794871795,"Less
likely"
general,vote,"Vote Choice, General Election",Independent,0,140,0.44871794871794873,     Change,-0.02,0.5833333333333334,"No
change"
general,vote,"Vote Choice, General Election",Independent,1,60,0.19230769230769232,     Change,-0.02,0.9038461538461539,"More
likely"
primary,vote,"Vote Choice, Republican Primary",Republican,-1,131,0.14523281596452328,     Change,-0.02,0.07261640798226164,"Less
likely"
primary,vote,"Vote Choice, Republican Primary",Republican,0,380,0.4212860310421286,     Change,-0.02,0.3558758314855876,"No
change"
primary,vote,"Vote Choice, Republican Primary",Republican,1,391,0.4334811529933481,     Change,-0.02,0.7832594235033259,"More
likely"
primary,vote,"Vote Choice, Republican Primary",Democrat,-1,22,0.55,     Change,-0.02,0.275,NA
primary,vote,"Vote Choice, Republican Primary",Democrat,0,12,0.3,     Change,-0.02,0.7000000000000001,"No
change"
primary,vote,"Vote Choice, Republican Primary",Democrat,1,6,0.15,     Change,-0.02,0.925,"More
likely"
primary,vote,"Vote Choice, Republican Primary",Independent,-1,18,0.32142857142857145,     Change,-0.02,0.16071428571428573,"Less
likely"
primary,vote,"Vote Choice, Republican Primary",Independent,0,26,0.4642857142857143,     Change,-0.02,0.5535714285714286,"No
change"
primary,vote,"Vote Choice, Republican Primary",Independent,1,12,0.21428571428571427,     Change,-0.02,0.8928571428571429,"More
likely"
docs,docs,Belief Trump Mishandled Docs,Republican,-1,430,0.424901185770751,Change,-0.03,0.2124505928853755,"Less
likely"
docs,docs,Belief Trump Mishandled Docs,Republican,0,436,0.4308300395256917,Change,-0.03,0.6403162055335968,"No
change"
docs,docs,Belief Trump Mishandled Docs,Republican,1,146,0.1442687747035573,Change,-0.03,0.9278656126482213,"More
likely"
docs,docs,Belief Trump Mishandled Docs,Democrat,-1,52,0.052845528455284556,Change,-0.03,0.026422764227642278,NA
docs,docs,Belief Trump Mishandled Docs,Democrat,0,154,0.1565040650406504,Change,-0.03,0.13109756097560976,"No
change"
docs,docs,Belief Trump Mishandled Docs,Democrat,1,778,0.790650406504065,Change,-0.03,0.6046747967479675,"More
likely"
docs,docs,Belief Trump Mishandled Docs,Independent,-1,61,0.1639784946236559,Change,-0.03,0.08198924731182795,"Less
likely"
docs,docs,Belief Trump Mishandled Docs,Independent,0,155,0.4166666666666667,Change,-0.03,0.37231182795698925,"No
change"
docs,docs,Belief Trump Mishandled Docs,Independent,1,156,0.41935483870967744,Change,-0.03,0.7903225806451613,"More
likely"
general,vote,"Vote Choice, General Election",Republican,-1,21,0.18584070796460178,     Change,-0.03,0.09292035398230089,"Less
likely"
general,vote,"Vote Choice, General Election",Republican,0,52,0.46017699115044247,     Change,-0.03,0.415929203539823,"No
change"
general,vote,"Vote Choice, General Election",Republican,1,40,0.35398230088495575,     Change,-0.03,0.8230088495575221,"More
likely"
general,vote,"Vote Choice, General Election",Democrat,-1,609,0.6437632135306554,     Change,-0.03,0.3218816067653277,NA
general,vote,"Vote Choice, General Election",Democrat,0,283,0.29915433403805497,     Change,-0.03,0.7933403805496829,"No
change"
general,vote,"Vote Choice, General Election",Democrat,1,54,0.05708245243128964,     Change,-0.03,0.9714587737843552,"More
likely"
general,vote,"Vote Choice, General Election",Independent,-1,112,0.358974358974359,     Change,-0.03,0.1794871794871795,"Less
likely"
general,vote,"Vote Choice, General Election",Independent,0,140,0.44871794871794873,     Change,-0.03,0.5833333333333334,"No
change"
general,vote,"Vote Choice, General Election",Independent,1,60,0.19230769230769232,     Change,-0.03,0.9038461538461539,"More
likely"
primary,vote,"Vote Choice, Republican Primary",Republican,-1,131,0.14523281596452328,     Change,-0.03,0.07261640798226164,"Less
likely"
primary,vote,"Vote Choice, Republican Primary",Republican,0,380,0.4212860310421286,     Change,-0.03,0.3558758314855876,"No
change"
primary,vote,"Vote Choice, Republican Primary",Republican,1,391,0.4334811529933481,     Change,-0.03,0.7832594235033259,"More
likely"
primary,vote,"Vote Choice, Republican Primary",Democrat,-1,22,0.55,     Change,-0.03,0.275,NA
primary,vote,"Vote Choice, Republican Primary",Democrat,0,12,0.3,     Change,-0.03,0.7000000000000001,"No
change"
primary,vote,"Vote Choice, Republican Primary",Democrat,1,6,0.15,     Change,-0.03,0.925,"More
likely"
primary,vote,"Vote Choice, Republican Primary",Independent,-1,18,0.32142857142857145,     Change,-0.03,0.16071428571428573,"Less
likely"
primary,vote,"Vote Choice, Republican Primary",Independent,0,26,0.4642857142857143,     Change,-0.03,0.5535714285714286,"No
change"
primary,vote,"Vote Choice, Republican Primary",Independent,1,12,0.21428571428571427,     Change,-0.03,0.8928571428571429,"More
likely"
docs,docs,Belief Trump Mishandled Docs,Republican,-1,430,0.424901185770751,Change,-0.04,0.2124505928853755,"Less
likely"
docs,docs,Belief Trump Mishandled Docs,Republican,0,436,0.4308300395256917,Change,-0.04,0.6403162055335968,"No
change"
docs,docs,Belief Trump Mishandled Docs,Republican,1,146,0.1442687747035573,Change,-0.04,0.9278656126482213,"More
likely"
docs,docs,Belief Trump Mishandled Docs,Democrat,-1,52,0.052845528455284556,Change,-0.04,0.026422764227642278,NA
docs,docs,Belief Trump Mishandled Docs,Democrat,0,154,0.1565040650406504,Change,-0.04,0.13109756097560976,"No
change"
docs,docs,Belief Trump Mishandled Docs,Democrat,1,778,0.790650406504065,Change,-0.04,0.6046747967479675,"More
likely"
docs,docs,Belief Trump Mishandled Docs,Independent,-1,61,0.1639784946236559,Change,-0.04,0.08198924731182795,"Less
likely"
docs,docs,Belief Trump Mishandled Docs,Independent,0,155,0.4166666666666667,Change,-0.04,0.37231182795698925,"No
change"
docs,docs,Belief Trump Mishandled Docs,Independent,1,156,0.41935483870967744,Change,-0.04,0.7903225806451613,"More
likely"
general,vote,"Vote Choice, General Election",Republican,-1,21,0.18584070796460178,     Change,-0.04,0.09292035398230089,"Less
likely"
general,vote,"Vote Choice, General Election",Republican,0,52,0.46017699115044247,     Change,-0.04,0.415929203539823,"No
change"
general,vote,"Vote Choice, General Election",Republican,1,40,0.35398230088495575,     Change,-0.04,0.8230088495575221,"More
likely"
general,vote,"Vote Choice, General Election",Democrat,-1,609,0.6437632135306554,     Change,-0.04,0.3218816067653277,NA
general,vote,"Vote Choice, General Election",Democrat,0,283,0.29915433403805497,     Change,-0.04,0.7933403805496829,"No
change"
general,vote,"Vote Choice, General Election",Democrat,1,54,0.05708245243128964,     Change,-0.04,0.9714587737843552,"More
likely"
general,vote,"Vote Choice, General Election",Independent,-1,112,0.358974358974359,     Change,-0.04,0.1794871794871795,"Less
likely"
general,vote,"Vote Choice, General Election",Independent,0,140,0.44871794871794873,     Change,-0.04,0.5833333333333334,"No
change"
general,vote,"Vote Choice, General Election",Independent,1,60,0.19230769230769232,     Change,-0.04,0.9038461538461539,"More
likely"
primary,vote,"Vote Choice, Republican Primary",Republican,-1,131,0.14523281596452328,     Change,-0.04,0.07261640798226164,"Less
likely"
primary,vote,"Vote Choice, Republican Primary",Republican,0,380,0.4212860310421286,     Change,-0.04,0.3558758314855876,"No
change"
primary,vote,"Vote Choice, Republican Primary",Republican,1,391,0.4334811529933481,     Change,-0.04,0.7832594235033259,"More
likely"
primary,vote,"Vote Choice, Republican Primary",Democrat,-1,22,0.55,     Change,-0.04,0.275,NA
primary,vote,"Vote Choice, Republican Primary",Democrat,0,12,0.3,     Change,-0.04,0.7000000000000001,"No
change"
primary,vote,"Vote Choice, Republican Primary",Democrat,1,6,0.15,     Change,-0.04,0.925,"More
likely"
primary,vote,"Vote Choice, Republican Primary",Independent,-1,18,0.32142857142857145,     Change,-0.04,0.16071428571428573,"Less
likely"
primary,vote,"Vote Choice, Republican Primary",Independent,0,26,0.4642857142857143,     Change,-0.04,0.5535714285714286,"No
change"
primary,vote,"Vote Choice, Republican Primary",Independent,1,12,0.21428571428571427,     Change,-0.04,0.8928571428571429,"More
likely"
docs,docs,Belief Trump Mishandled Docs,Republican,-1,430,0.424901185770751,Change,-0.05,0.2124505928853755,"Less
likely"
docs,docs,Belief Trump Mishandled Docs,Republican,0,436,0.4308300395256917,Change,-0.05,0.6403162055335968,"No
change"
docs,docs,Belief Trump Mishandled Docs,Republican,1,146,0.1442687747035573,Change,-0.05,0.9278656126482213,"More
likely"
docs,docs,Belief Trump Mishandled Docs,Democrat,-1,52,0.052845528455284556,Change,-0.05,0.026422764227642278,NA
docs,docs,Belief Trump Mishandled Docs,Democrat,0,154,0.1565040650406504,Change,-0.05,0.13109756097560976,"No
change"
docs,docs,Belief Trump Mishandled Docs,Democrat,1,778,0.790650406504065,Change,-0.05,0.6046747967479675,"More
likely"
docs,docs,Belief Trump Mishandled Docs,Independent,-1,61,0.1639784946236559,Change,-0.05,0.08198924731182795,"Less
likely"
docs,docs,Belief Trump Mishandled Docs,Independent,0,155,0.4166666666666667,Change,-0.05,0.37231182795698925,"No
change"
docs,docs,Belief Trump Mishandled Docs,Independent,1,156,0.41935483870967744,Change,-0.05,0.7903225806451613,"More
likely"
general,vote,"Vote Choice, General Election",Republican,-1,21,0.18584070796460178,     Change,-0.05,0.09292035398230089,"Less
likely"
general,vote,"Vote Choice, General Election",Republican,0,52,0.46017699115044247,     Change,-0.05,0.415929203539823,"No
change"
general,vote,"Vote Choice, General Election",Republican,1,40,0.35398230088495575,     Change,-0.05,0.8230088495575221,"More
likely"
general,vote,"Vote Choice, General Election",Democrat,-1,609,0.6437632135306554,     Change,-0.05,0.3218816067653277,NA
general,vote,"Vote Choice, General Election",Democrat,0,283,0.29915433403805497,     Change,-0.05,0.7933403805496829,"No
change"
general,vote,"Vote Choice, General Election",Democrat,1,54,0.05708245243128964,     Change,-0.05,0.9714587737843552,"More
likely"
general,vote,"Vote Choice, General Election",Independent,-1,112,0.358974358974359,     Change,-0.05,0.1794871794871795,"Less
likely"
general,vote,"Vote Choice, General Election",Independent,0,140,0.44871794871794873,     Change,-0.05,0.5833333333333334,"No
change"
general,vote,"Vote Choice, General Election",Independent,1,60,0.19230769230769232,     Change,-0.05,0.9038461538461539,"More
likely"
primary,vote,"Vote Choice, Republican Primary",Republican,-1,131,0.14523281596452328,     Change,-0.05,0.07261640798226164,"Less
likely"
primary,vote,"Vote Choice, Republican Primary",Republican,0,380,0.4212860310421286,     Change,-0.05,0.3558758314855876,"No
change"
primary,vote,"Vote Choice, Republican Primary",Republican,1,391,0.4334811529933481,     Change,-0.05,0.7832594235033259,"More
likely"
primary,vote,"Vote Choice, Republican Primary",Democrat,-1,22,0.55,     Change,-0.05,0.275,NA
primary,vote,"Vote Choice, Republican Primary",Democrat,0,12,0.3,     Change,-0.05,0.7000000000000001,"No
change"
primary,vote,"Vote Choice, Republican Primary",Democrat,1,6,0.15,     Change,-0.05,0.925,"More
likely"
primary,vote,"Vote Choice, Republican Primary",Independent,-1,18,0.32142857142857145,     Change,-0.05,0.16071428571428573,"Less
likely"
primary,vote,"Vote Choice, Republican Primary",Independent,0,26,0.4642857142857143,     Change,-0.05,0.5535714285714286,"No
change"
primary,vote,"Vote Choice, Republican Primary",Independent,1,12,0.21428571428571427,     Change,-0.05,0.8928571428571429,"More
likely"
docs,docs,Belief Trump Mishandled Docs,Republican,-1,430,0.424901185770751,Change,-0.06,0.2124505928853755,"Less
likely"
docs,docs,Belief Trump Mishandled Docs,Republican,0,436,0.4308300395256917,Change,-0.06,0.6403162055335968,"No
change"
docs,docs,Belief Trump Mishandled Docs,Republican,1,146,0.1442687747035573,Change,-0.06,0.9278656126482213,"More
likely"
docs,docs,Belief Trump Mishandled Docs,Democrat,-1,52,0.052845528455284556,Change,-0.06,0.026422764227642278,NA
docs,docs,Belief Trump Mishandled Docs,Democrat,0,154,0.1565040650406504,Change,-0.06,0.13109756097560976,"No
change"
docs,docs,Belief Trump Mishandled Docs,Democrat,1,778,0.790650406504065,Change,-0.06,0.6046747967479675,"More
likely"
docs,docs,Belief Trump Mishandled Docs,Independent,-1,61,0.1639784946236559,Change,-0.06,0.08198924731182795,"Less
likely"
docs,docs,Belief Trump Mishandled Docs,Independent,0,155,0.4166666666666667,Change,-0.06,0.37231182795698925,"No
change"
docs,docs,Belief Trump Mishandled Docs,Independent,1,156,0.41935483870967744,Change,-0.06,0.7903225806451613,"More
likely"
general,vote,"Vote Choice, General Election",Republican,-1,21,0.18584070796460178,     Change,-0.06,0.09292035398230089,"Less
likely"
general,vote,"Vote Choice, General Election",Republican,0,52,0.46017699115044247,     Change,-0.06,0.415929203539823,"No
change"
general,vote,"Vote Choice, General Election",Republican,1,40,0.35398230088495575,     Change,-0.06,0.8230088495575221,"More
likely"
general,vote,"Vote Choice, General Election",Democrat,-1,609,0.6437632135306554,     Change,-0.06,0.3218816067653277,NA
general,vote,"Vote Choice, General Election",Democrat,0,283,0.29915433403805497,     Change,-0.06,0.7933403805496829,"No
change"
general,vote,"Vote Choice, General Election",Democrat,1,54,0.05708245243128964,     Change,-0.06,0.9714587737843552,"More
likely"
general,vote,"Vote Choice, General Election",Independent,-1,112,0.358974358974359,     Change,-0.06,0.1794871794871795,"Less
likely"
general,vote,"Vote Choice, General Election",Independent,0,140,0.44871794871794873,     Change,-0.06,0.5833333333333334,"No
change"
general,vote,"Vote Choice, General Election",Independent,1,60,0.19230769230769232,     Change,-0.06,0.9038461538461539,"More
likely"
primary,vote,"Vote Choice, Republican Primary",Republican,-1,131,0.14523281596452328,     Change,-0.06,0.07261640798226164,"Less
likely"
primary,vote,"Vote Choice, Republican Primary",Republican,0,380,0.4212860310421286,     Change,-0.06,0.3558758314855876,"No
change"
primary,vote,"Vote Choice, Republican Primary",Republican,1,391,0.4334811529933481,     Change,-0.06,0.7832594235033259,"More
likely"
primary,vote,"Vote Choice, Republican Primary",Democrat,-1,22,0.55,     Change,-0.06,0.275,NA
primary,vote,"Vote Choice, Republican Primary",Democrat,0,12,0.3,     Change,-0.06,0.7000000000000001,"No
change"
primary,vote,"Vote Choice, Republican Primary",Democrat,1,6,0.15,     Change,-0.06,0.925,"More
likely"
primary,vote,"Vote Choice, Republican Primary",Independent,-1,18,0.32142857142857145,     Change,-0.06,0.16071428571428573,"Less
likely"
primary,vote,"Vote Choice, Republican Primary",Independent,0,26,0.4642857142857143,     Change,-0.06,0.5535714285714286,"No
change"
primary,vote,"Vote Choice, Republican Primary",Independent,1,12,0.21428571428571427,     Change,-0.06,0.8928571428571429,"More
likely"
docs,docs,Belief Trump Mishandled Docs,Republican,-1,430,0.424901185770751,Change,-0.07,0.2124505928853755,"Less
likely"
docs,docs,Belief Trump Mishandled Docs,Republican,0,436,0.4308300395256917,Change,-0.07,0.6403162055335968,"No
change"
docs,docs,Belief Trump Mishandled Docs,Republican,1,146,0.1442687747035573,Change,-0.07,0.9278656126482213,"More
likely"
docs,docs,Belief Trump Mishandled Docs,Democrat,-1,52,0.052845528455284556,Change,-0.07,0.026422764227642278,NA
docs,docs,Belief Trump Mishandled Docs,Democrat,0,154,0.1565040650406504,Change,-0.07,0.13109756097560976,"No
change"
docs,docs,Belief Trump Mishandled Docs,Democrat,1,778,0.790650406504065,Change,-0.07,0.6046747967479675,"More
likely"
docs,docs,Belief Trump Mishandled Docs,Independent,-1,61,0.1639784946236559,Change,-0.07,0.08198924731182795,"Less
likely"
docs,docs,Belief Trump Mishandled Docs,Independent,0,155,0.4166666666666667,Change,-0.07,0.37231182795698925,"No
change"
docs,docs,Belief Trump Mishandled Docs,Independent,1,156,0.41935483870967744,Change,-0.07,0.7903225806451613,"More
likely"
general,vote,"Vote Choice, General Election",Republican,-1,21,0.18584070796460178,     Change,-0.07,0.09292035398230089,"Less
likely"
general,vote,"Vote Choice, General Election",Republican,0,52,0.46017699115044247,     Change,-0.07,0.415929203539823,"No
change"
general,vote,"Vote Choice, General Election",Republican,1,40,0.35398230088495575,     Change,-0.07,0.8230088495575221,"More
likely"
general,vote,"Vote Choice, General Election",Democrat,-1,609,0.6437632135306554,     Change,-0.07,0.3218816067653277,NA
general,vote,"Vote Choice, General Election",Democrat,0,283,0.29915433403805497,     Change,-0.07,0.7933403805496829,"No
change"
general,vote,"Vote Choice, General Election",Democrat,1,54,0.05708245243128964,     Change,-0.07,0.9714587737843552,"More
likely"
general,vote,"Vote Choice, General Election",Independent,-1,112,0.358974358974359,     Change,-0.07,0.1794871794871795,"Less
likely"
general,vote,"Vote Choice, General Election",Independent,0,140,0.44871794871794873,     Change,-0.07,0.5833333333333334,"No
change"
general,vote,"Vote Choice, General Election",Independent,1,60,0.19230769230769232,     Change,-0.07,0.9038461538461539,"More
likely"
primary,vote,"Vote Choice, Republican Primary",Republican,-1,131,0.14523281596452328,     Change,-0.07,0.07261640798226164,"Less
likely"
primary,vote,"Vote Choice, Republican Primary",Republican,0,380,0.4212860310421286,     Change,-0.07,0.3558758314855876,"No
change"
primary,vote,"Vote Choice, Republican Primary",Republican,1,391,0.4334811529933481,     Change,-0.07,0.7832594235033259,"More
likely"
primary,vote,"Vote Choice, Republican Primary",Democrat,-1,22,0.55,     Change,-0.07,0.275,NA
primary,vote,"Vote Choice, Republican Primary",Democrat,0,12,0.3,     Change,-0.07,0.7000000000000001,"No
change"
primary,vote,"Vote Choice, Republican Primary",Democrat,1,6,0.15,     Change,-0.07,0.925,"More
likely"
primary,vote,"Vote Choice, Republican Primary",Independent,-1,18,0.32142857142857145,     Change,-0.07,0.16071428571428573,"Less
likely"
primary,vote,"Vote Choice, Republican Primary",Independent,0,26,0.4642857142857143,     Change,-0.07,0.5535714285714286,"No
change"
primary,vote,"Vote Choice, Republican Primary",Independent,1,12,0.21428571428571427,     Change,-0.07,0.8928571428571429,"More
likely"
docs,docs,Belief Trump Mishandled Docs,Republican,-1,430,0.424901185770751,Change,-0.08,0.2124505928853755,"Less
likely"
docs,docs,Belief Trump Mishandled Docs,Republican,0,436,0.4308300395256917,Change,-0.08,0.6403162055335968,"No
change"
docs,docs,Belief Trump Mishandled Docs,Republican,1,146,0.1442687747035573,Change,-0.08,0.9278656126482213,"More
likely"
docs,docs,Belief Trump Mishandled Docs,Democrat,-1,52,0.052845528455284556,Change,-0.08,0.026422764227642278,NA
docs,docs,Belief Trump Mishandled Docs,Democrat,0,154,0.1565040650406504,Change,-0.08,0.13109756097560976,"No
change"
docs,docs,Belief Trump Mishandled Docs,Democrat,1,778,0.790650406504065,Change,-0.08,0.6046747967479675,"More
likely"
docs,docs,Belief Trump Mishandled Docs,Independent,-1,61,0.1639784946236559,Change,-0.08,0.08198924731182795,"Less
likely"
docs,docs,Belief Trump Mishandled Docs,Independent,0,155,0.4166666666666667,Change,-0.08,0.37231182795698925,"No
change"
docs,docs,Belief Trump Mishandled Docs,Independent,1,156,0.41935483870967744,Change,-0.08,0.7903225806451613,"More
likely"
general,vote,"Vote Choice, General Election",Republican,-1,21,0.18584070796460178,     Change,-0.08,0.09292035398230089,"Less
likely"
general,vote,"Vote Choice, General Election",Republican,0,52,0.46017699115044247,     Change,-0.08,0.415929203539823,"No
change"
general,vote,"Vote Choice, General Election",Republican,1,40,0.35398230088495575,     Change,-0.08,0.8230088495575221,"More
likely"
general,vote,"Vote Choice, General Election",Democrat,-1,609,0.6437632135306554,     Change,-0.08,0.3218816067653277,NA
general,vote,"Vote Choice, General Election",Democrat,0,283,0.29915433403805497,     Change,-0.08,0.7933403805496829,"No
change"
general,vote,"Vote Choice, General Election",Democrat,1,54,0.05708245243128964,     Change,-0.08,0.9714587737843552,"More
likely"
general,vote,"Vote Choice, General Election",Independent,-1,112,0.358974358974359,     Change,-0.08,0.1794871794871795,"Less
likely"
general,vote,"Vote Choice, General Election",Independent,0,140,0.44871794871794873,     Change,-0.08,0.5833333333333334,"No
change"
general,vote,"Vote Choice, General Election",Independent,1,60,0.19230769230769232,     Change,-0.08,0.9038461538461539,"More
likely"
primary,vote,"Vote Choice, Republican Primary",Republican,-1,131,0.14523281596452328,     Change,-0.08,0.07261640798226164,"Less
likely"
primary,vote,"Vote Choice, Republican Primary",Republican,0,380,0.4212860310421286,     Change,-0.08,0.3558758314855876,"No
change"
primary,vote,"Vote Choice, Republican Primary",Republican,1,391,0.4334811529933481,     Change,-0.08,0.7832594235033259,"More
likely"
primary,vote,"Vote Choice, Republican Primary",Democrat,-1,22,0.55,     Change,-0.08,0.275,NA
primary,vote,"Vote Choice, Republican Primary",Democrat,0,12,0.3,     Change,-0.08,0.7000000000000001,"No
change"
primary,vote,"Vote Choice, Republican Primary",Democrat,1,6,0.15,     Change,-0.08,0.925,"More
likely"
primary,vote,"Vote Choice, Republican Primary",Independent,-1,18,0.32142857142857145,     Change,-0.08,0.16071428571428573,"Less
likely"
primary,vote,"Vote Choice, Republican Primary",Independent,0,26,0.4642857142857143,     Change,-0.08,0.5535714285714286,"No
change"
primary,vote,"Vote Choice, Republican Primary",Independent,1,12,0.21428571428571427,     Change,-0.08,0.8928571428571429,"More
likely"
docs,docs,Belief Trump Mishandled Docs,Republican,-1,430,0.424901185770751,Change,-0.09,0.2124505928853755,"Less
likely"
docs,docs,Belief Trump Mishandled Docs,Republican,0,436,0.4308300395256917,Change,-0.09,0.6403162055335968,"No
change"
docs,docs,Belief Trump Mishandled Docs,Republican,1,146,0.1442687747035573,Change,-0.09,0.9278656126482213,"More
likely"
docs,docs,Belief Trump Mishandled Docs,Democrat,-1,52,0.052845528455284556,Change,-0.09,0.026422764227642278,NA
docs,docs,Belief Trump Mishandled Docs,Democrat,0,154,0.1565040650406504,Change,-0.09,0.13109756097560976,"No
change"
docs,docs,Belief Trump Mishandled Docs,Democrat,1,778,0.790650406504065,Change,-0.09,0.6046747967479675,"More
likely"
docs,docs,Belief Trump Mishandled Docs,Independent,-1,61,0.1639784946236559,Change,-0.09,0.08198924731182795,"Less
likely"
docs,docs,Belief Trump Mishandled Docs,Independent,0,155,0.4166666666666667,Change,-0.09,0.37231182795698925,"No
change"
docs,docs,Belief Trump Mishandled Docs,Independent,1,156,0.41935483870967744,Change,-0.09,0.7903225806451613,"More
likely"
general,vote,"Vote Choice, General Election",Republican,-1,21,0.18584070796460178,     Change,-0.09,0.09292035398230089,"Less
likely"
general,vote,"Vote Choice, General Election",Republican,0,52,0.46017699115044247,     Change,-0.09,0.415929203539823,"No
change"
general,vote,"Vote Choice, General Election",Republican,1,40,0.35398230088495575,     Change,-0.09,0.8230088495575221,"More
likely"
general,vote,"Vote Choice, General Election",Democrat,-1,609,0.6437632135306554,     Change,-0.09,0.3218816067653277,NA
general,vote,"Vote Choice, General Election",Democrat,0,283,0.29915433403805497,     Change,-0.09,0.7933403805496829,"No
change"
general,vote,"Vote Choice, General Election",Democrat,1,54,0.05708245243128964,     Change,-0.09,0.9714587737843552,"More
likely"
general,vote,"Vote Choice, General Election",Independent,-1,112,0.358974358974359,     Change,-0.09,0.1794871794871795,"Less
likely"
general,vote,"Vote Choice, General Election",Independent,0,140,0.44871794871794873,     Change,-0.09,0.5833333333333334,"No
change"
general,vote,"Vote Choice, General Election",Independent,1,60,0.19230769230769232,     Change,-0.09,0.9038461538461539,"More
likely"
primary,vote,"Vote Choice, Republican Primary",Republican,-1,131,0.14523281596452328,     Change,-0.09,0.07261640798226164,"Less
likely"
primary,vote,"Vote Choice, Republican Primary",Republican,0,380,0.4212860310421286,     Change,-0.09,0.3558758314855876,"No
change"
primary,vote,"Vote Choice, Republican Primary",Republican,1,391,0.4334811529933481,     Change,-0.09,0.7832594235033259,"More
likely"
primary,vote,"Vote Choice, Republican Primary",Democrat,-1,22,0.55,     Change,-0.09,0.275,NA
primary,vote,"Vote Choice, Republican Primary",Democrat,0,12,0.3,     Change,-0.09,0.7000000000000001,"No
change"
primary,vote,"Vote Choice, Republican Primary",Democrat,1,6,0.15,     Change,-0.09,0.925,"More
likely"
primary,vote,"Vote Choice, Republican Primary",Independent,-1,18,0.32142857142857145,     Change,-0.09,0.16071428571428573,"Less
likely"
primary,vote,"Vote Choice, Republican Primary",Independent,0,26,0.4642857142857143,     Change,-0.09,0.5535714285714286,"No
change"
primary,vote,"Vote Choice, Republican Primary",Independent,1,12,0.21428571428571427,     Change,-0.09,0.8928571428571429,"More
likely"
docs,docs,Belief Trump Mishandled Docs,Republican,-1,430,0.424901185770751,Change,-0.1,0.2124505928853755,"Less
likely"
docs,docs,Belief Trump Mishandled Docs,Republican,0,436,0.4308300395256917,Change,-0.1,0.6403162055335968,"No
change"
docs,docs,Belief Trump Mishandled Docs,Republican,1,146,0.1442687747035573,Change,-0.1,0.9278656126482213,"More
likely"
docs,docs,Belief Trump Mishandled Docs,Democrat,-1,52,0.052845528455284556,Change,-0.1,0.026422764227642278,NA
docs,docs,Belief Trump Mishandled Docs,Democrat,0,154,0.1565040650406504,Change,-0.1,0.13109756097560976,"No
change"
docs,docs,Belief Trump Mishandled Docs,Democrat,1,778,0.790650406504065,Change,-0.1,0.6046747967479675,"More
likely"
docs,docs,Belief Trump Mishandled Docs,Independent,-1,61,0.1639784946236559,Change,-0.1,0.08198924731182795,"Less
likely"
docs,docs,Belief Trump Mishandled Docs,Independent,0,155,0.4166666666666667,Change,-0.1,0.37231182795698925,"No
change"
docs,docs,Belief Trump Mishandled Docs,Independent,1,156,0.41935483870967744,Change,-0.1,0.7903225806451613,"More
likely"
general,vote,"Vote Choice, General Election",Republican,-1,21,0.18584070796460178,     Change,-0.1,0.09292035398230089,"Less
likely"
general,vote,"Vote Choice, General Election",Republican,0,52,0.46017699115044247,     Change,-0.1,0.415929203539823,"No
change"
general,vote,"Vote Choice, General Election",Republican,1,40,0.35398230088495575,     Change,-0.1,0.8230088495575221,"More
likely"
general,vote,"Vote Choice, General Election",Democrat,-1,609,0.6437632135306554,     Change,-0.1,0.3218816067653277,NA
general,vote,"Vote Choice, General Election",Democrat,0,283,0.29915433403805497,     Change,-0.1,0.7933403805496829,"No
change"
general,vote,"Vote Choice, General Election",Democrat,1,54,0.05708245243128964,     Change,-0.1,0.9714587737843552,"More
likely"
general,vote,"Vote Choice, General Election",Independent,-1,112,0.358974358974359,     Change,-0.1,0.1794871794871795,"Less
likely"
general,vote,"Vote Choice, General Election",Independent,0,140,0.44871794871794873,     Change,-0.1,0.5833333333333334,"No
change"
general,vote,"Vote Choice, General Election",Independent,1,60,0.19230769230769232,     Change,-0.1,0.9038461538461539,"More
likely"
primary,vote,"Vote Choice, Republican Primary",Republican,-1,131,0.14523281596452328,     Change,-0.1,0.07261640798226164,"Less
likely"
primary,vote,"Vote Choice, Republican Primary",Republican,0,380,0.4212860310421286,     Change,-0.1,0.3558758314855876,"No
change"
primary,vote,"Vote Choice, Republican Primary",Republican,1,391,0.4334811529933481,     Change,-0.1,0.7832594235033259,"More
likely"
primary,vote,"Vote Choice, Republican Primary",Democrat,-1,22,0.55,     Change,-0.1,0.275,NA
primary,vote,"Vote Choice, Republican Primary",Democrat,0,12,0.3,     Change,-0.1,0.7000000000000001,"No
change"
primary,vote,"Vote Choice, Republican Primary",Democrat,1,6,0.15,     Change,-0.1,0.925,"More
likely"
primary,vote,"Vote Choice, Republican Primary",Independent,-1,18,0.32142857142857145,     Change,-0.1,0.16071428571428573,"Less
likely"
primary,vote,"Vote Choice, Republican Primary",Independent,0,26,0.4642857142857143,     Change,-0.1,0.5535714285714286,"No
change"
primary,vote,"Vote Choice, Republican Primary",Independent,1,12,0.21428571428571427,     Change,-0.1,0.8928571428571429,"More
likely"
docs,docs,Belief Trump Mishandled Docs,Republican,-1,430,0.424901185770751,Change,-0.11,0.2124505928853755,"Less
likely"
docs,docs,Belief Trump Mishandled Docs,Republican,0,436,0.4308300395256917,Change,-0.11,0.6403162055335968,"No
change"
docs,docs,Belief Trump Mishandled Docs,Republican,1,146,0.1442687747035573,Change,-0.11,0.9278656126482213,"More
likely"
docs,docs,Belief Trump Mishandled Docs,Democrat,-1,52,0.052845528455284556,Change,-0.11,0.026422764227642278,NA
docs,docs,Belief Trump Mishandled Docs,Democrat,0,154,0.1565040650406504,Change,-0.11,0.13109756097560976,"No
change"
docs,docs,Belief Trump Mishandled Docs,Democrat,1,778,0.790650406504065,Change,-0.11,0.6046747967479675,"More
likely"
docs,docs,Belief Trump Mishandled Docs,Independent,-1,61,0.1639784946236559,Change,-0.11,0.08198924731182795,"Less
likely"
docs,docs,Belief Trump Mishandled Docs,Independent,0,155,0.4166666666666667,Change,-0.11,0.37231182795698925,"No
change"
docs,docs,Belief Trump Mishandled Docs,Independent,1,156,0.41935483870967744,Change,-0.11,0.7903225806451613,"More
likely"
general,vote,"Vote Choice, General Election",Republican,-1,21,0.18584070796460178,     Change,-0.11,0.09292035398230089,"Less
likely"
general,vote,"Vote Choice, General Election",Republican,0,52,0.46017699115044247,     Change,-0.11,0.415929203539823,"No
change"
general,vote,"Vote Choice, General Election",Republican,1,40,0.35398230088495575,     Change,-0.11,0.8230088495575221,"More
likely"
general,vote,"Vote Choice, General Election",Democrat,-1,609,0.6437632135306554,     Change,-0.11,0.3218816067653277,NA
general,vote,"Vote Choice, General Election",Democrat,0,283,0.29915433403805497,     Change,-0.11,0.7933403805496829,"No
change"
general,vote,"Vote Choice, General Election",Democrat,1,54,0.05708245243128964,     Change,-0.11,0.9714587737843552,"More
likely"
general,vote,"Vote Choice, General Election",Independent,-1,112,0.358974358974359,     Change,-0.11,0.1794871794871795,"Less
likely"
general,vote,"Vote Choice, General Election",Independent,0,140,0.44871794871794873,     Change,-0.11,0.5833333333333334,"No
change"
general,vote,"Vote Choice, General Election",Independent,1,60,0.19230769230769232,     Change,-0.11,0.9038461538461539,"More
likely"
primary,vote,"Vote Choice, Republican Primary",Republican,-1,131,0.14523281596452328,     Change,-0.11,0.07261640798226164,"Less
likely"
primary,vote,"Vote Choice, Republican Primary",Republican,0,380,0.4212860310421286,     Change,-0.11,0.3558758314855876,"No
change"
primary,vote,"Vote Choice, Republican Primary",Republican,1,391,0.4334811529933481,     Change,-0.11,0.7832594235033259,"More
likely"
primary,vote,"Vote Choice, Republican Primary",Democrat,-1,22,0.55,     Change,-0.11,0.275,NA
primary,vote,"Vote Choice, Republican Primary",Democrat,0,12,0.3,     Change,-0.11,0.7000000000000001,"No
change"
primary,vote,"Vote Choice, Republican Primary",Democrat,1,6,0.15,     Change,-0.11,0.925,"More
likely"
primary,vote,"Vote Choice, Republican Primary",Independent,-1,18,0.32142857142857145,     Change,-0.11,0.16071428571428573,"Less
likely"
primary,vote,"Vote Choice, Republican Primary",Independent,0,26,0.4642857142857143,     Change,-0.11,0.5535714285714286,"No
change"
primary,vote,"Vote Choice, Republican Primary",Independent,1,12,0.21428571428571427,     Change,-0.11,0.8928571428571429,"More
likely"
docs,docs,Belief Trump Mishandled Docs,Republican,-1,430,0.424901185770751,Change,-0.12,0.2124505928853755,"Less
likely"
docs,docs,Belief Trump Mishandled Docs,Republican,0,436,0.4308300395256917,Change,-0.12,0.6403162055335968,"No
change"
docs,docs,Belief Trump Mishandled Docs,Republican,1,146,0.1442687747035573,Change,-0.12,0.9278656126482213,"More
likely"
docs,docs,Belief Trump Mishandled Docs,Democrat,-1,52,0.052845528455284556,Change,-0.12,0.026422764227642278,NA
docs,docs,Belief Trump Mishandled Docs,Democrat,0,154,0.1565040650406504,Change,-0.12,0.13109756097560976,"No
change"
docs,docs,Belief Trump Mishandled Docs,Democrat,1,778,0.790650406504065,Change,-0.12,0.6046747967479675,"More
likely"
docs,docs,Belief Trump Mishandled Docs,Independent,-1,61,0.1639784946236559,Change,-0.12,0.08198924731182795,"Less
likely"
docs,docs,Belief Trump Mishandled Docs,Independent,0,155,0.4166666666666667,Change,-0.12,0.37231182795698925,"No
change"
docs,docs,Belief Trump Mishandled Docs,Independent,1,156,0.41935483870967744,Change,-0.12,0.7903225806451613,"More
likely"
general,vote,"Vote Choice, General Election",Republican,-1,21,0.18584070796460178,     Change,-0.12,0.09292035398230089,"Less
likely"
general,vote,"Vote Choice, General Election",Republican,0,52,0.46017699115044247,     Change,-0.12,0.415929203539823,"No
change"
general,vote,"Vote Choice, General Election",Republican,1,40,0.35398230088495575,     Change,-0.12,0.8230088495575221,"More
likely"
general,vote,"Vote Choice, General Election",Democrat,-1,609,0.6437632135306554,     Change,-0.12,0.3218816067653277,NA
general,vote,"Vote Choice, General Election",Democrat,0,283,0.29915433403805497,     Change,-0.12,0.7933403805496829,"No
change"
general,vote,"Vote Choice, General Election",Democrat,1,54,0.05708245243128964,     Change,-0.12,0.9714587737843552,"More
likely"
general,vote,"Vote Choice, General Election",Independent,-1,112,0.358974358974359,     Change,-0.12,0.1794871794871795,"Less
likely"
general,vote,"Vote Choice, General Election",Independent,0,140,0.44871794871794873,     Change,-0.12,0.5833333333333334,"No
change"
general,vote,"Vote Choice, General Election",Independent,1,60,0.19230769230769232,     Change,-0.12,0.9038461538461539,"More
likely"
primary,vote,"Vote Choice, Republican Primary",Republican,-1,131,0.14523281596452328,     Change,-0.12,0.07261640798226164,"Less
likely"
primary,vote,"Vote Choice, Republican Primary",Republican,0,380,0.4212860310421286,     Change,-0.12,0.3558758314855876,"No
change"
primary,vote,"Vote Choice, Republican Primary",Republican,1,391,0.4334811529933481,     Change,-0.12,0.7832594235033259,"More
likely"
primary,vote,"Vote Choice, Republican Primary",Democrat,-1,22,0.55,     Change,-0.12,0.275,NA
primary,vote,"Vote Choice, Republican Primary",Democrat,0,12,0.3,     Change,-0.12,0.7000000000000001,"No
change"
primary,vote,"Vote Choice, Republican Primary",Democrat,1,6,0.15,     Change,-0.12,0.925,"More
likely"
primary,vote,"Vote Choice, Republican Primary",Independent,-1,18,0.32142857142857145,     Change,-0.12,0.16071428571428573,"Less
likely"
primary,vote,"Vote Choice, Republican Primary",Independent,0,26,0.4642857142857143,     Change,-0.12,0.5535714285714286,"No
change"
primary,vote,"Vote Choice, Republican Primary",Independent,1,12,0.21428571428571427,     Change,-0.12,0.8928571428571429,"More
likely"
docs,docs,Belief Trump Mishandled Docs,Republican,-1,430,0.424901185770751,Change,-0.13,0.2124505928853755,"Less
likely"
docs,docs,Belief Trump Mishandled Docs,Republican,0,436,0.4308300395256917,Change,-0.13,0.6403162055335968,"No
change"
docs,docs,Belief Trump Mishandled Docs,Republican,1,146,0.1442687747035573,Change,-0.13,0.9278656126482213,"More
likely"
docs,docs,Belief Trump Mishandled Docs,Democrat,-1,52,0.052845528455284556,Change,-0.13,0.026422764227642278,NA
docs,docs,Belief Trump Mishandled Docs,Democrat,0,154,0.1565040650406504,Change,-0.13,0.13109756097560976,"No
change"
docs,docs,Belief Trump Mishandled Docs,Democrat,1,778,0.790650406504065,Change,-0.13,0.6046747967479675,"More
likely"
docs,docs,Belief Trump Mishandled Docs,Independent,-1,61,0.1639784946236559,Change,-0.13,0.08198924731182795,"Less
likely"
docs,docs,Belief Trump Mishandled Docs,Independent,0,155,0.4166666666666667,Change,-0.13,0.37231182795698925,"No
change"
docs,docs,Belief Trump Mishandled Docs,Independent,1,156,0.41935483870967744,Change,-0.13,0.7903225806451613,"More
likely"
general,vote,"Vote Choice, General Election",Republican,-1,21,0.18584070796460178,     Change,-0.13,0.09292035398230089,"Less
likely"
general,vote,"Vote Choice, General Election",Republican,0,52,0.46017699115044247,     Change,-0.13,0.415929203539823,"No
change"
general,vote,"Vote Choice, General Election",Republican,1,40,0.35398230088495575,     Change,-0.13,0.8230088495575221,"More
likely"
general,vote,"Vote Choice, General Election",Democrat,-1,609,0.6437632135306554,     Change,-0.13,0.3218816067653277,NA
general,vote,"Vote Choice, General Election",Democrat,0,283,0.29915433403805497,     Change,-0.13,0.7933403805496829,"No
change"
general,vote,"Vote Choice, General Election",Democrat,1,54,0.05708245243128964,     Change,-0.13,0.9714587737843552,"More
likely"
general,vote,"Vote Choice, General Election",Independent,-1,112,0.358974358974359,     Change,-0.13,0.1794871794871795,"Less
likely"
general,vote,"Vote Choice, General Election",Independent,0,140,0.44871794871794873,     Change,-0.13,0.5833333333333334,"No
change"
general,vote,"Vote Choice, General Election",Independent,1,60,0.19230769230769232,     Change,-0.13,0.9038461538461539,"More
likely"
primary,vote,"Vote Choice, Republican Primary",Republican,-1,131,0.14523281596452328,     Change,-0.13,0.07261640798226164,"Less
likely"
primary,vote,"Vote Choice, Republican Primary",Republican,0,380,0.4212860310421286,     Change,-0.13,0.3558758314855876,"No
change"
primary,vote,"Vote Choice, Republican Primary",Republican,1,391,0.4334811529933481,     Change,-0.13,0.7832594235033259,"More
likely"
primary,vote,"Vote Choice, Republican Primary",Democrat,-1,22,0.55,     Change,-0.13,0.275,NA
primary,vote,"Vote Choice, Republican Primary",Democrat,0,12,0.3,     Change,-0.13,0.7000000000000001,"No
change"
primary,vote,"Vote Choice, Republican Primary",Democrat,1,6,0.15,     Change,-0.13,0.925,"More
likely"
primary,vote,"Vote Choice, Republican Primary",Independent,-1,18,0.32142857142857145,     Change,-0.13,0.16071428571428573,"Less
likely"
primary,vote,"Vote Choice, Republican Primary",Independent,0,26,0.4642857142857143,     Change,-0.13,0.5535714285714286,"No
change"
primary,vote,"Vote Choice, Republican Primary",Independent,1,12,0.21428571428571427,     Change,-0.13,0.8928571428571429,"More
likely"
docs,docs,Belief Trump Mishandled Docs,Republican,-1,430,0.424901185770751,Change,-0.14,0.2124505928853755,"Less
likely"
docs,docs,Belief Trump Mishandled Docs,Republican,0,436,0.4308300395256917,Change,-0.14,0.6403162055335968,"No
change"
docs,docs,Belief Trump Mishandled Docs,Republican,1,146,0.1442687747035573,Change,-0.14,0.9278656126482213,"More
likely"
docs,docs,Belief Trump Mishandled Docs,Democrat,-1,52,0.052845528455284556,Change,-0.14,0.026422764227642278,NA
docs,docs,Belief Trump Mishandled Docs,Democrat,0,154,0.1565040650406504,Change,-0.14,0.13109756097560976,"No
change"
docs,docs,Belief Trump Mishandled Docs,Democrat,1,778,0.790650406504065,Change,-0.14,0.6046747967479675,"More
likely"
docs,docs,Belief Trump Mishandled Docs,Independent,-1,61,0.1639784946236559,Change,-0.14,0.08198924731182795,"Less
likely"
docs,docs,Belief Trump Mishandled Docs,Independent,0,155,0.4166666666666667,Change,-0.14,0.37231182795698925,"No
change"
docs,docs,Belief Trump Mishandled Docs,Independent,1,156,0.41935483870967744,Change,-0.14,0.7903225806451613,"More
likely"
general,vote,"Vote Choice, General Election",Republican,-1,21,0.18584070796460178,     Change,-0.14,0.09292035398230089,"Less
likely"
general,vote,"Vote Choice, General Election",Republican,0,52,0.46017699115044247,     Change,-0.14,0.415929203539823,"No
change"
general,vote,"Vote Choice, General Election",Republican,1,40,0.35398230088495575,     Change,-0.14,0.8230088495575221,"More
likely"
general,vote,"Vote Choice, General Election",Democrat,-1,609,0.6437632135306554,     Change,-0.14,0.3218816067653277,NA
general,vote,"Vote Choice, General Election",Democrat,0,283,0.29915433403805497,     Change,-0.14,0.7933403805496829,"No
change"
general,vote,"Vote Choice, General Election",Democrat,1,54,0.05708245243128964,     Change,-0.14,0.9714587737843552,"More
likely"
general,vote,"Vote Choice, General Election",Independent,-1,112,0.358974358974359,     Change,-0.14,0.1794871794871795,"Less
likely"
general,vote,"Vote Choice, General Election",Independent,0,140,0.44871794871794873,     Change,-0.14,0.5833333333333334,"No
change"
general,vote,"Vote Choice, General Election",Independent,1,60,0.19230769230769232,     Change,-0.14,0.9038461538461539,"More
likely"
primary,vote,"Vote Choice, Republican Primary",Republican,-1,131,0.14523281596452328,     Change,-0.14,0.07261640798226164,"Less
likely"
primary,vote,"Vote Choice, Republican Primary",Republican,0,380,0.4212860310421286,     Change,-0.14,0.3558758314855876,"No
change"
primary,vote,"Vote Choice, Republican Primary",Republican,1,391,0.4334811529933481,     Change,-0.14,0.7832594235033259,"More
likely"
primary,vote,"Vote Choice, Republican Primary",Democrat,-1,22,0.55,     Change,-0.14,0.275,NA
primary,vote,"Vote Choice, Republican Primary",Democrat,0,12,0.3,     Change,-0.14,0.7000000000000001,"No
change"
primary,vote,"Vote Choice, Republican Primary",Democrat,1,6,0.15,     Change,-0.14,0.925,"More
likely"
primary,vote,"Vote Choice, Republican Primary",Independent,-1,18,0.32142857142857145,     Change,-0.14,0.16071428571428573,"Less
likely"
primary,vote,"Vote Choice, Republican Primary",Independent,0,26,0.4642857142857143,     Change,-0.14,0.5535714285714286,"No
change"
primary,vote,"Vote Choice, Republican Primary",Independent,1,12,0.21428571428571427,     Change,-0.14,0.8928571428571429,"More
likely"
docs,docs,Belief Trump Mishandled Docs,Republican,-1,430,0.424901185770751,Change,-0.15,0.2124505928853755,"Less
likely"
docs,docs,Belief Trump Mishandled Docs,Republican,0,436,0.4308300395256917,Change,-0.15,0.6403162055335968,"No
change"
docs,docs,Belief Trump Mishandled Docs,Republican,1,146,0.1442687747035573,Change,-0.15,0.9278656126482213,"More
likely"
docs,docs,Belief Trump Mishandled Docs,Democrat,-1,52,0.052845528455284556,Change,-0.15,0.026422764227642278,NA
docs,docs,Belief Trump Mishandled Docs,Democrat,0,154,0.1565040650406504,Change,-0.15,0.13109756097560976,"No
change"
docs,docs,Belief Trump Mishandled Docs,Democrat,1,778,0.790650406504065,Change,-0.15,0.6046747967479675,"More
likely"
docs,docs,Belief Trump Mishandled Docs,Independent,-1,61,0.1639784946236559,Change,-0.15,0.08198924731182795,"Less
likely"
docs,docs,Belief Trump Mishandled Docs,Independent,0,155,0.4166666666666667,Change,-0.15,0.37231182795698925,"No
change"
docs,docs,Belief Trump Mishandled Docs,Independent,1,156,0.41935483870967744,Change,-0.15,0.7903225806451613,"More
likely"
general,vote,"Vote Choice, General Election",Republican,-1,21,0.18584070796460178,     Change,-0.15,0.09292035398230089,"Less
likely"
general,vote,"Vote Choice, General Election",Republican,0,52,0.46017699115044247,     Change,-0.15,0.415929203539823,"No
change"
general,vote,"Vote Choice, General Election",Republican,1,40,0.35398230088495575,     Change,-0.15,0.8230088495575221,"More
likely"
general,vote,"Vote Choice, General Election",Democrat,-1,609,0.6437632135306554,     Change,-0.15,0.3218816067653277,NA
general,vote,"Vote Choice, General Election",Democrat,0,283,0.29915433403805497,     Change,-0.15,0.7933403805496829,"No
change"
general,vote,"Vote Choice, General Election",Democrat,1,54,0.05708245243128964,     Change,-0.15,0.9714587737843552,"More
likely"
general,vote,"Vote Choice, General Election",Independent,-1,112,0.358974358974359,     Change,-0.15,0.1794871794871795,"Less
likely"
general,vote,"Vote Choice, General Election",Independent,0,140,0.44871794871794873,     Change,-0.15,0.5833333333333334,"No
change"
general,vote,"Vote Choice, General Election",Independent,1,60,0.19230769230769232,     Change,-0.15,0.9038461538461539,"More
likely"
primary,vote,"Vote Choice, Republican Primary",Republican,-1,131,0.14523281596452328,     Change,-0.15,0.07261640798226164,"Less
likely"
primary,vote,"Vote Choice, Republican Primary",Republican,0,380,0.4212860310421286,     Change,-0.15,0.3558758314855876,"No
change"
primary,vote,"Vote Choice, Republican Primary",Republican,1,391,0.4334811529933481,     Change,-0.15,0.7832594235033259,"More
likely"
primary,vote,"Vote Choice, Republican Primary",Democrat,-1,22,0.55,     Change,-0.15,0.275,NA
primary,vote,"Vote Choice, Republican Primary",Democrat,0,12,0.3,     Change,-0.15,0.7000000000000001,"No
change"
primary,vote,"Vote Choice, Republican Primary",Democrat,1,6,0.15,     Change,-0.15,0.925,"More
likely"
primary,vote,"Vote Choice, Republican Primary",Independent,-1,18,0.32142857142857145,     Change,-0.15,0.16071428571428573,"Less
likely"
primary,vote,"Vote Choice, Republican Primary",Independent,0,26,0.4642857142857143,     Change,-0.15,0.5535714285714286,"No
change"
primary,vote,"Vote Choice, Republican Primary",Independent,1,12,0.21428571428571427,     Change,-0.15,0.8928571428571429,"More
likely"
docs,docs,Belief Trump Mishandled Docs,Republican,-1,430,0.424901185770751,Change,-0.16,0.2124505928853755,"Less
likely"
docs,docs,Belief Trump Mishandled Docs,Republican,0,436,0.4308300395256917,Change,-0.16,0.6403162055335968,"No
change"
docs,docs,Belief Trump Mishandled Docs,Republican,1,146,0.1442687747035573,Change,-0.16,0.9278656126482213,"More
likely"
docs,docs,Belief Trump Mishandled Docs,Democrat,-1,52,0.052845528455284556,Change,-0.16,0.026422764227642278,NA
docs,docs,Belief Trump Mishandled Docs,Democrat,0,154,0.1565040650406504,Change,-0.16,0.13109756097560976,"No
change"
docs,docs,Belief Trump Mishandled Docs,Democrat,1,778,0.790650406504065,Change,-0.16,0.6046747967479675,"More
likely"
docs,docs,Belief Trump Mishandled Docs,Independent,-1,61,0.1639784946236559,Change,-0.16,0.08198924731182795,"Less
likely"
docs,docs,Belief Trump Mishandled Docs,Independent,0,155,0.4166666666666667,Change,-0.16,0.37231182795698925,"No
change"
docs,docs,Belief Trump Mishandled Docs,Independent,1,156,0.41935483870967744,Change,-0.16,0.7903225806451613,"More
likely"
general,vote,"Vote Choice, General Election",Republican,-1,21,0.18584070796460178,     Change,-0.16,0.09292035398230089,"Less
likely"
general,vote,"Vote Choice, General Election",Republican,0,52,0.46017699115044247,     Change,-0.16,0.415929203539823,"No
change"
general,vote,"Vote Choice, General Election",Republican,1,40,0.35398230088495575,     Change,-0.16,0.8230088495575221,"More
likely"
general,vote,"Vote Choice, General Election",Democrat,-1,609,0.6437632135306554,     Change,-0.16,0.3218816067653277,NA
general,vote,"Vote Choice, General Election",Democrat,0,283,0.29915433403805497,     Change,-0.16,0.7933403805496829,"No
change"
general,vote,"Vote Choice, General Election",Democrat,1,54,0.05708245243128964,     Change,-0.16,0.9714587737843552,"More
likely"
general,vote,"Vote Choice, General Election",Independent,-1,112,0.358974358974359,     Change,-0.16,0.1794871794871795,"Less
likely"
general,vote,"Vote Choice, General Election",Independent,0,140,0.44871794871794873,     Change,-0.16,0.5833333333333334,"No
change"
general,vote,"Vote Choice, General Election",Independent,1,60,0.19230769230769232,     Change,-0.16,0.9038461538461539,"More
likely"
primary,vote,"Vote Choice, Republican Primary",Republican,-1,131,0.14523281596452328,     Change,-0.16,0.07261640798226164,"Less
likely"
primary,vote,"Vote Choice, Republican Primary",Republican,0,380,0.4212860310421286,     Change,-0.16,0.3558758314855876,"No
change"
primary,vote,"Vote Choice, Republican Primary",Republican,1,391,0.4334811529933481,     Change,-0.16,0.7832594235033259,"More
likely"
primary,vote,"Vote Choice, Republican Primary",Democrat,-1,22,0.55,     Change,-0.16,0.275,NA
primary,vote,"Vote Choice, Republican Primary",Democrat,0,12,0.3,     Change,-0.16,0.7000000000000001,"No
change"
primary,vote,"Vote Choice, Republican Primary",Democrat,1,6,0.15,     Change,-0.16,0.925,"More
likely"
primary,vote,"Vote Choice, Republican Primary",Independent,-1,18,0.32142857142857145,     Change,-0.16,0.16071428571428573,"Less
likely"
primary,vote,"Vote Choice, Republican Primary",Independent,0,26,0.4642857142857143,     Change,-0.16,0.5535714285714286,"No
change"
primary,vote,"Vote Choice, Republican Primary",Independent,1,12,0.21428571428571427,     Change,-0.16,0.8928571428571429,"More
likely"
docs,docs,Belief Trump Mishandled Docs,Republican,-1,137,0.14923747276688454,Counterfactual,0,0.07461873638344227,"Less
likely"
docs,docs,Belief Trump Mishandled Docs,Republican,0,487,0.5305010893246187,Counterfactual,0,0.41448801742919394,"No
change"
docs,docs,Belief Trump Mishandled Docs,Republican,1,294,0.3202614379084967,Counterfactual,0,0.8398692810457516,"More
likely"
docs,docs,Belief Trump Mishandled Docs,Democrat,-1,115,0.12392241379310345,Counterfactual,0,0.061961206896551727,NA
docs,docs,Belief Trump Mishandled Docs,Democrat,0,490,0.5280172413793104,Counterfactual,0,0.3879310344827586,"No
change"
docs,docs,Belief Trump Mishandled Docs,Democrat,1,323,0.3480603448275862,Counterfactual,0,0.8259698275862069,"More
likely"
docs,docs,Belief Trump Mishandled Docs,Independent,-1,60,0.16997167138810199,Counterfactual,0,0.08498583569405099,"Less
likely"
docs,docs,Belief Trump Mishandled Docs,Independent,0,179,0.5070821529745042,Counterfactual,0,0.4235127478753541,"No
change"
docs,docs,Belief Trump Mishandled Docs,Independent,1,114,0.32294617563739375,Counterfactual,0,0.8385269121813032,"More
likely"
general,vote,"Vote Choice, General Election",Republican,-1,18,0.18,Counterfactual,0,0.09,"Less
likely"
general,vote,"Vote Choice, General Election",Republican,0,59,0.59,Counterfactual,0,0.47500000000000003,"No
change"
general,vote,"Vote Choice, General Election",Republican,1,23,0.23,Counterfactual,0,0.885,"More
likely"
general,vote,"Vote Choice, General Election",Democrat,-1,105,0.13190954773869346,Counterfactual,0,0.06595477386934673,NA
general,vote,"Vote Choice, General Election",Democrat,0,609,0.7650753768844221,Counterfactual,0,0.5144472361809045,"No
change"
general,vote,"Vote Choice, General Election",Democrat,1,82,0.10301507537688442,Counterfactual,0,0.9484924623115578,"More
likely"
general,vote,"Vote Choice, General Election",Independent,-1,45,0.17045454545454544,Counterfactual,0,0.08522727272727272,"Less
likely"
general,vote,"Vote Choice, General Election",Independent,0,165,0.625,Counterfactual,0,0.4829545454545454,"No
change"
general,vote,"Vote Choice, General Election",Independent,1,54,0.20454545454545456,Counterfactual,0,0.8977272727272727,"More
likely"
primary,vote,"Vote Choice, Republican Primary",Republican,-1,160,0.18604651162790697,Counterfactual,0,0.09302325581395349,"Less
likely"
primary,vote,"Vote Choice, Republican Primary",Republican,0,596,0.6930232558139535,Counterfactual,0,0.5325581395348837,"No
change"
primary,vote,"Vote Choice, Republican Primary",Republican,1,104,0.12093023255813953,Counterfactual,0,0.9395348837209302,"More
likely"
primary,vote,"Vote Choice, Republican Primary",Democrat,-1,4,0.09302325581395349,Counterfactual,0,0.046511627906976744,NA
primary,vote,"Vote Choice, Republican Primary",Democrat,0,32,0.7441860465116279,Counterfactual,0,0.4651162790697674,"No
change"
primary,vote,"Vote Choice, Republican Primary",Democrat,1,7,0.16279069767441862,Counterfactual,0,0.9186046511627907,"More
likely"
primary,vote,"Vote Choice, Republican Primary",Independent,-1,9,0.15,Counterfactual,0,0.075,"Less
likely"
primary,vote,"Vote Choice, Republican Primary",Independent,0,46,0.7666666666666667,Counterfactual,0,0.5333333333333334,"No
change"
primary,vote,"Vote Choice, Republican Primary",Independent,1,5,0.08333333333333333,Counterfactual,0,0.9583333333333334,"More
likely"
docs,docs,Belief Trump Mishandled Docs,Republican,-1,133,0.144880174291939,Counterfactual,0.01,0.0724400871459695,"Less
likely"
docs,docs,Belief Trump Mishandled Docs,Republican,0,498,0.5424836601307189,Counterfactual,0.01,0.41612200435729846,"No
change"
docs,docs,Belief Trump Mishandled Docs,Republican,1,287,0.31263616557734203,Counterfactual,0.01,0.843681917211329,"More
likely"
docs,docs,Belief Trump Mishandled Docs,Democrat,-1,114,0.12284482758620689,Counterfactual,0.01,0.061422413793103446,NA
docs,docs,Belief Trump Mishandled Docs,Democrat,0,491,0.5290948275862069,Counterfactual,0.01,0.3873922413793103,"No
change"
docs,docs,Belief Trump Mishandled Docs,Democrat,1,323,0.3480603448275862,Counterfactual,0.01,0.8259698275862069,"More
likely"
docs,docs,Belief Trump Mishandled Docs,Independent,-1,60,0.16997167138810199,Counterfactual,0.01,0.08498583569405099,"Less
likely"
docs,docs,Belief Trump Mishandled Docs,Independent,0,183,0.5184135977337111,Counterfactual,0.01,0.42917847025495753,"No
change"
docs,docs,Belief Trump Mishandled Docs,Independent,1,110,0.311614730878187,Counterfactual,0.01,0.8441926345609065,"More
likely"
general,vote,"Vote Choice, General Election",Republican,-1,18,0.18,Counterfactual,0.01,0.09,"Less
likely"
general,vote,"Vote Choice, General Election",Republican,0,59,0.59,Counterfactual,0.01,0.47500000000000003,"No
change"
general,vote,"Vote Choice, General Election",Republican,1,23,0.23,Counterfactual,0.01,0.885,"More
likely"
general,vote,"Vote Choice, General Election",Democrat,-1,101,0.12688442211055276,Counterfactual,0.01,0.06344221105527638,NA
general,vote,"Vote Choice, General Election",Democrat,0,614,0.7713567839195979,Counterfactual,0.01,0.5125628140703518,"No
change"
general,vote,"Vote Choice, General Election",Democrat,1,81,0.10175879396984924,Counterfactual,0.01,0.9491206030150753,"More
likely"
general,vote,"Vote Choice, General Election",Independent,-1,43,0.16287878787878787,Counterfactual,0.01,0.08143939393939394,"Less
likely"
general,vote,"Vote Choice, General Election",Independent,0,169,0.6401515151515151,Counterfactual,0.01,0.4829545454545454,"No
change"
general,vote,"Vote Choice, General Election",Independent,1,52,0.19696969696969696,Counterfactual,0.01,0.9015151515151515,"More
likely"
primary,vote,"Vote Choice, Republican Primary",Republican,-1,157,0.18255813953488373,Counterfactual,0.01,0.09127906976744186,"Less
likely"
primary,vote,"Vote Choice, Republican Primary",Republican,0,603,0.7011627906976744,Counterfactual,0.01,0.5331395348837209,"No
change"
primary,vote,"Vote Choice, Republican Primary",Republican,1,100,0.11627906976744186,Counterfactual,0.01,0.9418604651162791,"More
likely"
primary,vote,"Vote Choice, Republican Primary",Democrat,-1,4,0.09302325581395349,Counterfactual,0.01,0.046511627906976744,NA
primary,vote,"Vote Choice, Republican Primary",Democrat,0,32,0.7441860465116279,Counterfactual,0.01,0.4651162790697674,"No
change"
primary,vote,"Vote Choice, Republican Primary",Democrat,1,7,0.16279069767441862,Counterfactual,0.01,0.9186046511627907,"More
likely"
primary,vote,"Vote Choice, Republican Primary",Independent,-1,9,0.15,Counterfactual,0.01,0.075,"Less
likely"
primary,vote,"Vote Choice, Republican Primary",Independent,0,46,0.7666666666666667,Counterfactual,0.01,0.5333333333333334,"No
change"
primary,vote,"Vote Choice, Republican Primary",Independent,1,5,0.08333333333333333,Counterfactual,0.01,0.9583333333333334,"More
likely"
docs,docs,Belief Trump Mishandled Docs,Republican,-1,101,0.11002178649237472,Counterfactual,0.02,0.05501089324618736,"Less
likely"
docs,docs,Belief Trump Mishandled Docs,Republican,0,579,0.630718954248366,Counterfactual,0.02,0.4253812636165577,"No
change"
docs,docs,Belief Trump Mishandled Docs,Republican,1,238,0.25925925925925924,Counterfactual,0.02,0.8703703703703703,"More
likely"
docs,docs,Belief Trump Mishandled Docs,Democrat,-1,76,0.08189655172413793,Counterfactual,0.02,0.040948275862068964,NA
docs,docs,Belief Trump Mishandled Docs,Democrat,0,578,0.6228448275862069,Counterfactual,0.02,0.3933189655172413,"No
change"
docs,docs,Belief Trump Mishandled Docs,Democrat,1,274,0.2952586206896552,Counterfactual,0.02,0.8523706896551724,"More
likely"
docs,docs,Belief Trump Mishandled Docs,Independent,-1,46,0.13031161473087818,Counterfactual,0.02,0.06515580736543909,"Less
likely"
docs,docs,Belief Trump Mishandled Docs,Independent,0,212,0.6005665722379604,Counterfactual,0.02,0.43059490084985835,"No
change"
docs,docs,Belief Trump Mishandled Docs,Independent,1,95,0.26912181303116145,Counterfactual,0.02,0.8654390934844193,"More
likely"
general,vote,"Vote Choice, General Election",Republican,-1,17,0.17,Counterfactual,0.02,0.085,"Less
likely"
general,vote,"Vote Choice, General Election",Republican,0,65,0.65,Counterfactual,0.02,0.49500000000000005,"No
change"
general,vote,"Vote Choice, General Election",Republican,1,18,0.18,Counterfactual,0.02,0.91,"More
likely"
general,vote,"Vote Choice, General Election",Democrat,-1,63,0.07914572864321608,Counterfactual,0.02,0.03957286432160804,NA
general,vote,"Vote Choice, General Election",Democrat,0,690,0.8668341708542714,Counterfactual,0.02,0.5125628140703518,"No
change"
general,vote,"Vote Choice, General Election",Democrat,1,43,0.05402010050251256,Counterfactual,0.02,0.9729899497487438,"More
likely"
general,vote,"Vote Choice, General Election",Independent,-1,30,0.11363636363636363,Counterfactual,0.02,0.056818181818181816,"Less
likely"
general,vote,"Vote Choice, General Election",Independent,0,196,0.7424242424242424,Counterfactual,0.02,0.48484848484848486,"No
change"
general,vote,"Vote Choice, General Election",Independent,1,38,0.14393939393939395,Counterfactual,0.02,0.928030303030303,"More
likely"
primary,vote,"Vote Choice, Republican Primary",Republican,-1,111,0.12906976744186047,Counterfactual,0.02,0.06453488372093023,"Less
likely"
primary,vote,"Vote Choice, Republican Primary",Republican,0,674,0.7837209302325582,Counterfactual,0.02,0.5209302325581395,"No
change"
primary,vote,"Vote Choice, Republican Primary",Republican,1,75,0.0872093023255814,Counterfactual,0.02,0.9563953488372093,"More
likely"
primary,vote,"Vote Choice, Republican Primary",Democrat,-1,3,0.06976744186046512,Counterfactual,0.02,0.03488372093023256,NA
primary,vote,"Vote Choice, Republican Primary",Democrat,0,35,0.813953488372093,Counterfactual,0.02,0.47674418604651164,"No
change"
primary,vote,"Vote Choice, Republican Primary",Democrat,1,5,0.11627906976744186,Counterfactual,0.02,0.9418604651162791,"More
likely"
primary,vote,"Vote Choice, Republican Primary",Independent,-1,6,0.1,Counterfactual,0.02,0.05,"Less
likely"
primary,vote,"Vote Choice, Republican Primary",Independent,0,49,0.8166666666666667,Counterfactual,0.02,0.5083333333333333,"No
change"
primary,vote,"Vote Choice, Republican Primary",Independent,1,5,0.08333333333333333,Counterfactual,0.02,0.9583333333333334,"More
likely"
docs,docs,Belief Trump Mishandled Docs,Republican,-1,89,0.09694989106753812,Counterfactual,0.03,0.04847494553376906,"Less
likely"
docs,docs,Belief Trump Mishandled Docs,Republican,0,614,0.6688453159041394,Counterfactual,0.03,0.43137254901960786,"No
change"
docs,docs,Belief Trump Mishandled Docs,Republican,1,215,0.23420479302832245,Counterfactual,0.03,0.8828976034858388,"More
likely"
docs,docs,Belief Trump Mishandled Docs,Democrat,-1,64,0.06896551724137931,Counterfactual,0.03,0.034482758620689655,NA
docs,docs,Belief Trump Mishandled Docs,Democrat,0,613,0.6605603448275862,Counterfactual,0.03,0.39924568965517243,"No
change"
docs,docs,Belief Trump Mishandled Docs,Democrat,1,251,0.2704741379310345,Counterfactual,0.03,0.8647629310344828,"More
likely"
docs,docs,Belief Trump Mishandled Docs,Independent,-1,40,0.11331444759206799,Counterfactual,0.03,0.056657223796033995,"Less
likely"
docs,docs,Belief Trump Mishandled Docs,Independent,0,225,0.6373937677053825,Counterfactual,0.03,0.43201133144475923,"No
change"
docs,docs,Belief Trump Mishandled Docs,Independent,1,88,0.24929178470254956,Counterfactual,0.03,0.8753541076487252,"More
likely"
general,vote,"Vote Choice, General Election",Republican,-1,13,0.13,Counterfactual,0.03,0.065,"Less
likely"
general,vote,"Vote Choice, General Election",Republican,0,71,0.71,Counterfactual,0.03,0.485,"No
change"
general,vote,"Vote Choice, General Election",Republican,1,16,0.16,Counterfactual,0.03,0.92,"More
likely"
general,vote,"Vote Choice, General Election",Democrat,-1,48,0.06030150753768844,Counterfactual,0.03,0.03015075376884422,NA
general,vote,"Vote Choice, General Election",Democrat,0,719,0.9032663316582915,Counterfactual,0.03,0.5119346733668342,"No
change"
general,vote,"Vote Choice, General Election",Democrat,1,29,0.0364321608040201,Counterfactual,0.03,0.9817839195979899,"More
likely"
general,vote,"Vote Choice, General Election",Independent,-1,24,0.09090909090909091,Counterfactual,0.03,0.045454545454545456,"Less
likely"
general,vote,"Vote Choice, General Election",Independent,0,204,0.7727272727272727,Counterfactual,0.03,0.4772727272727273,"No
change"
general,vote,"Vote Choice, General Election",Independent,1,36,0.13636363636363635,Counterfactual,0.03,0.9318181818181819,"More
likely"
primary,vote,"Vote Choice, Republican Primary",Republican,-1,97,0.1127906976744186,Counterfactual,0.03,0.0563953488372093,"Less
likely"
primary,vote,"Vote Choice, Republican Primary",Republican,0,704,0.8186046511627907,Counterfactual,0.03,0.522093023255814,"No
change"
primary,vote,"Vote Choice, Republican Primary",Republican,1,59,0.0686046511627907,Counterfactual,0.03,0.9656976744186047,"More
likely"
primary,vote,"Vote Choice, Republican Primary",Democrat,-1,3,0.06976744186046512,Counterfactual,0.03,0.03488372093023256,NA
primary,vote,"Vote Choice, Republican Primary",Democrat,0,37,0.8604651162790697,Counterfactual,0.03,0.5,"No
change"
primary,vote,"Vote Choice, Republican Primary",Democrat,1,3,0.06976744186046512,Counterfactual,0.03,0.9651162790697675,"More
likely"
primary,vote,"Vote Choice, Republican Primary",Independent,-1,5,0.08333333333333333,Counterfactual,0.03,0.041666666666666664,"Less
likely"
primary,vote,"Vote Choice, Republican Primary",Independent,0,50,0.8333333333333334,Counterfactual,0.03,0.5,"No
change"
primary,vote,"Vote Choice, Republican Primary",Independent,1,5,0.08333333333333333,Counterfactual,0.03,0.9583333333333334,"More
likely"
docs,docs,Belief Trump Mishandled Docs,Republican,-1,79,0.0860566448801743,Counterfactual,0.04,0.04302832244008715,"Less
likely"
docs,docs,Belief Trump Mishandled Docs,Republican,0,640,0.6971677559912854,Counterfactual,0.04,0.434640522875817,"No
change"
docs,docs,Belief Trump Mishandled Docs,Republican,1,199,0.2167755991285403,Counterfactual,0.04,0.8916122004357299,"More
likely"
docs,docs,Belief Trump Mishandled Docs,Democrat,-1,51,0.05495689655172414,Counterfactual,0.04,0.02747844827586207,NA
docs,docs,Belief Trump Mishandled Docs,Democrat,0,635,0.6842672413793104,Counterfactual,0.04,0.3970905172413793,"No
change"
docs,docs,Belief Trump Mishandled Docs,Democrat,1,242,0.2607758620689655,Counterfactual,0.04,0.8696120689655172,"More
likely"
docs,docs,Belief Trump Mishandled Docs,Independent,-1,35,0.09915014164305949,Counterfactual,0.04,0.049575070821529746,"Less
likely"
docs,docs,Belief Trump Mishandled Docs,Independent,0,242,0.6855524079320113,Counterfactual,0.04,0.44192634560906513,"No
change"
docs,docs,Belief Trump Mishandled Docs,Independent,1,76,0.21529745042492918,Counterfactual,0.04,0.8923512747875354,"More
likely"
general,vote,"Vote Choice, General Election",Republican,-1,13,0.13,Counterfactual,0.04,0.065,"Less
likely"
general,vote,"Vote Choice, General Election",Republican,0,71,0.71,Counterfactual,0.04,0.485,"No
change"
general,vote,"Vote Choice, General Election",Republican,1,16,0.16,Counterfactual,0.04,0.92,"More
likely"
general,vote,"Vote Choice, General Election",Democrat,-1,35,0.04396984924623116,Counterfactual,0.04,0.02198492462311558,NA
general,vote,"Vote Choice, General Election",Democrat,0,734,0.9221105527638191,Counterfactual,0.04,0.5050251256281407,"No
change"
general,vote,"Vote Choice, General Election",Democrat,1,27,0.03391959798994975,Counterfactual,0.04,0.9830402010050251,"More
likely"
general,vote,"Vote Choice, General Election",Independent,-1,24,0.09090909090909091,Counterfactual,0.04,0.045454545454545456,"Less
likely"
general,vote,"Vote Choice, General Election",Independent,0,212,0.803030303030303,Counterfactual,0.04,0.49242424242424243,"No
change"
general,vote,"Vote Choice, General Election",Independent,1,28,0.10606060606060606,Counterfactual,0.04,0.946969696969697,"More
likely"
primary,vote,"Vote Choice, Republican Primary",Republican,-1,84,0.09767441860465116,Counterfactual,0.04,0.04883720930232558,"Less
likely"
primary,vote,"Vote Choice, Republican Primary",Republican,0,730,0.8488372093023255,Counterfactual,0.04,0.522093023255814,"No
change"
primary,vote,"Vote Choice, Republican Primary",Republican,1,46,0.053488372093023255,Counterfactual,0.04,0.9732558139534884,"More
likely"
primary,vote,"Vote Choice, Republican Primary",Democrat,-1,2,0.046511627906976744,Counterfactual,0.04,0.023255813953488372,NA
primary,vote,"Vote Choice, Republican Primary",Democrat,0,38,0.8837209302325582,Counterfactual,0.04,0.4883720930232558,"No
change"
primary,vote,"Vote Choice, Republican Primary",Democrat,1,3,0.06976744186046512,Counterfactual,0.04,0.9651162790697675,"More
likely"
primary,vote,"Vote Choice, Republican Primary",Independent,-1,4,0.06666666666666667,Counterfactual,0.04,0.03333333333333333,"Less
likely"
primary,vote,"Vote Choice, Republican Primary",Independent,0,53,0.8833333333333333,Counterfactual,0.04,0.5083333333333333,"No
change"
primary,vote,"Vote Choice, Republican Primary",Independent,1,3,0.05,Counterfactual,0.04,0.975,"More
likely"
docs,docs,Belief Trump Mishandled Docs,Republican,-1,67,0.07298474945533769,Counterfactual,0.05,0.03649237472766884,"Less
likely"
docs,docs,Belief Trump Mishandled Docs,Republican,0,666,0.7254901960784313,Counterfactual,0.05,0.4357298474945534,"No
change"
docs,docs,Belief Trump Mishandled Docs,Republican,1,185,0.20152505446623092,Counterfactual,0.05,0.8992374727668846,"More
likely"
docs,docs,Belief Trump Mishandled Docs,Democrat,-1,44,0.047413793103448273,Counterfactual,0.05,0.023706896551724137,NA
docs,docs,Belief Trump Mishandled Docs,Democrat,0,653,0.7036637931034483,Counterfactual,0.05,0.39924568965517243,"No
change"
docs,docs,Belief Trump Mishandled Docs,Democrat,1,231,0.24892241379310345,Counterfactual,0.05,0.8755387931034483,"More
likely"
docs,docs,Belief Trump Mishandled Docs,Independent,-1,31,0.08781869688385269,Counterfactual,0.05,0.043909348441926344,"Less
likely"
docs,docs,Belief Trump Mishandled Docs,Independent,0,248,0.7025495750708215,Counterfactual,0.05,0.43909348441926344,"No
change"
docs,docs,Belief Trump Mishandled Docs,Independent,1,74,0.2096317280453258,Counterfactual,0.05,0.8951841359773371,"More
likely"
general,vote,"Vote Choice, General Election",Republican,-1,11,0.11,Counterfactual,0.05,0.055,"Less
likely"
general,vote,"Vote Choice, General Election",Republican,0,74,0.74,Counterfactual,0.05,0.48,"No
change"
general,vote,"Vote Choice, General Election",Republican,1,15,0.15,Counterfactual,0.05,0.925,"More
likely"
general,vote,"Vote Choice, General Election",Democrat,-1,32,0.04020100502512563,Counterfactual,0.05,0.020100502512562814,NA
general,vote,"Vote Choice, General Election",Democrat,0,742,0.9321608040201005,Counterfactual,0.05,0.5062814070351758,"No
change"
general,vote,"Vote Choice, General Election",Democrat,1,22,0.02763819095477387,Counterfactual,0.05,0.986180904522613,"More
likely"
general,vote,"Vote Choice, General Election",Independent,-1,21,0.07954545454545454,Counterfactual,0.05,0.03977272727272727,"Less
likely"
general,vote,"Vote Choice, General Election",Independent,0,219,0.8295454545454546,Counterfactual,0.05,0.4943181818181819,"No
change"
general,vote,"Vote Choice, General Election",Independent,1,24,0.09090909090909091,Counterfactual,0.05,0.9545454545454546,"More
likely"
primary,vote,"Vote Choice, Republican Primary",Republican,-1,72,0.08372093023255814,Counterfactual,0.05,0.04186046511627907,"Less
likely"
primary,vote,"Vote Choice, Republican Primary",Republican,0,748,0.8697674418604651,Counterfactual,0.05,0.5186046511627906,"No
change"
primary,vote,"Vote Choice, Republican Primary",Republican,1,40,0.046511627906976744,Counterfactual,0.05,0.9767441860465115,"More
likely"
primary,vote,"Vote Choice, Republican Primary",Democrat,-1,2,0.046511627906976744,Counterfactual,0.05,0.023255813953488372,NA
primary,vote,"Vote Choice, Republican Primary",Democrat,0,39,0.9069767441860465,Counterfactual,0.05,0.49999999999999994,"No
change"
primary,vote,"Vote Choice, Republican Primary",Democrat,1,2,0.046511627906976744,Counterfactual,0.05,0.9767441860465115,"More
likely"
primary,vote,"Vote Choice, Republican Primary",Independent,-1,3,0.05,Counterfactual,0.05,0.025,"Less
likely"
primary,vote,"Vote Choice, Republican Primary",Independent,0,55,0.9166666666666666,Counterfactual,0.05,0.5083333333333333,"No
change"
primary,vote,"Vote Choice, Republican Primary",Independent,1,2,0.03333333333333333,Counterfactual,0.05,0.9833333333333333,"More
likely"
docs,docs,Belief Trump Mishandled Docs,Republican,-1,59,0.06427015250544663,Counterfactual,0.06,0.03213507625272331,"Less
likely"
docs,docs,Belief Trump Mishandled Docs,Republican,0,681,0.7418300653594772,Counterfactual,0.06,0.43518518518518523,"No
change"
docs,docs,Belief Trump Mishandled Docs,Republican,1,178,0.19389978213507625,Counterfactual,0.06,0.9030501089324618,"More
likely"
docs,docs,Belief Trump Mishandled Docs,Democrat,-1,41,0.04418103448275862,Counterfactual,0.06,0.02209051724137931,NA
docs,docs,Belief Trump Mishandled Docs,Democrat,0,669,0.7209051724137931,Counterfactual,0.06,0.40463362068965525,"No
change"
docs,docs,Belief Trump Mishandled Docs,Democrat,1,218,0.2349137931034483,Counterfactual,0.06,0.8825431034482758,"More
likely"
docs,docs,Belief Trump Mishandled Docs,Independent,-1,28,0.07932011331444759,Counterfactual,0.06,0.039660056657223795,"Less
likely"
docs,docs,Belief Trump Mishandled Docs,Independent,0,258,0.7308781869688386,Counterfactual,0.06,0.4447592067988668,"No
change"
docs,docs,Belief Trump Mishandled Docs,Independent,1,67,0.18980169971671387,Counterfactual,0.06,0.9050991501416431,"More
likely"
general,vote,"Vote Choice, General Election",Republican,-1,11,0.11,Counterfactual,0.06,0.055,"Less
likely"
general,vote,"Vote Choice, General Election",Republican,0,75,0.75,Counterfactual,0.06,0.485,"No
change"
general,vote,"Vote Choice, General Election",Republican,1,14,0.14,Counterfactual,0.06,0.9299999999999999,"More
likely"
general,vote,"Vote Choice, General Election",Democrat,-1,27,0.03391959798994975,Counterfactual,0.06,0.016959798994974875,NA
general,vote,"Vote Choice, General Election",Democrat,0,750,0.9422110552763819,Counterfactual,0.06,0.5050251256281406,"No
change"
general,vote,"Vote Choice, General Election",Democrat,1,19,0.02386934673366834,Counterfactual,0.06,0.9880653266331658,"More
likely"
general,vote,"Vote Choice, General Election",Independent,-1,20,0.07575757575757576,Counterfactual,0.06,0.03787878787878788,"Less
likely"
general,vote,"Vote Choice, General Election",Independent,0,222,0.8409090909090909,Counterfactual,0.06,0.49621212121212127,"No
change"
general,vote,"Vote Choice, General Election",Independent,1,22,0.08333333333333333,Counterfactual,0.06,0.9583333333333334,"More
likely"
primary,vote,"Vote Choice, Republican Primary",Republican,-1,66,0.07674418604651163,Counterfactual,0.06,0.03837209302325582,"Less
likely"
primary,vote,"Vote Choice, Republican Primary",Republican,0,758,0.8813953488372093,Counterfactual,0.06,0.5174418604651163,"No
change"
primary,vote,"Vote Choice, Republican Primary",Republican,1,36,0.04186046511627907,Counterfactual,0.06,0.9790697674418605,"More
likely"
primary,vote,"Vote Choice, Republican Primary",Democrat,-1,1,0.023255813953488372,Counterfactual,0.06,0.011627906976744186,NA
primary,vote,"Vote Choice, Republican Primary",Democrat,0,40,0.9302325581395349,Counterfactual,0.06,0.48837209302325585,"No
change"
primary,vote,"Vote Choice, Republican Primary",Democrat,1,2,0.046511627906976744,Counterfactual,0.06,0.9767441860465116,"More
likely"
primary,vote,"Vote Choice, Republican Primary",Independent,-1,2,0.03333333333333333,Counterfactual,0.06,0.016666666666666666,"Less
likely"
primary,vote,"Vote Choice, Republican Primary",Independent,0,56,0.9333333333333333,Counterfactual,0.06,0.5,"No
change"
primary,vote,"Vote Choice, Republican Primary",Independent,1,2,0.03333333333333333,Counterfactual,0.06,0.9833333333333333,"More
likely"
docs,docs,Belief Trump Mishandled Docs,Republican,-1,50,0.054466230936819175,Counterfactual,0.07,0.027233115468409588,"Less
likely"
docs,docs,Belief Trump Mishandled Docs,Republican,0,700,0.7625272331154684,Counterfactual,0.07,0.43572984749455335,"No
change"
docs,docs,Belief Trump Mishandled Docs,Republican,1,168,0.1830065359477124,Counterfactual,0.07,0.9084967320261438,"More
likely"
docs,docs,Belief Trump Mishandled Docs,Democrat,-1,33,0.03556034482758621,Counterfactual,0.07,0.017780172413793104,NA
docs,docs,Belief Trump Mishandled Docs,Democrat,0,681,0.7338362068965517,Counterfactual,0.07,0.40247844827586204,"No
change"
docs,docs,Belief Trump Mishandled Docs,Democrat,1,214,0.23060344827586207,Counterfactual,0.07,0.884698275862069,"More
likely"
docs,docs,Belief Trump Mishandled Docs,Independent,-1,23,0.06515580736543909,Counterfactual,0.07,0.032577903682719546,"Less
likely"
docs,docs,Belief Trump Mishandled Docs,Independent,0,269,0.7620396600566572,Counterfactual,0.07,0.44617563739376775,"No
change"
docs,docs,Belief Trump Mishandled Docs,Independent,1,61,0.17280453257790368,Counterfactual,0.07,0.9135977337110481,"More
likely"
general,vote,"Vote Choice, General Election",Republican,-1,10,0.1,Counterfactual,0.07,0.05,"Less
likely"
general,vote,"Vote Choice, General Election",Republican,0,78,0.78,Counterfactual,0.07,0.49,"No
change"
general,vote,"Vote Choice, General Election",Republican,1,12,0.12,Counterfactual,0.07,0.94,"More
likely"
general,vote,"Vote Choice, General Election",Democrat,-1,22,0.02763819095477387,Counterfactual,0.07,0.013819095477386936,NA
general,vote,"Vote Choice, General Election",Democrat,0,756,0.949748743718593,Counterfactual,0.07,0.5025125628140703,"No
change"
general,vote,"Vote Choice, General Election",Democrat,1,18,0.022613065326633167,Counterfactual,0.07,0.9886934673366834,"More
likely"
general,vote,"Vote Choice, General Election",Independent,-1,16,0.06060606060606061,Counterfactual,0.07,0.030303030303030304,"Less
likely"
general,vote,"Vote Choice, General Election",Independent,0,226,0.8560606060606061,Counterfactual,0.07,0.4886363636363637,"No
change"
general,vote,"Vote Choice, General Election",Independent,1,22,0.08333333333333333,Counterfactual,0.07,0.9583333333333334,"More
likely"
primary,vote,"Vote Choice, Republican Primary",Republican,-1,63,0.07325581395348837,Counterfactual,0.07,0.03662790697674419,"Less
likely"
primary,vote,"Vote Choice, Republican Primary",Republican,0,766,0.8906976744186047,Counterfactual,0.07,0.5186046511627906,"No
change"
primary,vote,"Vote Choice, Republican Primary",Republican,1,31,0.03604651162790698,Counterfactual,0.07,0.9819767441860465,"More
likely"
primary,vote,"Vote Choice, Republican Primary",Democrat,-1,1,0.023255813953488372,Counterfactual,0.07,0.011627906976744186,NA
primary,vote,"Vote Choice, Republican Primary",Democrat,0,40,0.9302325581395349,Counterfactual,0.07,0.48837209302325585,"No
change"
primary,vote,"Vote Choice, Republican Primary",Democrat,1,2,0.046511627906976744,Counterfactual,0.07,0.9767441860465116,"More
likely"
primary,vote,"Vote Choice, Republican Primary",Independent,-1,2,0.03333333333333333,Counterfactual,0.07,0.016666666666666666,"Less
likely"
primary,vote,"Vote Choice, Republican Primary",Independent,0,56,0.9333333333333333,Counterfactual,0.07,0.5,"No
change"
primary,vote,"Vote Choice, Republican Primary",Independent,1,2,0.03333333333333333,Counterfactual,0.07,0.9833333333333333,"More
likely"
docs,docs,Belief Trump Mishandled Docs,Republican,-1,46,0.05010893246187364,Counterfactual,0.08,0.02505446623093682,"Less
likely"
docs,docs,Belief Trump Mishandled Docs,Republican,0,717,0.7810457516339869,Counterfactual,0.08,0.4406318082788671,"No
change"
docs,docs,Belief Trump Mishandled Docs,Republican,1,155,0.16884531590413943,Counterfactual,0.08,0.9155773420479303,"More
likely"
docs,docs,Belief Trump Mishandled Docs,Democrat,-1,32,0.034482758620689655,Counterfactual,0.08,0.017241379310344827,NA
docs,docs,Belief Trump Mishandled Docs,Democrat,0,686,0.7392241379310345,Counterfactual,0.08,0.40409482758620685,"No
change"
docs,docs,Belief Trump Mishandled Docs,Democrat,1,210,0.22629310344827586,Counterfactual,0.08,0.8868534482758621,"More
likely"
docs,docs,Belief Trump Mishandled Docs,Independent,-1,20,0.056657223796033995,Counterfactual,0.08,0.028328611898016998,"Less
likely"
docs,docs,Belief Trump Mishandled Docs,Independent,0,273,0.773371104815864,Counterfactual,0.08,0.443342776203966,"No
change"
docs,docs,Belief Trump Mishandled Docs,Independent,1,60,0.16997167138810199,Counterfactual,0.08,0.9150141643059491,"More
likely"
general,vote,"Vote Choice, General Election",Republican,-1,10,0.1,Counterfactual,0.08,0.05,"Less
likely"
general,vote,"Vote Choice, General Election",Republican,0,79,0.79,Counterfactual,0.08,0.495,"No
change"
general,vote,"Vote Choice, General Election",Republican,1,11,0.11,Counterfactual,0.08,0.945,"More
likely"
general,vote,"Vote Choice, General Election",Democrat,-1,21,0.026381909547738693,Counterfactual,0.08,0.013190954773869347,NA
general,vote,"Vote Choice, General Election",Democrat,0,758,0.9522613065326633,Counterfactual,0.08,0.5025125628140703,"No
change"
general,vote,"Vote Choice, General Election",Democrat,1,17,0.02135678391959799,Counterfactual,0.08,0.9893216080402009,"More
likely"
general,vote,"Vote Choice, General Election",Independent,-1,16,0.06060606060606061,Counterfactual,0.08,0.030303030303030304,"Less
likely"
general,vote,"Vote Choice, General Election",Independent,0,227,0.8598484848484849,Counterfactual,0.08,0.490530303030303,"No
change"
general,vote,"Vote Choice, General Election",Independent,1,21,0.07954545454545454,Counterfactual,0.08,0.9602272727272727,"More
likely"
primary,vote,"Vote Choice, Republican Primary",Republican,-1,56,0.06511627906976744,Counterfactual,0.08,0.03255813953488372,"Less
likely"
primary,vote,"Vote Choice, Republican Primary",Republican,0,775,0.9011627906976745,Counterfactual,0.08,0.5156976744186047,"No
change"
primary,vote,"Vote Choice, Republican Primary",Republican,1,29,0.03372093023255814,Counterfactual,0.08,0.983139534883721,"More
likely"
primary,vote,"Vote Choice, Republican Primary",Democrat,-1,1,0.023255813953488372,Counterfactual,0.08,0.011627906976744186,NA
primary,vote,"Vote Choice, Republican Primary",Democrat,0,40,0.9302325581395349,Counterfactual,0.08,0.48837209302325585,"No
change"
primary,vote,"Vote Choice, Republican Primary",Democrat,1,2,0.046511627906976744,Counterfactual,0.08,0.9767441860465116,"More
likely"
primary,vote,"Vote Choice, Republican Primary",Independent,-1,2,0.03333333333333333,Counterfactual,0.08,0.016666666666666666,"Less
likely"
primary,vote,"Vote Choice, Republican Primary",Independent,0,56,0.9333333333333333,Counterfactual,0.08,0.5,"No
change"
primary,vote,"Vote Choice, Republican Primary",Independent,1,2,0.03333333333333333,Counterfactual,0.08,0.9833333333333333,"More
likely"
docs,docs,Belief Trump Mishandled Docs,Republican,-1,43,0.046840958605664486,Counterfactual,0.09,0.023420479302832243,"Less
likely"
docs,docs,Belief Trump Mishandled Docs,Republican,0,725,0.789760348583878,Counterfactual,0.09,0.4417211328976035,"No
change"
docs,docs,Belief Trump Mishandled Docs,Republican,1,150,0.16339869281045752,Counterfactual,0.09,0.9183006535947712,"More
likely"
docs,docs,Belief Trump Mishandled Docs,Democrat,-1,30,0.032327586206896554,Counterfactual,0.09,0.016163793103448277,NA
docs,docs,Belief Trump Mishandled Docs,Democrat,0,696,0.75,Counterfactual,0.09,0.4073275862068966,"No
change"
docs,docs,Belief Trump Mishandled Docs,Democrat,1,202,0.21767241379310345,Counterfactual,0.09,0.8911637931034483,"More
likely"
docs,docs,Belief Trump Mishandled Docs,Independent,-1,19,0.053824362606232294,Counterfactual,0.09,0.026912181303116147,"Less
likely"
docs,docs,Belief Trump Mishandled Docs,Independent,0,274,0.7762039660056658,Counterfactual,0.09,0.44192634560906513,"No
change"
docs,docs,Belief Trump Mishandled Docs,Independent,1,60,0.16997167138810199,Counterfactual,0.09,0.9150141643059491,"More
likely"
general,vote,"Vote Choice, General Election",Republican,-1,10,0.1,Counterfactual,0.09,0.05,"Less
likely"
general,vote,"Vote Choice, General Election",Republican,0,79,0.79,Counterfactual,0.09,0.495,"No
change"
general,vote,"Vote Choice, General Election",Republican,1,11,0.11,Counterfactual,0.09,0.945,"More
likely"
general,vote,"Vote Choice, General Election",Democrat,-1,20,0.02512562814070352,Counterfactual,0.09,0.01256281407035176,NA
general,vote,"Vote Choice, General Election",Democrat,0,761,0.9560301507537688,Counterfactual,0.09,0.5031407035175879,"No
change"
general,vote,"Vote Choice, General Election",Democrat,1,15,0.018844221105527637,Counterfactual,0.09,0.9905778894472361,"More
likely"
general,vote,"Vote Choice, General Election",Independent,-1,14,0.05303030303030303,Counterfactual,0.09,0.026515151515151516,"Less
likely"
general,vote,"Vote Choice, General Election",Independent,0,231,0.875,Counterfactual,0.09,0.490530303030303,"No
change"
general,vote,"Vote Choice, General Election",Independent,1,19,0.07196969696969698,Counterfactual,0.09,0.9640151515151515,"More
likely"
primary,vote,"Vote Choice, Republican Primary",Republican,-1,53,0.06162790697674419,Counterfactual,0.09,0.030813953488372094,"Less
likely"
primary,vote,"Vote Choice, Republican Primary",Republican,0,779,0.9058139534883721,Counterfactual,0.09,0.5145348837209303,"No
change"
primary,vote,"Vote Choice, Republican Primary",Republican,1,28,0.03255813953488372,Counterfactual,0.09,0.9837209302325581,"More
likely"
primary,vote,"Vote Choice, Republican Primary",Democrat,-1,1,0.023255813953488372,Counterfactual,0.09,0.011627906976744186,NA
primary,vote,"Vote Choice, Republican Primary",Democrat,0,40,0.9302325581395349,Counterfactual,0.09,0.48837209302325585,"No
change"
primary,vote,"Vote Choice, Republican Primary",Democrat,1,2,0.046511627906976744,Counterfactual,0.09,0.9767441860465116,"More
likely"
primary,vote,"Vote Choice, Republican Primary",Independent,-1,2,0.03333333333333333,Counterfactual,0.09,0.016666666666666666,"Less
likely"
primary,vote,"Vote Choice, Republican Primary",Independent,0,56,0.9333333333333333,Counterfactual,0.09,0.5,"No
change"
primary,vote,"Vote Choice, Republican Primary",Independent,1,2,0.03333333333333333,Counterfactual,0.09,0.9833333333333333,"More
likely"
docs,docs,Belief Trump Mishandled Docs,Republican,-1,40,0.04357298474945534,Counterfactual,0.1,0.02178649237472767,"Less
likely"
docs,docs,Belief Trump Mishandled Docs,Republican,0,738,0.803921568627451,Counterfactual,0.1,0.4455337690631809,"No
change"
docs,docs,Belief Trump Mishandled Docs,Republican,1,140,0.15250544662309368,Counterfactual,0.1,0.9237472766884531,"More
likely"
docs,docs,Belief Trump Mishandled Docs,Democrat,-1,25,0.02693965517241379,Counterfactual,0.1,0.013469827586206896,NA
docs,docs,Belief Trump Mishandled Docs,Democrat,0,721,0.7769396551724138,Counterfactual,0.1,0.4154094827586207,"No
change"
docs,docs,Belief Trump Mishandled Docs,Democrat,1,182,0.1961206896551724,Counterfactual,0.1,0.9019396551724138,"More
likely"
docs,docs,Belief Trump Mishandled Docs,Independent,-1,16,0.0453257790368272,Counterfactual,0.1,0.0226628895184136,"Less
likely"
docs,docs,Belief Trump Mishandled Docs,Independent,0,282,0.7988668555240793,Counterfactual,0.1,0.4447592067988669,"No
change"
docs,docs,Belief Trump Mishandled Docs,Independent,1,55,0.1558073654390935,Counterfactual,0.1,0.9220963172804533,"More
likely"
general,vote,"Vote Choice, General Election",Republican,-1,10,0.1,Counterfactual,0.1,0.05,"Less
likely"
general,vote,"Vote Choice, General Election",Republican,0,81,0.81,Counterfactual,0.1,0.505,"No
change"
general,vote,"Vote Choice, General Election",Republican,1,9,0.09,Counterfactual,0.1,0.955,"More
likely"
general,vote,"Vote Choice, General Election",Democrat,-1,20,0.02512562814070352,Counterfactual,0.1,0.01256281407035176,NA
general,vote,"Vote Choice, General Election",Democrat,0,762,0.957286432160804,Counterfactual,0.1,0.5037688442211055,"No
change"
general,vote,"Vote Choice, General Election",Democrat,1,14,0.017587939698492462,Counterfactual,0.1,0.9912060301507538,"More
likely"
general,vote,"Vote Choice, General Election",Independent,-1,13,0.04924242424242424,Counterfactual,0.1,0.02462121212121212,"Less
likely"
general,vote,"Vote Choice, General Election",Independent,0,234,0.8863636363636364,Counterfactual,0.1,0.4924242424242424,"No
change"
general,vote,"Vote Choice, General Election",Independent,1,17,0.06439393939393939,Counterfactual,0.1,0.9678030303030303,"More
likely"
primary,vote,"Vote Choice, Republican Primary",Republican,-1,48,0.05581395348837209,Counterfactual,0.1,0.027906976744186046,"Less
likely"
primary,vote,"Vote Choice, Republican Primary",Republican,0,786,0.913953488372093,Counterfactual,0.1,0.5127906976744186,"No
change"
primary,vote,"Vote Choice, Republican Primary",Republican,1,26,0.030232558139534883,Counterfactual,0.1,0.9848837209302326,"More
likely"
primary,vote,"Vote Choice, Republican Primary",Democrat,-1,1,0.023255813953488372,Counterfactual,0.1,0.011627906976744186,NA
primary,vote,"Vote Choice, Republican Primary",Democrat,0,40,0.9302325581395349,Counterfactual,0.1,0.48837209302325585,"No
change"
primary,vote,"Vote Choice, Republican Primary",Democrat,1,2,0.046511627906976744,Counterfactual,0.1,0.9767441860465116,"More
likely"
primary,vote,"Vote Choice, Republican Primary",Independent,-1,2,0.03333333333333333,Counterfactual,0.1,0.016666666666666666,"Less
likely"
primary,vote,"Vote Choice, Republican Primary",Independent,0,56,0.9333333333333333,Counterfactual,0.1,0.5,"No
change"
primary,vote,"Vote Choice, Republican Primary",Independent,1,2,0.03333333333333333,Counterfactual,0.1,0.9833333333333333,"More
likely"
docs,docs,Belief Trump Mishandled Docs,Republican,-1,39,0.042483660130718956,Counterfactual,0.11,0.021241830065359478,"Less
likely"
docs,docs,Belief Trump Mishandled Docs,Republican,0,750,0.8169934640522876,Counterfactual,0.11,0.4509803921568627,"No
change"
docs,docs,Belief Trump Mishandled Docs,Republican,1,129,0.14052287581699346,Counterfactual,0.11,0.9297385620915033,"More
likely"
docs,docs,Belief Trump Mishandled Docs,Democrat,-1,24,0.02586206896551724,Counterfactual,0.11,0.01293103448275862,NA
docs,docs,Belief Trump Mishandled Docs,Democrat,0,724,0.7801724137931034,Counterfactual,0.11,0.41594827586206895,"No
change"
docs,docs,Belief Trump Mishandled Docs,Democrat,1,180,0.1939655172413793,Counterfactual,0.11,0.9030172413793104,"More
likely"
docs,docs,Belief Trump Mishandled Docs,Independent,-1,16,0.0453257790368272,Counterfactual,0.11,0.0226628895184136,"Less
likely"
docs,docs,Belief Trump Mishandled Docs,Independent,0,285,0.8073654390934845,Counterfactual,0.11,0.44900849858356945,"No
change"
docs,docs,Belief Trump Mishandled Docs,Independent,1,52,0.14730878186968838,Counterfactual,0.11,0.9263456090651558,"More
likely"
general,vote,"Vote Choice, General Election",Republican,-1,9,0.09,Counterfactual,0.11,0.045,"Less
likely"
general,vote,"Vote Choice, General Election",Republican,0,82,0.82,Counterfactual,0.11,0.49999999999999994,"No
change"
general,vote,"Vote Choice, General Election",Republican,1,9,0.09,Counterfactual,0.11,0.9549999999999998,"More
likely"
general,vote,"Vote Choice, General Election",Democrat,-1,17,0.02135678391959799,Counterfactual,0.11,0.010678391959798994,NA
general,vote,"Vote Choice, General Election",Democrat,0,765,0.9610552763819096,Counterfactual,0.11,0.5018844221105527,"No
change"
general,vote,"Vote Choice, General Election",Democrat,1,14,0.017587939698492462,Counterfactual,0.11,0.9912060301507538,"More
likely"
general,vote,"Vote Choice, General Election",Independent,-1,12,0.045454545454545456,Counterfactual,0.11,0.022727272727272728,"Less
likely"
general,vote,"Vote Choice, General Election",Independent,0,236,0.8939393939393939,Counterfactual,0.11,0.4924242424242424,"No
change"
general,vote,"Vote Choice, General Election",Independent,1,16,0.06060606060606061,Counterfactual,0.11,0.9696969696969697,"More
likely"
primary,vote,"Vote Choice, Republican Primary",Republican,-1,44,0.05116279069767442,Counterfactual,0.11,0.02558139534883721,"Less
likely"
primary,vote,"Vote Choice, Republican Primary",Republican,0,791,0.9197674418604651,Counterfactual,0.11,0.5110465116279069,"No
change"
primary,vote,"Vote Choice, Republican Primary",Republican,1,25,0.029069767441860465,Counterfactual,0.11,0.9854651162790697,"More
likely"
primary,vote,"Vote Choice, Republican Primary",Democrat,-1,1,0.023255813953488372,Counterfactual,0.11,0.011627906976744186,NA
primary,vote,"Vote Choice, Republican Primary",Democrat,0,40,0.9302325581395349,Counterfactual,0.11,0.48837209302325585,"No
change"
primary,vote,"Vote Choice, Republican Primary",Democrat,1,2,0.046511627906976744,Counterfactual,0.11,0.9767441860465116,"More
likely"
primary,vote,"Vote Choice, Republican Primary",Independent,-1,2,0.03333333333333333,Counterfactual,0.11,0.016666666666666666,"Less
likely"
primary,vote,"Vote Choice, Republican Primary",Independent,0,56,0.9333333333333333,Counterfactual,0.11,0.5,"No
change"
primary,vote,"Vote Choice, Republican Primary",Independent,1,2,0.03333333333333333,Counterfactual,0.11,0.9833333333333333,"More
likely"
docs,docs,Belief Trump Mishandled Docs,Republican,-1,37,0.04030501089324619,Counterfactual,0.12,0.020152505446623094,"Less
likely"
docs,docs,Belief Trump Mishandled Docs,Republican,0,759,0.826797385620915,Counterfactual,0.12,0.4537037037037037,"No
change"
docs,docs,Belief Trump Mishandled Docs,Republican,1,122,0.1328976034858388,Counterfactual,0.12,0.93355119825708055,"More
likely"
docs,docs,Belief Trump Mishandled Docs,Democrat,-1,23,0.02478448275862069,Counterfactual,0.12,0.012392241379310345,NA
docs,docs,Belief Trump Mishandled Docs,Democrat,0,734,0.790948275862069,Counterfactual,0.12,0.42025862068965514,"No
change"
docs,docs,Belief Trump Mishandled Docs,Democrat,1,171,0.18426724137931033,Counterfactual,0.12,0.9078663793103449,"More
likely"
docs,docs,Belief Trump Mishandled Docs,Independent,-1,16,0.0453257790368272,Counterfactual,0.12,0.0226628895184136,"Less
likely"
docs,docs,Belief Trump Mishandled Docs,Independent,0,286,0.8101983002832861,Counterfactual,0.12,0.45042492917847027,"No
change"
docs,docs,Belief Trump Mishandled Docs,Independent,1,51,0.14447592067988668,Counterfactual,0.12,0.9277620396600567,"More
likely"
general,vote,"Vote Choice, General Election",Republican,-1,9,0.09,Counterfactual,0.12,0.045,"Less
likely"
general,vote,"Vote Choice, General Election",Republican,0,82,0.82,Counterfactual,0.12,0.49999999999999994,"No
change"
general,vote,"Vote Choice, General Election",Republican,1,9,0.09,Counterfactual,0.12,0.9549999999999998,"More
likely"
general,vote,"Vote Choice, General Election",Democrat,-1,15,0.018844221105527637,Counterfactual,0.12,0.009422110552763818,NA
general,vote,"Vote Choice, General Election",Democrat,0,767,0.9635678391959799,Counterfactual,0.12,0.5006281407035176,"No
change"
general,vote,"Vote Choice, General Election",Democrat,1,14,0.017587939698492462,Counterfactual,0.12,0.9912060301507538,"More
likely"
general,vote,"Vote Choice, General Election",Independent,-1,12,0.045454545454545456,Counterfactual,0.12,0.022727272727272728,"Less
likely"
general,vote,"Vote Choice, General Election",Independent,0,236,0.8939393939393939,Counterfactual,0.12,0.4924242424242424,"No
change"
general,vote,"Vote Choice, General Election",Independent,1,16,0.06060606060606061,Counterfactual,0.12,0.9696969696969697,"More
likely"
primary,vote,"Vote Choice, Republican Primary",Republican,-1,43,0.05,Counterfactual,0.12,0.025,"Less
likely"
primary,vote,"Vote Choice, Republican Primary",Republican,0,794,0.9232558139534883,Counterfactual,0.12,0.5116279069767442,"No
change"
primary,vote,"Vote Choice, Republican Primary",Republican,1,23,0.026744186046511628,Counterfactual,0.12,0.9866279069767442,"More
likely"
primary,vote,"Vote Choice, Republican Primary",Democrat,-1,1,0.023255813953488372,Counterfactual,0.12,0.011627906976744186,NA
primary,vote,"Vote Choice, Republican Primary",Democrat,0,40,0.9302325581395349,Counterfactual,0.12,0.48837209302325585,"No
change"
primary,vote,"Vote Choice, Republican Primary",Democrat,1,2,0.046511627906976744,Counterfactual,0.12,0.9767441860465116,"More
likely"
primary,vote,"Vote Choice, Republican Primary",Independent,-1,2,0.03333333333333333,Counterfactual,0.12,0.016666666666666666,"Less
likely"
primary,vote,"Vote Choice, Republican Primary",Independent,0,56,0.9333333333333333,Counterfactual,0.12,0.5,"No
change"
primary,vote,"Vote Choice, Republican Primary",Independent,1,2,0.03333333333333333,Counterfactual,0.12,0.9833333333333333,"More
likely"
docs,docs,Belief Trump Mishandled Docs,Republican,-1,34,0.037037037037037035,Counterfactual,0.13,0.018518518518518517,"Less
likely"
docs,docs,Belief Trump Mishandled Docs,Republican,0,767,0.83551198257080606,Counterfactual,0.13,0.4547930283224401,"No
change"
docs,docs,Belief Trump Mishandled Docs,Republican,1,117,0.12745098039215685,Counterfactual,0.13,0.9362745098039216,"More
likely"
docs,docs,Belief Trump Mishandled Docs,Democrat,-1,21,0.022629310344827586,Counterfactual,0.13,0.011314655172413793,NA
docs,docs,Belief Trump Mishandled Docs,Democrat,0,738,0.7952586206896551,Counterfactual,0.13,0.4202586206896552,"No
change"
docs,docs,Belief Trump Mishandled Docs,Democrat,1,169,0.18211206896551724,Counterfactual,0.13,0.9089439655172413,"More
likely"
docs,docs,Belief Trump Mishandled Docs,Independent,-1,13,0.036827195467422094,Counterfactual,0.13,0.018413597733711047,"Less
likely"
docs,docs,Belief Trump Mishandled Docs,Independent,0,290,0.8215297450424929,Counterfactual,0.13,0.4475920679886685,"No
change"
docs,docs,Belief Trump Mishandled Docs,Independent,1,50,0.141643059490085,Counterfactual,0.13,0.9291784702549575,"More
likely"
general,vote,"Vote Choice, General Election",Republican,-1,9,0.09,Counterfactual,0.13,0.045,"Less
likely"
general,vote,"Vote Choice, General Election",Republican,0,82,0.82,Counterfactual,0.13,0.49999999999999994,"No
change"
general,vote,"Vote Choice, General Election",Republican,1,9,0.09,Counterfactual,0.13,0.9549999999999998,"More
likely"
general,vote,"Vote Choice, General Election",Democrat,-1,15,0.018844221105527637,Counterfactual,0.13,0.009422110552763818,NA
general,vote,"Vote Choice, General Election",Democrat,0,767,0.9635678391959799,Counterfactual,0.13,0.5006281407035176,"No
change"
general,vote,"Vote Choice, General Election",Democrat,1,14,0.017587939698492462,Counterfactual,0.13,0.9912060301507538,"More
likely"
general,vote,"Vote Choice, General Election",Independent,-1,12,0.045454545454545456,Counterfactual,0.13,0.022727272727272728,"Less
likely"
general,vote,"Vote Choice, General Election",Independent,0,238,0.9015151515151515,Counterfactual,0.13,0.49621212121212116,"No
change"
general,vote,"Vote Choice, General Election",Independent,1,14,0.05303030303030303,Counterfactual,0.13,0.9734848484848484,"More
likely"
primary,vote,"Vote Choice, Republican Primary",Republican,-1,42,0.04883720930232558,Counterfactual,0.13,0.02441860465116279,"Less
likely"
primary,vote,"Vote Choice, Republican Primary",Republican,0,795,0.9244186046511628,Counterfactual,0.13,0.511046511627907,"No
change"
primary,vote,"Vote Choice, Republican Primary",Republican,1,23,0.026744186046511628,Counterfactual,0.13,0.9866279069767442,"More
likely"
primary,vote,"Vote Choice, Republican Primary",Democrat,-1,1,0.023255813953488372,Counterfactual,0.13,0.011627906976744186,NA
primary,vote,"Vote Choice, Republican Primary",Democrat,0,40,0.9302325581395349,Counterfactual,0.13,0.48837209302325585,"No
change"
primary,vote,"Vote Choice, Republican Primary",Democrat,1,2,0.046511627906976744,Counterfactual,0.13,0.9767441860465116,"More
likely"
primary,vote,"Vote Choice, Republican Primary",Independent,-1,2,0.03333333333333333,Counterfactual,0.13,0.016666666666666666,"Less
likely"
primary,vote,"Vote Choice, Republican Primary",Independent,0,56,0.9333333333333333,Counterfactual,0.13,0.5,"No
change"
primary,vote,"Vote Choice, Republican Primary",Independent,1,2,0.03333333333333333,Counterfactual,0.13,0.9833333333333333,"More
likely"
docs,docs,Belief Trump Mishandled Docs,Republican,-1,33,0.03594771241830065,Counterfactual,0.14,0.017973856209150325,"Less
likely"
docs,docs,Belief Trump Mishandled Docs,Republican,0,772,0.840958605664488,Counterfactual,0.14,0.45642701525054463,"No
change"
docs,docs,Belief Trump Mishandled Docs,Republican,1,113,0.12309368191721133,Counterfactual,0.14,0.9384531590413944,"More
likely"
docs,docs,Belief Trump Mishandled Docs,Democrat,-1,18,0.01939655172413793,Counterfactual,0.14,0.009698275862068966,NA
docs,docs,Belief Trump Mishandled Docs,Democrat,0,749,0.8071120689655172,Counterfactual,0.14,0.4229525862068965,"No
change"
docs,docs,Belief Trump Mishandled Docs,Democrat,1,161,0.17349137931034483,Counterfactual,0.14,0.9132543103448276,"More
likely"
docs,docs,Belief Trump Mishandled Docs,Independent,-1,13,0.036827195467422094,Counterfactual,0.14,0.018413597733711047,"Less
likely"
docs,docs,Belief Trump Mishandled Docs,Independent,0,293,0.830028328611898,Counterfactual,0.14,0.4518413597733711,"No
change"
docs,docs,Belief Trump Mishandled Docs,Independent,1,47,0.13314447592067988,Counterfactual,0.14,0.93342776203966,"More
likely"
general,vote,"Vote Choice, General Election",Republican,-1,8,0.08,Counterfactual,0.14,0.04,"Less
likely"
general,vote,"Vote Choice, General Election",Republican,0,83,0.83,Counterfactual,0.14,0.49499999999999994,"No
change"
general,vote,"Vote Choice, General Election",Republican,1,9,0.09,Counterfactual,0.14,0.9549999999999998,"More
likely"
general,vote,"Vote Choice, General Election",Democrat,-1,14,0.017587939698492462,Counterfactual,0.14,0.008793969849246231,NA
general,vote,"Vote Choice, General Election",Democrat,0,768,0.964824120603015,Counterfactual,0.14,0.5,"No
change"
general,vote,"Vote Choice, General Election",Democrat,1,14,0.017587939698492462,Counterfactual,0.14,0.9912060301507538,"More
likely"
general,vote,"Vote Choice, General Election",Independent,-1,12,0.045454545454545456,Counterfactual,0.14,0.022727272727272728,"Less
likely"
general,vote,"Vote Choice, General Election",Independent,0,239,0.9053030303030303,Counterfactual,0.14,0.49810606060606055,"No
change"
general,vote,"Vote Choice, General Election",Independent,1,13,0.04924242424242424,Counterfactual,0.14,0.9753787878787877,"More
likely"
primary,vote,"Vote Choice, Republican Primary",Republican,-1,42,0.04883720930232558,Counterfactual,0.14,0.02441860465116279,"Less
likely"
primary,vote,"Vote Choice, Republican Primary",Republican,0,798,0.9279069767441861,Counterfactual,0.14,0.5127906976744186,"No
change"
primary,vote,"Vote Choice, Republican Primary",Republican,1,20,0.023255813953488372,Counterfactual,0.14,0.9883720930232558,"More
likely"
primary,vote,"Vote Choice, Republican Primary",Democrat,-1,1,0.023255813953488372,Counterfactual,0.14,0.011627906976744186,NA
primary,vote,"Vote Choice, Republican Primary",Democrat,0,41,0.9534883720930233,Counterfactual,0.14,0.5,"No
change"
primary,vote,"Vote Choice, Republican Primary",Democrat,1,1,0.023255813953488372,Counterfactual,0.14,0.9883720930232558,"More
likely"
primary,vote,"Vote Choice, Republican Primary",Independent,-1,2,0.03333333333333333,Counterfactual,0.14,0.016666666666666666,"Less
likely"
primary,vote,"Vote Choice, Republican Primary",Independent,0,57,0.95,Counterfactual,0.14,0.5083333333333333,"No
change"
primary,vote,"Vote Choice, Republican Primary",Independent,1,1,0.016666666666666666,Counterfactual,0.14,0.9916666666666667,"More
likely"
docs,docs,Belief Trump Mishandled Docs,Republican,-1,31,0.03376906318082789,Counterfactual,0.15,0.016884531590413945,"Less
likely"
docs,docs,Belief Trump Mishandled Docs,Republican,0,780,0.8496732026143791,Counterfactual,0.15,0.4586056644880174,"No
change"
docs,docs,Belief Trump Mishandled Docs,Republican,1,107,0.11655773420479303,Counterfactual,0.15,0.9417211328976034,"More
likely"
docs,docs,Belief Trump Mishandled Docs,Democrat,-1,16,0.017241379310344827,Counterfactual,0.15,0.008620689655172414,NA
docs,docs,Belief Trump Mishandled Docs,Democrat,0,755,0.8135775862068966,Counterfactual,0.15,0.42403017241379315,"No
change"
docs,docs,Belief Trump Mishandled Docs,Democrat,1,157,0.16918103448275862,Counterfactual,0.15,0.9154094827586207,"More
likely"
docs,docs,Belief Trump Mishandled Docs,Independent,-1,13,0.036827195467422094,Counterfactual,0.15,0.018413597733711047,"Less
likely"
docs,docs,Belief Trump Mishandled Docs,Independent,0,293,0.830028328611898,Counterfactual,0.15,0.4518413597733711,"No
change"
docs,docs,Belief Trump Mishandled Docs,Independent,1,47,0.13314447592067988,Counterfactual,0.15,0.93342776203966,"More
likely"
general,vote,"Vote Choice, General Election",Republican,-1,8,0.08,Counterfactual,0.15,0.04,"Less
likely"
general,vote,"Vote Choice, General Election",Republican,0,83,0.83,Counterfactual,0.15,0.49499999999999994,"No
change"
general,vote,"Vote Choice, General Election",Republican,1,9,0.09,Counterfactual,0.15,0.9549999999999998,"More
likely"
general,vote,"Vote Choice, General Election",Democrat,-1,12,0.01507537688442211,Counterfactual,0.15,0.007537688442211055,NA
general,vote,"Vote Choice, General Election",Democrat,0,770,0.9673366834170855,Counterfactual,0.15,0.4987437185929648,"No
change"
general,vote,"Vote Choice, General Election",Democrat,1,14,0.017587939698492462,Counterfactual,0.15,0.9912060301507538,"More
likely"
general,vote,"Vote Choice, General Election",Independent,-1,12,0.045454545454545456,Counterfactual,0.15,0.022727272727272728,"Less
likely"
general,vote,"Vote Choice, General Election",Independent,0,240,0.9090909090909091,Counterfactual,0.15,0.49999999999999994,"No
change"
general,vote,"Vote Choice, General Election",Independent,1,12,0.045454545454545456,Counterfactual,0.15,0.9772727272727272,"More
likely"
primary,vote,"Vote Choice, Republican Primary",Republican,-1,41,0.047674418604651166,Counterfactual,0.15,0.023837209302325583,"Less
likely"
primary,vote,"Vote Choice, Republican Primary",Republican,0,799,0.9290697674418604,Counterfactual,0.15,0.5122093023255814,"No
change"
primary,vote,"Vote Choice, Republican Primary",Republican,1,20,0.023255813953488372,Counterfactual,0.15,0.9883720930232558,"More
likely"
primary,vote,"Vote Choice, Republican Primary",Democrat,-1,1,0.023255813953488372,Counterfactual,0.15,0.011627906976744186,NA
primary,vote,"Vote Choice, Republican Primary",Democrat,0,41,0.9534883720930233,Counterfactual,0.15,0.5,"No
change"
primary,vote,"Vote Choice, Republican Primary",Democrat,1,1,0.023255813953488372,Counterfactual,0.15,0.9883720930232558,"More
likely"
primary,vote,"Vote Choice, Republican Primary",Independent,-1,2,0.03333333333333333,Counterfactual,0.15,0.016666666666666666,"Less
likely"
primary,vote,"Vote Choice, Republican Primary",Independent,0,57,0.95,Counterfactual,0.15,0.5083333333333333,"No
change"
primary,vote,"Vote Choice, Republican Primary",Independent,1,1,0.016666666666666666,Counterfactual,0.15,0.9916666666666667,"More
likely"
docs,docs,Belief Trump Mishandled Docs,Republican,-1,30,0.032679738562091505,Counterfactual,0.16,0.016339869281045753,"Less
likely"
docs,docs,Belief Trump Mishandled Docs,Republican,0,798,0.869281045751634,Counterfactual,0.16,0.4673202614379085,"No
change"
docs,docs,Belief Trump Mishandled Docs,Republican,1,90,0.09803921568627451,Counterfactual,0.16,0.9509803921568627,"More
likely"
docs,docs,Belief Trump Mishandled Docs,Democrat,-1,15,0.016163793103448277,Counterfactual,0.16,0.008081896551724138,NA
docs,docs,Belief Trump Mishandled Docs,Democrat,0,768,0.8275862068965517,Counterfactual,0.16,0.42995689655172414,"No
change"
docs,docs,Belief Trump Mishandled Docs,Democrat,1,145,0.15625,Counterfactual,0.16,0.921875,"More
likely"
docs,docs,Belief Trump Mishandled Docs,Independent,-1,12,0.0339943342776204,Counterfactual,0.16,0.0169971671388102,"Less
likely"
docs,docs,Belief Trump Mishandled Docs,Independent,0,295,0.8356940509915014,Counterfactual,0.16,0.45184135977337114,"No
change"
docs,docs,Belief Trump Mishandled Docs,Independent,1,46,0.13031161473087818,Counterfactual,0.16,0.9348441926345609,"More
likely"
general,vote,"Vote Choice, General Election",Republican,-1,8,0.08,Counterfactual,0.16,0.04,"Less
likely"
general,vote,"Vote Choice, General Election",Republican,0,84,0.84,Counterfactual,0.16,0.49999999999999994,"No
change"
general,vote,"Vote Choice, General Election",Republican,1,8,0.08,Counterfactual,0.16,0.9599999999999999,"More
likely"
general,vote,"Vote Choice, General Election",Democrat,-1,12,0.01507537688442211,Counterfactual,0.16,0.007537688442211055,NA
general,vote,"Vote Choice, General Election",Democrat,0,771,0.9685929648241206,Counterfactual,0.16,0.49937185929648237,"No
change"
general,vote,"Vote Choice, General Election",Democrat,1,13,0.016331658291457288,Counterfactual,0.16,0.9918341708542714,"More
likely"
general,vote,"Vote Choice, General Election",Independent,-1,8,0.030303030303030304,Counterfactual,0.16,0.015151515151515152,"Less
likely"
general,vote,"Vote Choice, General Election",Independent,0,244,0.9242424242424242,Counterfactual,0.16,0.4924242424242424,"No
change"
general,vote,"Vote Choice, General Election",Independent,1,12,0.045454545454545456,Counterfactual,0.16,0.9772727272727272,"More
likely"
primary,vote,"Vote Choice, Republican Primary",Republican,-1,38,0.044186046511627906,Counterfactual,0.16,0.022093023255813953,"Less
likely"
primary,vote,"Vote Choice, Republican Primary",Republican,0,804,0.9348837209302325,Counterfactual,0.16,0.5116279069767442,"No
change"
primary,vote,"Vote Choice, Republican Primary",Republican,1,18,0.020930232558139535,Counterfactual,0.16,0.9895348837209302,"More
likely"
primary,vote,"Vote Choice, Republican Primary",Democrat,-1,1,0.023255813953488372,Counterfactual,0.16,0.011627906976744186,NA
primary,vote,"Vote Choice, Republican Primary",Democrat,0,41,0.9534883720930233,Counterfactual,0.16,0.5,"No
change"
primary,vote,"Vote Choice, Republican Primary",Democrat,1,1,0.023255813953488372,Counterfactual,0.16,0.9883720930232558,"More
likely"
primary,vote,"Vote Choice, Republican Primary",Independent,-1,1,0.016666666666666666,Counterfactual,0.16,0.008333333333333333,"Less
likely"
primary,vote,"Vote Choice, Republican Primary",Independent,0,58,0.9666666666666667,Counterfactual,0.16,0.5,"No
change"
primary,vote,"Vote Choice, Republican Primary",Independent,1,1,0.016666666666666666,Counterfactual,0.16,0.9916666666666667,"More
likely"
docs,docs,Belief Trump Mishandled Docs,Republican,-1,29,0.03159041394335512,Counterfactual,0.17,0.01579520697167756,"Less
likely"
docs,docs,Belief Trump Mishandled Docs,Republican,0,804,0.8758169934640523,Counterfactual,0.17,0.4694989106753813,"No
change"
docs,docs,Belief Trump Mishandled Docs,Republican,1,85,0.09259259259259259,Counterfactual,0.17,0.9537037037037037,"More
likely"
docs,docs,Belief Trump Mishandled Docs,Democrat,-1,15,0.016163793103448277,Counterfactual,0.17,0.008081896551724138,NA
docs,docs,Belief Trump Mishandled Docs,Democrat,0,777,0.8372844827586207,Counterfactual,0.17,0.4348060344827586,"No
change"
docs,docs,Belief Trump Mishandled Docs,Democrat,1,136,0.14655172413793102,Counterfactual,0.17,0.9267241379310345,"More
likely"
docs,docs,Belief Trump Mishandled Docs,Independent,-1,10,0.028328611898016998,Counterfactual,0.17,0.014164305949008499,"Less
likely"
docs,docs,Belief Trump Mishandled Docs,Independent,0,297,0.8413597733711048,Counterfactual,0.17,0.44900849858356934,"No
change"
docs,docs,Belief Trump Mishandled Docs,Independent,1,46,0.13031161473087818,Counterfactual,0.17,0.9348441926345608,"More
likely"
general,vote,"Vote Choice, General Election",Republican,-1,7,0.07,Counterfactual,0.17,0.035,"Less
likely"
general,vote,"Vote Choice, General Election",Republican,0,85,0.85,Counterfactual,0.17,0.49499999999999994,"No
change"
general,vote,"Vote Choice, General Election",Republican,1,8,0.08,Counterfactual,0.17,0.9599999999999999,"More
likely"
general,vote,"Vote Choice, General Election",Democrat,-1,11,0.013819095477386936,Counterfactual,0.17,0.006909547738693468,NA
general,vote,"Vote Choice, General Election",Democrat,0,775,0.9736180904522613,Counterfactual,0.17,0.5006281407035176,"No
change"
general,vote,"Vote Choice, General Election",Democrat,1,10,0.01256281407035176,Counterfactual,0.17,0.9937185929648241,"More
likely"
general,vote,"Vote Choice, General Election",Independent,-1,7,0.026515151515151516,Counterfactual,0.17,0.013257575757575758,"Less
likely"
general,vote,"Vote Choice, General Election",Independent,0,245,0.928030303030303,Counterfactual,0.17,0.490530303030303,"No
change"
general,vote,"Vote Choice, General Election",Independent,1,12,0.045454545454545456,Counterfactual,0.17,0.9772727272727272,"More
likely"
primary,vote,"Vote Choice, Republican Primary",Republican,-1,37,0.04302325581395349,Counterfactual,0.17,0.021511627906976746,"Less
likely"
primary,vote,"Vote Choice, Republican Primary",Republican,0,805,0.936046511627907,Counterfactual,0.17,0.511046511627907,"No
change"
primary,vote,"Vote Choice, Republican Primary",Republican,1,18,0.020930232558139535,Counterfactual,0.17,0.9895348837209302,"More
likely"
primary,vote,"Vote Choice, Republican Primary",Democrat,-1,1,0.023255813953488372,Counterfactual,0.17,0.011627906976744186,NA
primary,vote,"Vote Choice, Republican Primary",Democrat,0,42,0.9767441860465116,Counterfactual,0.17,0.5116279069767442,"No
change"
primary,vote,"Vote Choice, Republican Primary",Independent,-1,1,0.016666666666666666,Counterfactual,0.17,0.008333333333333333,"Less
likely"
primary,vote,"Vote Choice, Republican Primary",Independent,0,58,0.9666666666666667,Counterfactual,0.17,0.5,"No
change"
primary,vote,"Vote Choice, Republican Primary",Independent,1,1,0.016666666666666666,Counterfactual,0.17,0.9916666666666667,"More
likely"
docs,docs,Belief Trump Mishandled Docs,Republican,-1,28,0.030501089324618737,Counterfactual,0.18,0.015250544662309368,"Less
likely"
docs,docs,Belief Trump Mishandled Docs,Republican,0,807,0.8790849673202614,Counterfactual,0.18,0.4700435729847494,"No
change"
docs,docs,Belief Trump Mishandled Docs,Republican,1,83,0.09041394335511982,Counterfactual,0.18,0.9547930283224401,"More
likely"
docs,docs,Belief Trump Mishandled Docs,Democrat,-1,15,0.016163793103448277,Counterfactual,0.18,0.008081896551724138,NA
docs,docs,Belief Trump Mishandled Docs,Democrat,0,781,0.8415948275862069,Counterfactual,0.18,0.4369612068965517,"No
change"
docs,docs,Belief Trump Mishandled Docs,Democrat,1,132,0.14224137931034483,Counterfactual,0.18,0.9288793103448276,"More
likely"
docs,docs,Belief Trump Mishandled Docs,Independent,-1,10,0.028328611898016998,Counterfactual,0.18,0.014164305949008499,"Less
likely"
docs,docs,Belief Trump Mishandled Docs,Independent,0,297,0.8413597733711048,Counterfactual,0.18,0.44900849858356934,"No
change"
docs,docs,Belief Trump Mishandled Docs,Independent,1,46,0.13031161473087818,Counterfactual,0.18,0.9348441926345608,"More
likely"
general,vote,"Vote Choice, General Election",Republican,-1,6,0.06,Counterfactual,0.18,0.03,"Less
likely"
general,vote,"Vote Choice, General Election",Republican,0,86,0.86,Counterfactual,0.18,0.48999999999999994,"No
change"
general,vote,"Vote Choice, General Election",Republican,1,8,0.08,Counterfactual,0.18,0.9599999999999999,"More
likely"
general,vote,"Vote Choice, General Election",Democrat,-1,11,0.013819095477386936,Counterfactual,0.18,0.006909547738693468,NA
general,vote,"Vote Choice, General Election",Democrat,0,776,0.9748743718592965,Counterfactual,0.18,0.5012562814070352,"No
change"
general,vote,"Vote Choice, General Election",Democrat,1,9,0.011306532663316583,Counterfactual,0.18,0.9943467336683417,"More
likely"
general,vote,"Vote Choice, General Election",Independent,-1,7,0.026515151515151516,Counterfactual,0.18,0.013257575757575758,"Less
likely"
general,vote,"Vote Choice, General Election",Independent,0,246,0.9318181818181818,Counterfactual,0.18,0.4924242424242424,"No
change"
general,vote,"Vote Choice, General Election",Independent,1,11,0.041666666666666664,Counterfactual,0.18,0.9791666666666665,"More
likely"
primary,vote,"Vote Choice, Republican Primary",Republican,-1,35,0.040697674418604654,Counterfactual,0.18,0.020348837209302327,"Less
likely"
primary,vote,"Vote Choice, Republican Primary",Republican,0,808,0.9395348837209302,Counterfactual,0.18,0.5104651162790697,"No
change"
primary,vote,"Vote Choice, Republican Primary",Republican,1,17,0.019767441860465116,Counterfactual,0.18,0.9901162790697673,"More
likely"
primary,vote,"Vote Choice, Republican Primary",Democrat,-1,1,0.023255813953488372,Counterfactual,0.18,0.011627906976744186,NA
primary,vote,"Vote Choice, Republican Primary",Democrat,0,42,0.9767441860465116,Counterfactual,0.18,0.5116279069767442,"No
change"
primary,vote,"Vote Choice, Republican Primary",Independent,-1,1,0.016666666666666666,Counterfactual,0.18,0.008333333333333333,"Less
likely"
primary,vote,"Vote Choice, Republican Primary",Independent,0,58,0.9666666666666667,Counterfactual,0.18,0.5,"No
change"
primary,vote,"Vote Choice, Republican Primary",Independent,1,1,0.016666666666666666,Counterfactual,0.18,0.9916666666666667,"More
likely"
docs,docs,Belief Trump Mishandled Docs,Republican,-1,26,0.02832244008714597,Counterfactual,0.19,0.014161220043572984,"Less
likely"
docs,docs,Belief Trump Mishandled Docs,Republican,0,815,0.8877995642701525,Counterfactual,0.19,0.47222222222222227,"No
change"
docs,docs,Belief Trump Mishandled Docs,Republican,1,77,0.08387799564270153,Counterfactual,0.19,0.9580610021786492,"More
likely"
docs,docs,Belief Trump Mishandled Docs,Democrat,-1,15,0.016163793103448277,Counterfactual,0.19,0.008081896551724138,NA
docs,docs,Belief Trump Mishandled Docs,Democrat,0,789,0.8502155172413793,Counterfactual,0.19,0.44127155172413796,"No
change"
docs,docs,Belief Trump Mishandled Docs,Democrat,1,124,0.1336206896551724,Counterfactual,0.19,0.9331896551724138,"More
likely"
docs,docs,Belief Trump Mishandled Docs,Independent,-1,9,0.025495750708215296,Counterfactual,0.19,0.012747875354107648,"Less
likely"
docs,docs,Belief Trump Mishandled Docs,Independent,0,300,0.8498583569405099,Counterfactual,0.19,0.45042492917847027,"No
change"
docs,docs,Belief Trump Mishandled Docs,Independent,1,44,0.12464589235127478,Counterfactual,0.19,0.9376770538243626,"More
likely"
general,vote,"Vote Choice, General Election",Republican,-1,6,0.06,Counterfactual,0.19,0.03,"Less
likely"
general,vote,"Vote Choice, General Election",Republican,0,86,0.86,Counterfactual,0.19,0.48999999999999994,"No
change"
general,vote,"Vote Choice, General Election",Republican,1,8,0.08,Counterfactual,0.19,0.9599999999999999,"More
likely"
general,vote,"Vote Choice, General Election",Democrat,-1,10,0.01256281407035176,Counterfactual,0.19,0.00628140703517588,NA
general,vote,"Vote Choice, General Election",Democrat,0,777,0.9761306532663316,Counterfactual,0.19,0.5006281407035176,"No
change"
general,vote,"Vote Choice, General Election",Democrat,1,9,0.011306532663316583,Counterfactual,0.19,0.9943467336683417,"More
likely"
general,vote,"Vote Choice, General Election",Independent,-1,7,0.026515151515151516,Counterfactual,0.19,0.013257575757575758,"Less
likely"
general,vote,"Vote Choice, General Election",Independent,0,247,0.9356060606060606,Counterfactual,0.19,0.49431818181818177,"No
change"
general,vote,"Vote Choice, General Election",Independent,1,10,0.03787878787878788,Counterfactual,0.19,0.981060606060606,"More
likely"
primary,vote,"Vote Choice, Republican Primary",Republican,-1,34,0.03953488372093023,Counterfactual,0.19,0.019767441860465116,"Less
likely"
primary,vote,"Vote Choice, Republican Primary",Republican,0,811,0.9430232558139535,Counterfactual,0.19,0.511046511627907,"No
change"
primary,vote,"Vote Choice, Republican Primary",Republican,1,15,0.01744186046511628,Counterfactual,0.19,0.9912790697674418,"More
likely"
primary,vote,"Vote Choice, Republican Primary",Democrat,-1,1,0.023255813953488372,Counterfactual,0.19,0.011627906976744186,NA
primary,vote,"Vote Choice, Republican Primary",Democrat,0,42,0.9767441860465116,Counterfactual,0.19,0.5116279069767442,"No
change"
primary,vote,"Vote Choice, Republican Primary",Independent,-1,1,0.016666666666666666,Counterfactual,0.19,0.008333333333333333,"Less
likely"
primary,vote,"Vote Choice, Republican Primary",Independent,0,58,0.9666666666666667,Counterfactual,0.19,0.5,"No
change"
primary,vote,"Vote Choice, Republican Primary",Independent,1,1,0.016666666666666666,Counterfactual,0.19,0.9916666666666667,"More
likely"
docs,docs,Belief Trump Mishandled Docs,Republican,-1,25,0.027233115468409588,Counterfactual,0.2,0.013616557734204794,"Less
likely"
docs,docs,Belief Trump Mishandled Docs,Republican,0,820,0.8932461873638344,Counterfactual,0.2,0.4738562091503268,"No
change"
docs,docs,Belief Trump Mishandled Docs,Republican,1,73,0.07952069716775599,Counterfactual,0.2,0.960239651416122,"More
likely"
docs,docs,Belief Trump Mishandled Docs,Democrat,-1,13,0.014008620689655173,Counterfactual,0.2,0.007004310344827586,NA
docs,docs,Belief Trump Mishandled Docs,Democrat,0,804,0.8663793103448276,Counterfactual,0.2,0.44719827586206895,"No
change"
docs,docs,Belief Trump Mishandled Docs,Democrat,1,111,0.11961206896551724,Counterfactual,0.2,0.9401939655172413,"More
likely"
docs,docs,Belief Trump Mishandled Docs,Independent,-1,9,0.025495750708215296,Counterfactual,0.2,0.012747875354107648,"Less
likely"
docs,docs,Belief Trump Mishandled Docs,Independent,0,303,0.8583569405099151,Counterfactual,0.2,0.45467422096317284,"No
change"
docs,docs,Belief Trump Mishandled Docs,Independent,1,41,0.11614730878186968,Counterfactual,0.2,0.9419263456090652,"More
likely"
general,vote,"Vote Choice, General Election",Republican,-1,6,0.06,Counterfactual,0.2,0.03,"Less
likely"
general,vote,"Vote Choice, General Election",Republican,0,86,0.86,Counterfactual,0.2,0.48999999999999994,"No
change"
general,vote,"Vote Choice, General Election",Republican,1,8,0.08,Counterfactual,0.2,0.9599999999999999,"More
likely"
general,vote,"Vote Choice, General Election",Democrat,-1,8,0.010050251256281407,Counterfactual,0.2,0.005025125628140704,NA
general,vote,"Vote Choice, General Election",Democrat,0,779,0.9786432160804021,Counterfactual,0.2,0.4993718592964825,"No
change"
general,vote,"Vote Choice, General Election",Democrat,1,9,0.011306532663316583,Counterfactual,0.2,0.9943467336683417,"More
likely"
general,vote,"Vote Choice, General Election",Independent,-1,7,0.026515151515151516,Counterfactual,0.2,0.013257575757575758,"Less
likely"
general,vote,"Vote Choice, General Election",Independent,0,247,0.9356060606060606,Counterfactual,0.2,0.49431818181818177,"No
change"
general,vote,"Vote Choice, General Election",Independent,1,10,0.03787878787878788,Counterfactual,0.2,0.981060606060606,"More
likely"
primary,vote,"Vote Choice, Republican Primary",Republican,-1,29,0.03372093023255814,Counterfactual,0.2,0.01686046511627907,"Less
likely"
primary,vote,"Vote Choice, Republican Primary",Republican,0,816,0.9488372093023256,Counterfactual,0.2,0.508139534883721,"No
change"
primary,vote,"Vote Choice, Republican Primary",Republican,1,15,0.01744186046511628,Counterfactual,0.2,0.9912790697674418,"More
likely"
primary,vote,"Vote Choice, Republican Primary",Democrat,0,43,1,Counterfactual,0.2,0.5,"No
change"
primary,vote,"Vote Choice, Republican Primary",Independent,-1,1,0.016666666666666666,Counterfactual,0.2,0.008333333333333333,"Less
likely"
primary,vote,"Vote Choice, Republican Primary",Independent,0,58,0.9666666666666667,Counterfactual,0.2,0.5,"No
change"
primary,vote,"Vote Choice, Republican Primary",Independent,1,1,0.016666666666666666,Counterfactual,0.2,0.9916666666666667,"More
likely"
docs,docs,Belief Trump Mishandled Docs,Republican,-1,23,0.02505446623093682,Counterfactual,0.21,0.01252723311546841,"Less
likely"
docs,docs,Belief Trump Mishandled Docs,Republican,0,831,0.9052287581699346,Counterfactual,0.21,0.4776688453159041,"No
change"
docs,docs,Belief Trump Mishandled Docs,Republican,1,64,0.06971677559912855,Counterfactual,0.21,0.9651416122004357,"More
likely"
docs,docs,Belief Trump Mishandled Docs,Democrat,-1,13,0.014008620689655173,Counterfactual,0.21,0.007004310344827586,NA
docs,docs,Belief Trump Mishandled Docs,Democrat,0,809,0.8717672413793104,Counterfactual,0.21,0.44989224137931033,"No
change"
docs,docs,Belief Trump Mishandled Docs,Democrat,1,106,0.11422413793103449,Counterfactual,0.21,0.9428879310344828,"More
likely"
docs,docs,Belief Trump Mishandled Docs,Independent,-1,9,0.025495750708215296,Counterfactual,0.21,0.012747875354107648,"Less
likely"
docs,docs,Belief Trump Mishandled Docs,Independent,0,305,0.8640226628895185,Counterfactual,0.21,0.45750708215297453,"No
change"
docs,docs,Belief Trump Mishandled Docs,Independent,1,39,0.11048158640226628,Counterfactual,0.21,0.9447592067988668,"More
likely"
general,vote,"Vote Choice, General Election",Republican,-1,5,0.05,Counterfactual,0.21,0.025,"Less
likely"
general,vote,"Vote Choice, General Election",Republican,0,88,0.88,Counterfactual,0.21,0.49000000000000005,"No
change"
general,vote,"Vote Choice, General Election",Republican,1,7,0.07,Counterfactual,0.21,0.965,"More
likely"
general,vote,"Vote Choice, General Election",Democrat,-1,7,0.008793969849246231,Counterfactual,0.21,0.0043969849246231155,NA
general,vote,"Vote Choice, General Election",Democrat,0,780,0.9798994974874372,Counterfactual,0.21,0.4987437185929648,"No
change"
general,vote,"Vote Choice, General Election",Democrat,1,9,0.011306532663316583,Counterfactual,0.21,0.9943467336683417,"More
likely"
general,vote,"Vote Choice, General Election",Independent,-1,7,0.026515151515151516,Counterfactual,0.21,0.013257575757575758,"Less
likely"
general,vote,"Vote Choice, General Election",Independent,0,247,0.9356060606060606,Counterfactual,0.21,0.49431818181818177,"No
change"
general,vote,"Vote Choice, General Election",Independent,1,10,0.03787878787878788,Counterfactual,0.21,0.981060606060606,"More
likely"
primary,vote,"Vote Choice, Republican Primary",Republican,-1,27,0.031395348837209305,Counterfactual,0.21,0.015697674418604653,"Less
likely"
primary,vote,"Vote Choice, Republican Primary",Republican,0,821,0.9546511627906977,Counterfactual,0.21,0.5087209302325582,"No
change"
primary,vote,"Vote Choice, Republican Primary",Republican,1,12,0.013953488372093023,Counterfactual,0.21,0.9930232558139535,"More
likely"
primary,vote,"Vote Choice, Republican Primary",Democrat,0,43,1,Counterfactual,0.21,0.5,"No
change"
primary,vote,"Vote Choice, Republican Primary",Independent,-1,1,0.016666666666666666,Counterfactual,0.21,0.008333333333333333,"Less
likely"
primary,vote,"Vote Choice, Republican Primary",Independent,0,58,0.9666666666666667,Counterfactual,0.21,0.5,"No
change"
primary,vote,"Vote Choice, Republican Primary",Independent,1,1,0.016666666666666666,Counterfactual,0.21,0.9916666666666667,"More
likely"
docs,docs,Belief Trump Mishandled Docs,Republican,-1,22,0.023965141612200435,Counterfactual,0.22,0.011982570806100218,"Less
likely"
docs,docs,Belief Trump Mishandled Docs,Republican,0,837,0.9117647058823529,Counterfactual,0.22,0.4798474945533769,"No
change"
docs,docs,Belief Trump Mishandled Docs,Republican,1,59,0.06427015250544663,Counterfactual,0.22,0.9678649237472767,"More
likely"
docs,docs,Belief Trump Mishandled Docs,Democrat,-1,13,0.014008620689655173,Counterfactual,0.22,0.007004310344827586,NA
docs,docs,Belief Trump Mishandled Docs,Democrat,0,814,0.8771551724137931,Counterfactual,0.22,0.4525862068965517,"No
change"
docs,docs,Belief Trump Mishandled Docs,Democrat,1,101,0.10883620689655173,Counterfactual,0.22,0.9455818965517241,"More
likely"
docs,docs,Belief Trump Mishandled Docs,Independent,-1,9,0.025495750708215296,Counterfactual,0.22,0.012747875354107648,"Less
likely"
docs,docs,Belief Trump Mishandled Docs,Independent,0,308,0.8725212464589235,Counterfactual,0.22,0.46175637393767704,"No
change"
docs,docs,Belief Trump Mishandled Docs,Independent,1,36,0.10198300283286119,Counterfactual,0.22,0.9490084985835694,"More
likely"
general,vote,"Vote Choice, General Election",Republican,-1,5,0.05,Counterfactual,0.22,0.025,"Less
likely"
general,vote,"Vote Choice, General Election",Republican,0,88,0.88,Counterfactual,0.22,0.49000000000000005,"No
change"
general,vote,"Vote Choice, General Election",Republican,1,7,0.07,Counterfactual,0.22,0.965,"More
likely"
general,vote,"Vote Choice, General Election",Democrat,-1,7,0.008793969849246231,Counterfactual,0.22,0.0043969849246231155,NA
general,vote,"Vote Choice, General Election",Democrat,0,780,0.9798994974874372,Counterfactual,0.22,0.4987437185929648,"No
change"
general,vote,"Vote Choice, General Election",Democrat,1,9,0.011306532663316583,Counterfactual,0.22,0.9943467336683417,"More
likely"
general,vote,"Vote Choice, General Election",Independent,-1,6,0.022727272727272728,Counterfactual,0.22,0.011363636363636364,"Less
likely"
general,vote,"Vote Choice, General Election",Independent,0,249,0.9431818181818182,Counterfactual,0.22,0.4943181818181818,"No
change"
general,vote,"Vote Choice, General Election",Independent,1,9,0.03409090909090909,Counterfactual,0.22,0.9829545454545454,"More
likely"
primary,vote,"Vote Choice, Republican Primary",Republican,-1,27,0.031395348837209305,Counterfactual,0.22,0.015697674418604653,"Less
likely"
primary,vote,"Vote Choice, Republican Primary",Republican,0,823,0.9569767441860465,Counterfactual,0.22,0.5098837209302325,"No
change"
primary,vote,"Vote Choice, Republican Primary",Republican,1,10,0.011627906976744186,Counterfactual,0.22,0.9941860465116279,"More
likely"
primary,vote,"Vote Choice, Republican Primary",Democrat,0,43,1,Counterfactual,0.22,0.5,"No
change"
primary,vote,"Vote Choice, Republican Primary",Independent,-1,1,0.016666666666666666,Counterfactual,0.22,0.008333333333333333,"Less
likely"
primary,vote,"Vote Choice, Republican Primary",Independent,0,58,0.9666666666666667,Counterfactual,0.22,0.5,"No
change"
primary,vote,"Vote Choice, Republican Primary",Independent,1,1,0.016666666666666666,Counterfactual,0.22,0.9916666666666667,"More
likely"
docs,docs,Belief Trump Mishandled Docs,Republican,-1,22,0.023965141612200435,Counterfactual,0.23,0.011982570806100218,"Less
likely"
docs,docs,Belief Trump Mishandled Docs,Republican,0,839,0.9139433551198257,Counterfactual,0.23,0.4809368191721133,"No
change"
docs,docs,Belief Trump Mishandled Docs,Republican,1,57,0.06209150326797386,Counterfactual,0.23,0.9689542483660131,"More
likely"
docs,docs,Belief Trump Mishandled Docs,Democrat,-1,13,0.014008620689655173,Counterfactual,0.23,0.007004310344827586,NA
docs,docs,Belief Trump Mishandled Docs,Democrat,0,814,0.8771551724137931,Counterfactual,0.23,0.4525862068965517,"No
change"
docs,docs,Belief Trump Mishandled Docs,Democrat,1,101,0.10883620689655173,Counterfactual,0.23,0.9455818965517241,"More
likely"
docs,docs,Belief Trump Mishandled Docs,Independent,-1,9,0.025495750708215296,Counterfactual,0.23,0.012747875354107648,"Less
likely"
docs,docs,Belief Trump Mishandled Docs,Independent,0,308,0.8725212464589235,Counterfactual,0.23,0.46175637393767704,"No
change"
docs,docs,Belief Trump Mishandled Docs,Independent,1,36,0.10198300283286119,Counterfactual,0.23,0.9490084985835694,"More
likely"
general,vote,"Vote Choice, General Election",Republican,-1,5,0.05,Counterfactual,0.23,0.025,"Less
likely"
general,vote,"Vote Choice, General Election",Republican,0,88,0.88,Counterfactual,0.23,0.49000000000000005,"No
change"
general,vote,"Vote Choice, General Election",Republican,1,7,0.07,Counterfactual,0.23,0.965,"More
likely"
general,vote,"Vote Choice, General Election",Democrat,-1,7,0.008793969849246231,Counterfactual,0.23,0.0043969849246231155,NA
general,vote,"Vote Choice, General Election",Democrat,0,780,0.9798994974874372,Counterfactual,0.23,0.4987437185929648,"No
change"
general,vote,"Vote Choice, General Election",Democrat,1,9,0.011306532663316583,Counterfactual,0.23,0.9943467336683417,"More
likely"
general,vote,"Vote Choice, General Election",Independent,-1,6,0.022727272727272728,Counterfactual,0.23,0.011363636363636364,"Less
likely"
general,vote,"Vote Choice, General Election",Independent,0,249,0.9431818181818182,Counterfactual,0.23,0.4943181818181818,"No
change"
general,vote,"Vote Choice, General Election",Independent,1,9,0.03409090909090909,Counterfactual,0.23,0.9829545454545454,"More
likely"
primary,vote,"Vote Choice, Republican Primary",Republican,-1,27,0.031395348837209305,Counterfactual,0.23,0.015697674418604653,"Less
likely"
primary,vote,"Vote Choice, Republican Primary",Republican,0,823,0.9569767441860465,Counterfactual,0.23,0.5098837209302325,"No
change"
primary,vote,"Vote Choice, Republican Primary",Republican,1,10,0.011627906976744186,Counterfactual,0.23,0.9941860465116279,"More
likely"
primary,vote,"Vote Choice, Republican Primary",Democrat,0,43,1,Counterfactual,0.23,0.5,"No
change"
primary,vote,"Vote Choice, Republican Primary",Independent,-1,1,0.016666666666666666,Counterfactual,0.23,0.008333333333333333,"Less
likely"
primary,vote,"Vote Choice, Republican Primary",Independent,0,58,0.9666666666666667,Counterfactual,0.23,0.5,"No
change"
primary,vote,"Vote Choice, Republican Primary",Independent,1,1,0.016666666666666666,Counterfactual,0.23,0.9916666666666667,"More
likely"
docs,docs,Belief Trump Mishandled Docs,Republican,-1,22,0.023965141612200435,Counterfactual,0.24,0.011982570806100218,"Less
likely"
docs,docs,Belief Trump Mishandled Docs,Republican,0,839,0.9139433551198257,Counterfactual,0.24,0.4809368191721133,"No
change"
docs,docs,Belief Trump Mishandled Docs,Republican,1,57,0.06209150326797386,Counterfactual,0.24,0.9689542483660131,"More
likely"
docs,docs,Belief Trump Mishandled Docs,Democrat,-1,13,0.014008620689655173,Counterfactual,0.24,0.007004310344827586,NA
docs,docs,Belief Trump Mishandled Docs,Democrat,0,816,0.8793103448275862,Counterfactual,0.24,0.45366379310344823,"No
change"
docs,docs,Belief Trump Mishandled Docs,Democrat,1,99,0.10668103448275862,Counterfactual,0.24,0.9466594827586207,"More
likely"
docs,docs,Belief Trump Mishandled Docs,Independent,-1,9,0.025495750708215296,Counterfactual,0.24,0.012747875354107648,"Less
likely"
docs,docs,Belief Trump Mishandled Docs,Independent,0,308,0.8725212464589235,Counterfactual,0.24,0.46175637393767704,"No
change"
docs,docs,Belief Trump Mishandled Docs,Independent,1,36,0.10198300283286119,Counterfactual,0.24,0.9490084985835694,"More
likely"
general,vote,"Vote Choice, General Election",Republican,-1,5,0.05,Counterfactual,0.24,0.025,"Less
likely"
general,vote,"Vote Choice, General Election",Republican,0,89,0.89,Counterfactual,0.24,0.49500000000000005,"No
change"
general,vote,"Vote Choice, General Election",Republican,1,6,0.06,Counterfactual,0.24,0.97,"More
likely"
general,vote,"Vote Choice, General Election",Democrat,-1,7,0.008793969849246231,Counterfactual,0.24,0.0043969849246231155,NA
general,vote,"Vote Choice, General Election",Democrat,0,780,0.9798994974874372,Counterfactual,0.24,0.4987437185929648,"No
change"
general,vote,"Vote Choice, General Election",Democrat,1,9,0.011306532663316583,Counterfactual,0.24,0.9943467336683417,"More
likely"
general,vote,"Vote Choice, General Election",Independent,-1,6,0.022727272727272728,Counterfactual,0.24,0.011363636363636364,"Less
likely"
general,vote,"Vote Choice, General Election",Independent,0,249,0.9431818181818182,Counterfactual,0.24,0.4943181818181818,"No
change"
general,vote,"Vote Choice, General Election",Independent,1,9,0.03409090909090909,Counterfactual,0.24,0.9829545454545454,"More
likely"
primary,vote,"Vote Choice, Republican Primary",Republican,-1,26,0.030232558139534883,Counterfactual,0.24,0.015116279069767442,"Less
likely"
primary,vote,"Vote Choice, Republican Primary",Republican,0,825,0.9593023255813954,Counterfactual,0.24,0.5098837209302325,"No
change"
primary,vote,"Vote Choice, Republican Primary",Republican,1,9,0.010465116279069767,Counterfactual,0.24,0.9947674418604651,"More
likely"
primary,vote,"Vote Choice, Republican Primary",Democrat,0,43,1,Counterfactual,0.24,0.5,"No
change"
primary,vote,"Vote Choice, Republican Primary",Independent,-1,1,0.016666666666666666,Counterfactual,0.24,0.008333333333333333,"Less
likely"
primary,vote,"Vote Choice, Republican Primary",Independent,0,59,0.9833333333333333,Counterfactual,0.24,0.5083333333333333,"No
change"
docs,docs,Belief Trump Mishandled Docs,Republican,-1,20,0.02178649237472767,Counterfactual,0.25,0.010893246187363835,"Less
likely"
docs,docs,Belief Trump Mishandled Docs,Republican,0,845,0.920479302832244,Counterfactual,0.25,0.4820261437908496,"No
change"
docs,docs,Belief Trump Mishandled Docs,Republican,1,53,0.05773420479302832,Counterfactual,0.25,0.9711328976034859,"More
likely"
docs,docs,Belief Trump Mishandled Docs,Democrat,-1,13,0.014008620689655173,Counterfactual,0.25,0.007004310344827586,NA
docs,docs,Belief Trump Mishandled Docs,Democrat,0,824,0.8879310344827587,Counterfactual,0.25,0.4579741379310345,"No
change"
docs,docs,Belief Trump Mishandled Docs,Democrat,1,91,0.0980603448275862,Counterfactual,0.25,0.9509698275862069,"More
likely"
docs,docs,Belief Trump Mishandled Docs,Independent,-1,9,0.025495750708215296,Counterfactual,0.25,0.012747875354107648,"Less
likely"
docs,docs,Belief Trump Mishandled Docs,Independent,0,310,0.8781869688385269,Counterfactual,0.25,0.46458923512747874,"No
change"
docs,docs,Belief Trump Mishandled Docs,Independent,1,34,0.09631728045325778,Counterfactual,0.25,0.9518413597733711,"More
likely"
general,vote,"Vote Choice, General Election",Republican,-1,5,0.05,Counterfactual,0.25,0.025,"Less
likely"
general,vote,"Vote Choice, General Election",Republican,0,90,0.9,Counterfactual,0.25,0.5,"No
change"
general,vote,"Vote Choice, General Election",Republican,1,5,0.05,Counterfactual,0.25,0.975,"More
likely"
general,vote,"Vote Choice, General Election",Democrat,-1,7,0.008793969849246231,Counterfactual,0.25,0.0043969849246231155,NA
general,vote,"Vote Choice, General Election",Democrat,0,780,0.9798994974874372,Counterfactual,0.25,0.4987437185929648,"No
change"
general,vote,"Vote Choice, General Election",Democrat,1,9,0.011306532663316583,Counterfactual,0.25,0.9943467336683417,"More
likely"
general,vote,"Vote Choice, General Election",Independent,-1,6,0.022727272727272728,Counterfactual,0.25,0.011363636363636364,"Less
likely"
general,vote,"Vote Choice, General Election",Independent,0,251,0.9507575757575758,Counterfactual,0.25,0.4981060606060606,"No
change"
general,vote,"Vote Choice, General Election",Independent,1,7,0.026515151515151516,Counterfactual,0.25,0.9867424242424242,"More
likely"
primary,vote,"Vote Choice, Republican Primary",Republican,-1,24,0.027906976744186046,Counterfactual,0.25,0.013953488372093023,"Less
likely"
primary,vote,"Vote Choice, Republican Primary",Republican,0,827,0.9616279069767442,Counterfactual,0.25,0.5087209302325582,"No
change"
primary,vote,"Vote Choice, Republican Primary",Republican,1,9,0.010465116279069767,Counterfactual,0.25,0.9947674418604651,"More
likely"
primary,vote,"Vote Choice, Republican Primary",Democrat,0,43,1,Counterfactual,0.25,0.5,"No
change"
primary,vote,"Vote Choice, Republican Primary",Independent,-1,1,0.016666666666666666,Counterfactual,0.25,0.008333333333333333,"Less
likely"
primary,vote,"Vote Choice, Republican Primary",Independent,0,59,0.9833333333333333,Counterfactual,0.25,0.5083333333333333,"No
change"
docs,docs,Belief Trump Mishandled Docs,Republican,-1,20,0.02178649237472767,Counterfactual,0.26,0.010893246187363835,"Less
likely"
docs,docs,Belief Trump Mishandled Docs,Republican,0,851,0.9270152505446623,Counterfactual,0.26,0.48529411764705876,"No
change"
docs,docs,Belief Trump Mishandled Docs,Republican,1,47,0.05119825708061002,Counterfactual,0.26,0.9744008714596949,"More
likely"
docs,docs,Belief Trump Mishandled Docs,Democrat,-1,12,0.01293103448275862,Counterfactual,0.26,0.00646551724137931,NA
docs,docs,Belief Trump Mishandled Docs,Democrat,0,837,0.9019396551724138,Counterfactual,0.26,0.4639008620689656,"No
change"
docs,docs,Belief Trump Mishandled Docs,Democrat,1,79,0.08512931034482758,Counterfactual,0.26,0.9574353448275862,"More
likely"
docs,docs,Belief Trump Mishandled Docs,Independent,-1,7,0.019830028328611898,Counterfactual,0.26,0.009915014164305949,"Less
likely"
docs,docs,Belief Trump Mishandled Docs,Independent,0,321,0.9093484419263456,Counterfactual,0.26,0.4745042492917847,"No
change"
docs,docs,Belief Trump Mishandled Docs,Independent,1,25,0.0708215297450425,Counterfactual,0.26,0.9645892351274787,"More
likely"
general,vote,"Vote Choice, General Election",Republican,-1,5,0.05,Counterfactual,0.26,0.025,"Less
likely"
general,vote,"Vote Choice, General Election",Republican,0,90,0.9,Counterfactual,0.26,0.5,"No
change"
general,vote,"Vote Choice, General Election",Republican,1,5,0.05,Counterfactual,0.26,0.975,"More
likely"
general,vote,"Vote Choice, General Election",Democrat,-1,6,0.007537688442211055,Counterfactual,0.26,0.0037688442211055275,NA
general,vote,"Vote Choice, General Election",Democrat,0,783,0.9836683417085427,Counterfactual,0.26,0.49937185929648237,"No
change"
general,vote,"Vote Choice, General Election",Democrat,1,7,0.008793969849246231,Counterfactual,0.26,0.9956030150753767,"More
likely"
general,vote,"Vote Choice, General Election",Independent,-1,5,0.01893939393939394,Counterfactual,0.26,0.00946969696969697,"Less
likely"
general,vote,"Vote Choice, General Election",Independent,0,254,0.9621212121212122,Counterfactual,0.26,0.5,"No
change"
general,vote,"Vote Choice, General Election",Independent,1,5,0.01893939393939394,Counterfactual,0.26,0.990530303030303,"More
likely"
primary,vote,"Vote Choice, Republican Primary",Republican,-1,23,0.026744186046511628,Counterfactual,0.26,0.013372093023255814,"Less
likely"
primary,vote,"Vote Choice, Republican Primary",Republican,0,829,0.963953488372093,Counterfactual,0.26,0.5087209302325582,"No
change"
primary,vote,"Vote Choice, Republican Primary",Republican,1,8,0.009302325581395349,Counterfactual,0.26,0.9953488372093023,"More
likely"
primary,vote,"Vote Choice, Republican Primary",Democrat,0,43,1,Counterfactual,0.26,0.5,"No
change"
primary,vote,"Vote Choice, Republican Primary",Independent,-1,1,0.016666666666666666,Counterfactual,0.26,0.008333333333333333,"Less
likely"
primary,vote,"Vote Choice, Republican Primary",Independent,0,59,0.9833333333333333,Counterfactual,0.26,0.5083333333333333,"No
change"
docs,docs,Belief Trump Mishandled Docs,Republican,-1,17,0.018518518518518517,Counterfactual,0.27,0.009259259259259259,"Less
likely"
docs,docs,Belief Trump Mishandled Docs,Republican,0,856,0.9324618736383442,Counterfactual,0.27,0.4847494553376906,"No
change"
docs,docs,Belief Trump Mishandled Docs,Republican,1,45,0.049019607843137254,Counterfactual,0.27,0.9754901960784313,"More
likely"
docs,docs,Belief Trump Mishandled Docs,Democrat,-1,11,0.011853448275862068,Counterfactual,0.27,0.005926724137931034,NA
docs,docs,Belief Trump Mishandled Docs,Democrat,0,841,0.90625,Counterfactual,0.27,0.4649784482758621,"No
change"
docs,docs,Belief Trump Mishandled Docs,Democrat,1,76,0.08189655172413793,Counterfactual,0.27,0.959051724137931,"More
likely"
docs,docs,Belief Trump Mishandled Docs,Independent,-1,6,0.0169971671388102,Counterfactual,0.27,0.0084985835694051,"Less
likely"
docs,docs,Belief Trump Mishandled Docs,Independent,0,322,0.9121813031161473,Counterfactual,0.27,0.4730878186968838,"No
change"
docs,docs,Belief Trump Mishandled Docs,Independent,1,25,0.0708215297450425,Counterfactual,0.27,0.9645892351274787,"More
likely"
general,vote,"Vote Choice, General Election",Republican,-1,4,0.04,Counterfactual,0.27,0.02,"Less
likely"
general,vote,"Vote Choice, General Election",Republican,0,91,0.91,Counterfactual,0.27,0.49500000000000005,"No
change"
general,vote,"Vote Choice, General Election",Republican,1,5,0.05,Counterfactual,0.27,0.975,"More
likely"
general,vote,"Vote Choice, General Election",Democrat,-1,5,0.00628140703517588,Counterfactual,0.27,0.00314070351758794,NA
general,vote,"Vote Choice, General Election",Democrat,0,784,0.9849246231155779,Counterfactual,0.27,0.49874371859296485,"No
change"
general,vote,"Vote Choice, General Election",Democrat,1,7,0.008793969849246231,Counterfactual,0.27,0.9956030150753769,"More
likely"
general,vote,"Vote Choice, General Election",Independent,-1,4,0.015151515151515152,Counterfactual,0.27,0.007575757575757576,"Less
likely"
general,vote,"Vote Choice, General Election",Independent,0,255,0.9659090909090909,Counterfactual,0.27,0.4981060606060606,"No
change"
general,vote,"Vote Choice, General Election",Independent,1,5,0.01893939393939394,Counterfactual,0.27,0.990530303030303,"More
likely"
primary,vote,"Vote Choice, Republican Primary",Republican,-1,23,0.026744186046511628,Counterfactual,0.27,0.013372093023255814,"Less
likely"
primary,vote,"Vote Choice, Republican Primary",Republican,0,830,0.9651162790697675,Counterfactual,0.27,0.5093023255813953,"No
change"
primary,vote,"Vote Choice, Republican Primary",Republican,1,7,0.00813953488372093,Counterfactual,0.27,0.9959302325581395,"More
likely"
primary,vote,"Vote Choice, Republican Primary",Democrat,0,43,1,Counterfactual,0.27,0.5,"No
change"
primary,vote,"Vote Choice, Republican Primary",Independent,-1,1,0.016666666666666666,Counterfactual,0.27,0.008333333333333333,"Less
likely"
primary,vote,"Vote Choice, Republican Primary",Independent,0,59,0.9833333333333333,Counterfactual,0.27,0.5083333333333333,"No
change"
docs,docs,Belief Trump Mishandled Docs,Republican,-1,17,0.018518518518518517,Counterfactual,0.28,0.009259259259259259,"Less
likely"
docs,docs,Belief Trump Mishandled Docs,Republican,0,857,0.9335511982570807,Counterfactual,0.28,0.4852941176470588,"No
change"
docs,docs,Belief Trump Mishandled Docs,Republican,1,44,0.04793028322440087,Counterfactual,0.28,0.9760348583877996,"More
likely"
docs,docs,Belief Trump Mishandled Docs,Democrat,-1,11,0.011853448275862068,Counterfactual,0.28,0.005926724137931034,NA
docs,docs,Belief Trump Mishandled Docs,Democrat,0,843,0.9084051724137931,Counterfactual,0.28,0.4660560344827587,"No
change"
docs,docs,Belief Trump Mishandled Docs,Democrat,1,74,0.07974137931034483,Counterfactual,0.28,0.9601293103448276,"More
likely"
docs,docs,Belief Trump Mishandled Docs,Independent,-1,6,0.0169971671388102,Counterfactual,0.28,0.0084985835694051,"Less
likely"
docs,docs,Belief Trump Mishandled Docs,Independent,0,324,0.9178470254957507,Counterfactual,0.28,0.4759206798866855,"No
change"
docs,docs,Belief Trump Mishandled Docs,Independent,1,23,0.06515580736543909,Counterfactual,0.28,0.9674220963172805,"More
likely"
general,vote,"Vote Choice, General Election",Republican,-1,4,0.04,Counterfactual,0.28,0.02,"Less
likely"
general,vote,"Vote Choice, General Election",Republican,0,91,0.91,Counterfactual,0.28,0.49500000000000005,"No
change"
general,vote,"Vote Choice, General Election",Republican,1,5,0.05,Counterfactual,0.28,0.975,"More
likely"
general,vote,"Vote Choice, General Election",Democrat,-1,5,0.00628140703517588,Counterfactual,0.28,0.00314070351758794,NA
general,vote,"Vote Choice, General Election",Democrat,0,784,0.9849246231155779,Counterfactual,0.28,0.49874371859296485,"No
change"
general,vote,"Vote Choice, General Election",Democrat,1,7,0.008793969849246231,Counterfactual,0.28,0.9956030150753769,"More
likely"
general,vote,"Vote Choice, General Election",Independent,-1,4,0.015151515151515152,Counterfactual,0.28,0.007575757575757576,"Less
likely"
general,vote,"Vote Choice, General Election",Independent,0,255,0.9659090909090909,Counterfactual,0.28,0.4981060606060606,"No
change"
general,vote,"Vote Choice, General Election",Independent,1,5,0.01893939393939394,Counterfactual,0.28,0.990530303030303,"More
likely"
primary,vote,"Vote Choice, Republican Primary",Republican,-1,22,0.02558139534883721,Counterfactual,0.28,0.012790697674418604,"Less
likely"
primary,vote,"Vote Choice, Republican Primary",Republican,0,831,0.9662790697674418,Counterfactual,0.28,0.5087209302325582,"No
change"
primary,vote,"Vote Choice, Republican Primary",Republican,1,7,0.00813953488372093,Counterfactual,0.28,0.9959302325581394,"More
likely"
primary,vote,"Vote Choice, Republican Primary",Democrat,0,43,1,Counterfactual,0.28,0.5,"No
change"
primary,vote,"Vote Choice, Republican Primary",Independent,-1,1,0.016666666666666666,Counterfactual,0.28,0.008333333333333333,"Less
likely"
primary,vote,"Vote Choice, Republican Primary",Independent,0,59,0.9833333333333333,Counterfactual,0.28,0.5083333333333333,"No
change"
docs,docs,Belief Trump Mishandled Docs,Republican,-1,17,0.018518518518518517,Counterfactual,0.29,0.009259259259259259,"Less
likely"
docs,docs,Belief Trump Mishandled Docs,Republican,0,859,0.9357298474945533,Counterfactual,0.29,0.48638344226579516,"No
change"
docs,docs,Belief Trump Mishandled Docs,Republican,1,42,0.0457516339869281,Counterfactual,0.29,0.9771241830065358,"More
likely"
docs,docs,Belief Trump Mishandled Docs,Democrat,-1,11,0.011853448275862068,Counterfactual,0.29,0.005926724137931034,NA
docs,docs,Belief Trump Mishandled Docs,Democrat,0,844,0.9094827586206896,Counterfactual,0.29,0.4665948275862069,"No
change"
docs,docs,Belief Trump Mishandled Docs,Democrat,1,73,0.07866379310344827,Counterfactual,0.29,0.9606681034482759,"More
likely"
docs,docs,Belief Trump Mishandled Docs,Independent,-1,6,0.0169971671388102,Counterfactual,0.29,0.0084985835694051,"Less
likely"
docs,docs,Belief Trump Mishandled Docs,Independent,0,324,0.9178470254957507,Counterfactual,0.29,0.4759206798866855,"No
change"
docs,docs,Belief Trump Mishandled Docs,Independent,1,23,0.06515580736543909,Counterfactual,0.29,0.9674220963172805,"More
likely"
general,vote,"Vote Choice, General Election",Republican,-1,4,0.04,Counterfactual,0.29,0.02,"Less
likely"
general,vote,"Vote Choice, General Election",Republican,0,91,0.91,Counterfactual,0.29,0.49500000000000005,"No
change"
general,vote,"Vote Choice, General Election",Republican,1,5,0.05,Counterfactual,0.29,0.975,"More
likely"
general,vote,"Vote Choice, General Election",Democrat,-1,5,0.00628140703517588,Counterfactual,0.29,0.00314070351758794,NA
general,vote,"Vote Choice, General Election",Democrat,0,784,0.9849246231155779,Counterfactual,0.29,0.49874371859296485,"No
change"
general,vote,"Vote Choice, General Election",Democrat,1,7,0.008793969849246231,Counterfactual,0.29,0.9956030150753769,"More
likely"
general,vote,"Vote Choice, General Election",Independent,-1,4,0.015151515151515152,Counterfactual,0.29,0.007575757575757576,"Less
likely"
general,vote,"Vote Choice, General Election",Independent,0,255,0.9659090909090909,Counterfactual,0.29,0.4981060606060606,"No
change"
general,vote,"Vote Choice, General Election",Independent,1,5,0.01893939393939394,Counterfactual,0.29,0.990530303030303,"More
likely"
primary,vote,"Vote Choice, Republican Primary",Republican,-1,22,0.02558139534883721,Counterfactual,0.29,0.012790697674418604,"Less
likely"
primary,vote,"Vote Choice, Republican Primary",Republican,0,832,0.9674418604651163,Counterfactual,0.29,0.5093023255813953,"No
change"
primary,vote,"Vote Choice, Republican Primary",Republican,1,6,0.0069767441860465115,Counterfactual,0.29,0.9965116279069768,"More
likely"
primary,vote,"Vote Choice, Republican Primary",Democrat,0,43,1,Counterfactual,0.29,0.5,"No
change"
primary,vote,"Vote Choice, Republican Primary",Independent,-1,1,0.016666666666666666,Counterfactual,0.29,0.008333333333333333,"Less
likely"
primary,vote,"Vote Choice, Republican Primary",Independent,0,59,0.9833333333333333,Counterfactual,0.29,0.5083333333333333,"No
change"
docs,docs,Belief Trump Mishandled Docs,Republican,-1,17,0.018518518518518517,Counterfactual,0.3,0.009259259259259259,"Less
likely"
docs,docs,Belief Trump Mishandled Docs,Republican,0,863,0.9400871459694989,Counterfactual,0.3,0.48856209150326796,"No
change"
docs,docs,Belief Trump Mishandled Docs,Republican,1,38,0.04139433551198257,Counterfactual,0.3,0.9793028322440087,"More
likely"
docs,docs,Belief Trump Mishandled Docs,Democrat,-1,11,0.011853448275862068,Counterfactual,0.3,0.005926724137931034,NA
docs,docs,Belief Trump Mishandled Docs,Democrat,0,846,0.9116379310344828,Counterfactual,0.3,0.4676724137931035,"No
change"
docs,docs,Belief Trump Mishandled Docs,Democrat,1,71,0.07650862068965517,Counterfactual,0.3,0.9617456896551724,"More
likely"
docs,docs,Belief Trump Mishandled Docs,Independent,-1,5,0.014164305949008499,Counterfactual,0.3,0.007082152974504249,"Less
likely"
docs,docs,Belief Trump Mishandled Docs,Independent,0,326,0.9235127478753541,Counterfactual,0.3,0.47592067988668557,"No
change"
docs,docs,Belief Trump Mishandled Docs,Independent,1,22,0.06232294617563739,Counterfactual,0.3,0.9688385269121813,"More
likely"
general,vote,"Vote Choice, General Election",Republican,-1,4,0.04,Counterfactual,0.3,0.02,"Less
likely"
general,vote,"Vote Choice, General Election",Republican,0,91,0.91,Counterfactual,0.3,0.49500000000000005,"No
change"
general,vote,"Vote Choice, General Election",Republican,1,5,0.05,Counterfactual,0.3,0.975,"More
likely"
general,vote,"Vote Choice, General Election",Democrat,-1,5,0.00628140703517588,Counterfactual,0.3,0.00314070351758794,NA
general,vote,"Vote Choice, General Election",Democrat,0,784,0.9849246231155779,Counterfactual,0.3,0.49874371859296485,"No
change"
general,vote,"Vote Choice, General Election",Democrat,1,7,0.008793969849246231,Counterfactual,0.3,0.9956030150753769,"More
likely"
general,vote,"Vote Choice, General Election",Independent,-1,4,0.015151515151515152,Counterfactual,0.3,0.007575757575757576,"Less
likely"
general,vote,"Vote Choice, General Election",Independent,0,255,0.9659090909090909,Counterfactual,0.3,0.4981060606060606,"No
change"
general,vote,"Vote Choice, General Election",Independent,1,5,0.01893939393939394,Counterfactual,0.3,0.990530303030303,"More
likely"
primary,vote,"Vote Choice, Republican Primary",Republican,-1,22,0.02558139534883721,Counterfactual,0.3,0.012790697674418604,"Less
likely"
primary,vote,"Vote Choice, Republican Primary",Republican,0,832,0.9674418604651163,Counterfactual,0.3,0.5093023255813953,"No
change"
primary,vote,"Vote Choice, Republican Primary",Republican,1,6,0.0069767441860465115,Counterfactual,0.3,0.9965116279069768,"More
likely"
primary,vote,"Vote Choice, Republican Primary",Democrat,0,43,1,Counterfactual,0.3,0.5,"No
change"
primary,vote,"Vote Choice, Republican Primary",Independent,-1,1,0.016666666666666666,Counterfactual,0.3,0.008333333333333333,"Less
likely"
primary,vote,"Vote Choice, Republican Primary",Independent,0,59,0.9833333333333333,Counterfactual,0.3,0.5083333333333333,"No
change"
docs,docs,Belief Trump Mishandled Docs,Republican,-1,17,0.018518518518518517,Counterfactual,0.31,0.009259259259259259,"Less
likely"
docs,docs,Belief Trump Mishandled Docs,Republican,0,865,0.9422657952069716,Counterfactual,0.31,0.4896514161220043,"No
change"
docs,docs,Belief Trump Mishandled Docs,Republican,1,36,0.0392156862745098,Counterfactual,0.31,0.980392156862745,"More
likely"
docs,docs,Belief Trump Mishandled Docs,Democrat,-1,11,0.011853448275862068,Counterfactual,0.31,0.005926724137931034,NA
docs,docs,Belief Trump Mishandled Docs,Democrat,0,856,0.9224137931034483,Counterfactual,0.31,0.47306034482758624,"No
change"
docs,docs,Belief Trump Mishandled Docs,Democrat,1,61,0.06573275862068965,Counterfactual,0.31,0.9671336206896551,"More
likely"
docs,docs,Belief Trump Mishandled Docs,Independent,-1,5,0.014164305949008499,Counterfactual,0.31,0.007082152974504249,"Less
likely"
docs,docs,Belief Trump Mishandled Docs,Independent,0,326,0.9235127478753541,Counterfactual,0.31,0.47592067988668557,"No
change"
docs,docs,Belief Trump Mishandled Docs,Independent,1,22,0.06232294617563739,Counterfactual,0.31,0.9688385269121813,"More
likely"
general,vote,"Vote Choice, General Election",Republican,-1,3,0.03,Counterfactual,0.31,0.015,"Less
likely"
general,vote,"Vote Choice, General Election",Republican,0,92,0.92,Counterfactual,0.31,0.49000000000000005,"No
change"
general,vote,"Vote Choice, General Election",Republican,1,5,0.05,Counterfactual,0.31,0.975,"More
likely"
general,vote,"Vote Choice, General Election",Democrat,-1,4,0.005025125628140704,Counterfactual,0.31,0.002512562814070352,NA
general,vote,"Vote Choice, General Election",Democrat,0,785,0.9861809045226131,Counterfactual,0.31,0.49811557788944727,"No
change"
general,vote,"Vote Choice, General Election",Democrat,1,7,0.008793969849246231,Counterfactual,0.31,0.9956030150753769,"More
likely"
general,vote,"Vote Choice, General Election",Independent,-1,4,0.015151515151515152,Counterfactual,0.31,0.007575757575757576,"Less
likely"
general,vote,"Vote Choice, General Election",Independent,0,256,0.9696969696969697,Counterfactual,0.31,0.5,"No
change"
general,vote,"Vote Choice, General Election",Independent,1,4,0.015151515151515152,Counterfactual,0.31,0.9924242424242424,"More
likely"
primary,vote,"Vote Choice, Republican Primary",Republican,-1,20,0.023255813953488372,Counterfactual,0.31,0.011627906976744186,"Less
likely"
primary,vote,"Vote Choice, Republican Primary",Republican,0,834,0.9697674418604652,Counterfactual,0.31,0.508139534883721,"No
change"
primary,vote,"Vote Choice, Republican Primary",Republican,1,6,0.0069767441860465115,Counterfactual,0.31,0.9965116279069768,"More
likely"
primary,vote,"Vote Choice, Republican Primary",Democrat,0,43,1,Counterfactual,0.31,0.5,"No
change"
primary,vote,"Vote Choice, Republican Primary",Independent,-1,1,0.016666666666666666,Counterfactual,0.31,0.008333333333333333,"Less
likely"
primary,vote,"Vote Choice, Republican Primary",Independent,0,59,0.9833333333333333,Counterfactual,0.31,0.5083333333333333,"No
change"
docs,docs,Belief Trump Mishandled Docs,Republican,-1,15,0.016339869281045753,Counterfactual,0.32,0.008169934640522876,"Less
likely"
docs,docs,Belief Trump Mishandled Docs,Republican,0,870,0.9477124183006536,Counterfactual,0.32,0.4901960784313726,"No
change"
docs,docs,Belief Trump Mishandled Docs,Republican,1,33,0.03594771241830065,Counterfactual,0.32,0.9820261437908496,"More
likely"
docs,docs,Belief Trump Mishandled Docs,Democrat,-1,11,0.011853448275862068,Counterfactual,0.32,0.005926724137931034,NA
docs,docs,Belief Trump Mishandled Docs,Democrat,0,860,0.9267241379310345,Counterfactual,0.32,0.47521551724137934,"No
change"
docs,docs,Belief Trump Mishandled Docs,Democrat,1,57,0.061422413793103446,Counterfactual,0.32,0.9692887931034483,"More
likely"
docs,docs,Belief Trump Mishandled Docs,Independent,-1,4,0.0113314447592068,Counterfactual,0.32,0.0056657223796034,"Less
likely"
docs,docs,Belief Trump Mishandled Docs,Independent,0,327,0.9263456090651558,Counterfactual,0.32,0.4745042492917847,"No
change"
docs,docs,Belief Trump Mishandled Docs,Independent,1,22,0.06232294617563739,Counterfactual,0.32,0.9688385269121813,"More
likely"
general,vote,"Vote Choice, General Election",Republican,-1,3,0.03,Counterfactual,0.32,0.015,"Less
likely"
general,vote,"Vote Choice, General Election",Republican,0,92,0.92,Counterfactual,0.32,0.49000000000000005,"No
change"
general,vote,"Vote Choice, General Election",Republican,1,5,0.05,Counterfactual,0.32,0.975,"More
likely"
general,vote,"Vote Choice, General Election",Democrat,-1,4,0.005025125628140704,Counterfactual,0.32,0.002512562814070352,NA
general,vote,"Vote Choice, General Election",Democrat,0,785,0.9861809045226131,Counterfactual,0.32,0.49811557788944727,"No
change"
general,vote,"Vote Choice, General Election",Democrat,1,7,0.008793969849246231,Counterfactual,0.32,0.9956030150753769,"More
likely"
general,vote,"Vote Choice, General Election",Independent,-1,4,0.015151515151515152,Counterfactual,0.32,0.007575757575757576,"Less
likely"
general,vote,"Vote Choice, General Election",Independent,0,256,0.9696969696969697,Counterfactual,0.32,0.5,"No
change"
general,vote,"Vote Choice, General Election",Independent,1,4,0.015151515151515152,Counterfactual,0.32,0.9924242424242424,"More
likely"
primary,vote,"Vote Choice, Republican Primary",Republican,-1,20,0.023255813953488372,Counterfactual,0.32,0.011627906976744186,"Less
likely"
primary,vote,"Vote Choice, Republican Primary",Republican,0,834,0.9697674418604652,Counterfactual,0.32,0.508139534883721,"No
change"
primary,vote,"Vote Choice, Republican Primary",Republican,1,6,0.0069767441860465115,Counterfactual,0.32,0.9965116279069768,"More
likely"
primary,vote,"Vote Choice, Republican Primary",Democrat,0,43,1,Counterfactual,0.32,0.5,"No
change"
primary,vote,"Vote Choice, Republican Primary",Independent,-1,1,0.016666666666666666,Counterfactual,0.32,0.008333333333333333,"Less
likely"
primary,vote,"Vote Choice, Republican Primary",Independent,0,59,0.9833333333333333,Counterfactual,0.32,0.5083333333333333,"No
change"
docs,docs,Belief Trump Mishandled Docs,Republican,-1,14,0.015250544662309368,Counterfactual,0.33,0.007625272331154684,"Less
likely"
docs,docs,Belief Trump Mishandled Docs,Republican,0,871,0.94880174291939,Counterfactual,0.33,0.48965141612200436,"No
change"
docs,docs,Belief Trump Mishandled Docs,Republican,1,33,0.03594771241830065,Counterfactual,0.33,0.9820261437908496,"More
likely"
docs,docs,Belief Trump Mishandled Docs,Democrat,-1,11,0.011853448275862068,Counterfactual,0.33,0.005926724137931034,NA
docs,docs,Belief Trump Mishandled Docs,Democrat,0,861,0.927801724137931,Counterfactual,0.33,0.4757543103448276,"No
change"
docs,docs,Belief Trump Mishandled Docs,Democrat,1,56,0.0603448275862069,Counterfactual,0.33,0.9698275862068966,"More
likely"
docs,docs,Belief Trump Mishandled Docs,Independent,-1,4,0.0113314447592068,Counterfactual,0.33,0.0056657223796034,"Less
likely"
docs,docs,Belief Trump Mishandled Docs,Independent,0,328,0.9291784702549575,Counterfactual,0.33,0.4759206798866855,"No
change"
docs,docs,Belief Trump Mishandled Docs,Independent,1,21,0.059490084985835696,Counterfactual,0.33,0.9702549575070821,"More
likely"
general,vote,"Vote Choice, General Election",Republican,-1,3,0.03,Counterfactual,0.33,0.015,"Less
likely"
general,vote,"Vote Choice, General Election",Republican,0,92,0.92,Counterfactual,0.33,0.49000000000000005,"No
change"
general,vote,"Vote Choice, General Election",Republican,1,5,0.05,Counterfactual,0.33,0.975,"More
likely"
general,vote,"Vote Choice, General Election",Democrat,-1,4,0.005025125628140704,Counterfactual,0.33,0.002512562814070352,NA
general,vote,"Vote Choice, General Election",Democrat,0,785,0.9861809045226131,Counterfactual,0.33,0.49811557788944727,"No
change"
general,vote,"Vote Choice, General Election",Democrat,1,7,0.008793969849246231,Counterfactual,0.33,0.9956030150753769,"More
likely"
general,vote,"Vote Choice, General Election",Independent,-1,4,0.015151515151515152,Counterfactual,0.33,0.007575757575757576,"Less
likely"
general,vote,"Vote Choice, General Election",Independent,0,256,0.9696969696969697,Counterfactual,0.33,0.5,"No
change"
general,vote,"Vote Choice, General Election",Independent,1,4,0.015151515151515152,Counterfactual,0.33,0.9924242424242424,"More
likely"
primary,vote,"Vote Choice, Republican Primary",Republican,-1,20,0.023255813953488372,Counterfactual,0.33,0.011627906976744186,"Less
likely"
primary,vote,"Vote Choice, Republican Primary",Republican,0,834,0.9697674418604652,Counterfactual,0.33,0.508139534883721,"No
change"
primary,vote,"Vote Choice, Republican Primary",Republican,1,6,0.0069767441860465115,Counterfactual,0.33,0.9965116279069768,"More
likely"
primary,vote,"Vote Choice, Republican Primary",Democrat,0,43,1,Counterfactual,0.33,0.5,"No
change"
primary,vote,"Vote Choice, Republican Primary",Independent,-1,1,0.016666666666666666,Counterfactual,0.33,0.008333333333333333,"Less
likely"
primary,vote,"Vote Choice, Republican Primary",Independent,0,59,0.9833333333333333,Counterfactual,0.33,0.5083333333333333,"No
change"
docs,docs,Belief Trump Mishandled Docs,Republican,-1,14,0.015250544662309368,Counterfactual,0.34,0.007625272331154684,"Less
likely"
docs,docs,Belief Trump Mishandled Docs,Republican,0,872,0.9498910675381264,Counterfactual,0.34,0.49019607843137253,"No
change"
docs,docs,Belief Trump Mishandled Docs,Republican,1,32,0.034858387799564274,Counterfactual,0.34,0.9825708061002179,"More
likely"
docs,docs,Belief Trump Mishandled Docs,Democrat,-1,11,0.011853448275862068,Counterfactual,0.34,0.005926724137931034,NA
docs,docs,Belief Trump Mishandled Docs,Democrat,0,861,0.927801724137931,Counterfactual,0.34,0.4757543103448276,"No
change"
docs,docs,Belief Trump Mishandled Docs,Democrat,1,56,0.0603448275862069,Counterfactual,0.34,0.9698275862068966,"More
likely"
docs,docs,Belief Trump Mishandled Docs,Independent,-1,4,0.0113314447592068,Counterfactual,0.34,0.0056657223796034,"Less
likely"
docs,docs,Belief Trump Mishandled Docs,Independent,0,329,0.9320113314447592,Counterfactual,0.34,0.4773371104815864,"No
change"
docs,docs,Belief Trump Mishandled Docs,Independent,1,20,0.056657223796033995,Counterfactual,0.34,0.971671388101983,"More
likely"
general,vote,"Vote Choice, General Election",Republican,-1,3,0.03,Counterfactual,0.34,0.015,"Less
likely"
general,vote,"Vote Choice, General Election",Republican,0,92,0.92,Counterfactual,0.34,0.49000000000000005,"No
change"
general,vote,"Vote Choice, General Election",Republican,1,5,0.05,Counterfactual,0.34,0.975,"More
likely"
general,vote,"Vote Choice, General Election",Democrat,-1,4,0.005025125628140704,Counterfactual,0.34,0.002512562814070352,NA
general,vote,"Vote Choice, General Election",Democrat,0,785,0.9861809045226131,Counterfactual,0.34,0.49811557788944727,"No
change"
general,vote,"Vote Choice, General Election",Democrat,1,7,0.008793969849246231,Counterfactual,0.34,0.9956030150753769,"More
likely"
general,vote,"Vote Choice, General Election",Independent,-1,4,0.015151515151515152,Counterfactual,0.34,0.007575757575757576,"Less
likely"
general,vote,"Vote Choice, General Election",Independent,0,256,0.9696969696969697,Counterfactual,0.34,0.5,"No
change"
general,vote,"Vote Choice, General Election",Independent,1,4,0.015151515151515152,Counterfactual,0.34,0.9924242424242424,"More
likely"
primary,vote,"Vote Choice, Republican Primary",Republican,-1,20,0.023255813953488372,Counterfactual,0.34,0.011627906976744186,"Less
likely"
primary,vote,"Vote Choice, Republican Primary",Republican,0,834,0.9697674418604652,Counterfactual,0.34,0.508139534883721,"No
change"
primary,vote,"Vote Choice, Republican Primary",Republican,1,6,0.0069767441860465115,Counterfactual,0.34,0.9965116279069768,"More
likely"
primary,vote,"Vote Choice, Republican Primary",Democrat,0,43,1,Counterfactual,0.34,0.5,"No
change"
primary,vote,"Vote Choice, Republican Primary",Independent,-1,1,0.016666666666666666,Counterfactual,0.34,0.008333333333333333,"Less
likely"
primary,vote,"Vote Choice, Republican Primary",Independent,0,59,0.9833333333333333,Counterfactual,0.34,0.5083333333333333,"No
change"
docs,docs,Belief Trump Mishandled Docs,Republican,-1,13,0.014161220043572984,Counterfactual,0.35000000000000003,0.007080610021786492,"Less
likely"
docs,docs,Belief Trump Mishandled Docs,Republican,0,876,0.954248366013072,Counterfactual,0.35000000000000003,0.491285403050109,"No
change"
docs,docs,Belief Trump Mishandled Docs,Republican,1,29,0.03159041394335512,Counterfactual,0.35000000000000003,0.9842047930283224,"More
likely"
docs,docs,Belief Trump Mishandled Docs,Democrat,-1,11,0.011853448275862068,Counterfactual,0.35000000000000003,0.005926724137931034,NA
docs,docs,Belief Trump Mishandled Docs,Democrat,0,863,0.9299568965517241,Counterfactual,0.35000000000000003,0.47683189655172414,"No
change"
docs,docs,Belief Trump Mishandled Docs,Democrat,1,54,0.05818965517241379,Counterfactual,0.35000000000000003,0.9709051724137931,"More
likely"
docs,docs,Belief Trump Mishandled Docs,Independent,-1,4,0.0113314447592068,Counterfactual,0.35000000000000003,0.0056657223796034,"Less
likely"
docs,docs,Belief Trump Mishandled Docs,Independent,0,330,0.9348441926345609,Counterfactual,0.35000000000000003,0.4787535410764872,"No
change"
docs,docs,Belief Trump Mishandled Docs,Independent,1,19,0.053824362606232294,Counterfactual,0.35000000000000003,0.9730878186968838,"More
likely"
general,vote,"Vote Choice, General Election",Republican,-1,3,0.03,Counterfactual,0.35000000000000003,0.015,"Less
likely"
general,vote,"Vote Choice, General Election",Republican,0,92,0.92,Counterfactual,0.35000000000000003,0.49000000000000005,"No
change"
general,vote,"Vote Choice, General Election",Republican,1,5,0.05,Counterfactual,0.35000000000000003,0.975,"More
likely"
general,vote,"Vote Choice, General Election",Democrat,-1,4,0.005025125628140704,Counterfactual,0.35000000000000003,0.002512562814070352,NA
general,vote,"Vote Choice, General Election",Democrat,0,785,0.9861809045226131,Counterfactual,0.35000000000000003,0.49811557788944727,"No
change"
general,vote,"Vote Choice, General Election",Democrat,1,7,0.008793969849246231,Counterfactual,0.35000000000000003,0.9956030150753769,"More
likely"
general,vote,"Vote Choice, General Election",Independent,-1,4,0.015151515151515152,Counterfactual,0.35000000000000003,0.007575757575757576,"Less
likely"
general,vote,"Vote Choice, General Election",Independent,0,256,0.9696969696969697,Counterfactual,0.35000000000000003,0.5,"No
change"
general,vote,"Vote Choice, General Election",Independent,1,4,0.015151515151515152,Counterfactual,0.35000000000000003,0.9924242424242424,"More
likely"
primary,vote,"Vote Choice, Republican Primary",Republican,-1,19,0.022093023255813953,Counterfactual,0.35000000000000003,0.011046511627906977,"Less
likely"
primary,vote,"Vote Choice, Republican Primary",Republican,0,836,0.9720930232558139,Counterfactual,0.35000000000000003,0.508139534883721,"No
change"
primary,vote,"Vote Choice, Republican Primary",Republican,1,5,0.005813953488372093,Counterfactual,0.35000000000000003,0.997093023255814,"More
likely"
primary,vote,"Vote Choice, Republican Primary",Democrat,0,43,1,Counterfactual,0.35000000000000003,0.5,"No
change"
primary,vote,"Vote Choice, Republican Primary",Independent,-1,1,0.016666666666666666,Counterfactual,0.35000000000000003,0.008333333333333333,"Less
likely"
primary,vote,"Vote Choice, Republican Primary",Independent,0,59,0.9833333333333333,Counterfactual,0.35000000000000003,0.5083333333333333,"No
change"
docs,docs,Belief Trump Mishandled Docs,Republican,-1,13,0.014161220043572984,Counterfactual,0.36,0.007080610021786492,"Less
likely"
docs,docs,Belief Trump Mishandled Docs,Republican,0,877,0.9553376906318083,Counterfactual,0.36,0.49183006535947715,"No
change"
docs,docs,Belief Trump Mishandled Docs,Republican,1,28,0.030501089324618737,Counterfactual,0.36,0.9847494553376906,"More
likely"
docs,docs,Belief Trump Mishandled Docs,Democrat,-1,11,0.011853448275862068,Counterfactual,0.36,0.005926724137931034,NA
docs,docs,Belief Trump Mishandled Docs,Democrat,0,863,0.9299568965517241,Counterfactual,0.36,0.47683189655172414,"No
change"
docs,docs,Belief Trump Mishandled Docs,Democrat,1,54,0.05818965517241379,Counterfactual,0.36,0.9709051724137931,"More
likely"
docs,docs,Belief Trump Mishandled Docs,Independent,-1,4,0.0113314447592068,Counterfactual,0.36,0.0056657223796034,"Less
likely"
docs,docs,Belief Trump Mishandled Docs,Independent,0,331,0.9376770538243626,Counterfactual,0.36,0.4801699716713881,"No
change"
docs,docs,Belief Trump Mishandled Docs,Independent,1,18,0.05099150141643059,Counterfactual,0.36,0.9745042492917847,"More
likely"
general,vote,"Vote Choice, General Election",Republican,-1,3,0.03,Counterfactual,0.36,0.015,"Less
likely"
general,vote,"Vote Choice, General Election",Republican,0,92,0.92,Counterfactual,0.36,0.49000000000000005,"No
change"
general,vote,"Vote Choice, General Election",Republican,1,5,0.05,Counterfactual,0.36,0.975,"More
likely"
general,vote,"Vote Choice, General Election",Democrat,-1,4,0.005025125628140704,Counterfactual,0.36,0.002512562814070352,NA
general,vote,"Vote Choice, General Election",Democrat,0,785,0.9861809045226131,Counterfactual,0.36,0.49811557788944727,"No
change"
general,vote,"Vote Choice, General Election",Democrat,1,7,0.008793969849246231,Counterfactual,0.36,0.9956030150753769,"More
likely"
general,vote,"Vote Choice, General Election",Independent,-1,4,0.015151515151515152,Counterfactual,0.36,0.007575757575757576,"Less
likely"
general,vote,"Vote Choice, General Election",Independent,0,256,0.9696969696969697,Counterfactual,0.36,0.5,"No
change"
general,vote,"Vote Choice, General Election",Independent,1,4,0.015151515151515152,Counterfactual,0.36,0.9924242424242424,"More
likely"
primary,vote,"Vote Choice, Republican Primary",Republican,-1,19,0.022093023255813953,Counterfactual,0.36,0.011046511627906977,"Less
likely"
primary,vote,"Vote Choice, Republican Primary",Republican,0,836,0.9720930232558139,Counterfactual,0.36,0.508139534883721,"No
change"
primary,vote,"Vote Choice, Republican Primary",Republican,1,5,0.005813953488372093,Counterfactual,0.36,0.997093023255814,"More
likely"
primary,vote,"Vote Choice, Republican Primary",Democrat,0,43,1,Counterfactual,0.36,0.5,"No
change"
primary,vote,"Vote Choice, Republican Primary",Independent,-1,1,0.016666666666666666,Counterfactual,0.36,0.008333333333333333,"Less
likely"
primary,vote,"Vote Choice, Republican Primary",Independent,0,59,0.9833333333333333,Counterfactual,0.36,0.5083333333333333,"No
change"
docs,docs,Belief Trump Mishandled Docs,Republican,-1,13,0.014161220043572984,Counterfactual,0.37,0.007080610021786492,"Less
likely"
docs,docs,Belief Trump Mishandled Docs,Republican,0,878,0.9564270152505446,Counterfactual,0.37,0.4923747276688453,"No
change"
docs,docs,Belief Trump Mishandled Docs,Republican,1,27,0.029411764705882353,Counterfactual,0.37,0.9852941176470589,"More
likely"
docs,docs,Belief Trump Mishandled Docs,Democrat,-1,10,0.010775862068965518,Counterfactual,0.37,0.005387931034482759,NA
docs,docs,Belief Trump Mishandled Docs,Democrat,0,866,0.9331896551724138,Counterfactual,0.37,0.47737068965517243,"No
change"
docs,docs,Belief Trump Mishandled Docs,Democrat,1,52,0.05603448275862069,Counterfactual,0.37,0.9719827586206896,"More
likely"
docs,docs,Belief Trump Mishandled Docs,Independent,-1,4,0.0113314447592068,Counterfactual,0.37,0.0056657223796034,"Less
likely"
docs,docs,Belief Trump Mishandled Docs,Independent,0,332,0.9405099150141643,Counterfactual,0.37,0.4815864022662889,"No
change"
docs,docs,Belief Trump Mishandled Docs,Independent,1,17,0.04815864022662889,Counterfactual,0.37,0.9759206798866854,"More
likely"
general,vote,"Vote Choice, General Election",Republican,-1,3,0.03,Counterfactual,0.37,0.015,"Less
likely"
general,vote,"Vote Choice, General Election",Republican,0,92,0.92,Counterfactual,0.37,0.49000000000000005,"No
change"
general,vote,"Vote Choice, General Election",Republican,1,5,0.05,Counterfactual,0.37,0.975,"More
likely"
general,vote,"Vote Choice, General Election",Democrat,-1,4,0.005025125628140704,Counterfactual,0.37,0.002512562814070352,NA
general,vote,"Vote Choice, General Election",Democrat,0,785,0.9861809045226131,Counterfactual,0.37,0.49811557788944727,"No
change"
general,vote,"Vote Choice, General Election",Democrat,1,7,0.008793969849246231,Counterfactual,0.37,0.9956030150753769,"More
likely"
general,vote,"Vote Choice, General Election",Independent,-1,4,0.015151515151515152,Counterfactual,0.37,0.007575757575757576,"Less
likely"
general,vote,"Vote Choice, General Election",Independent,0,256,0.9696969696969697,Counterfactual,0.37,0.5,"No
change"
general,vote,"Vote Choice, General Election",Independent,1,4,0.015151515151515152,Counterfactual,0.37,0.9924242424242424,"More
likely"
primary,vote,"Vote Choice, Republican Primary",Republican,-1,17,0.019767441860465116,Counterfactual,0.37,0.009883720930232558,"Less
likely"
primary,vote,"Vote Choice, Republican Primary",Republican,0,838,0.9744186046511628,Counterfactual,0.37,0.5069767441860464,"No
change"
primary,vote,"Vote Choice, Republican Primary",Republican,1,5,0.005813953488372093,Counterfactual,0.37,0.997093023255814,"More
likely"
primary,vote,"Vote Choice, Republican Primary",Democrat,0,43,1,Counterfactual,0.37,0.5,"No
change"
primary,vote,"Vote Choice, Republican Primary",Independent,-1,1,0.016666666666666666,Counterfactual,0.37,0.008333333333333333,"Less
likely"
primary,vote,"Vote Choice, Republican Primary",Independent,0,59,0.9833333333333333,Counterfactual,0.37,0.5083333333333333,"No
change"
docs,docs,Belief Trump Mishandled Docs,Republican,-1,13,0.014161220043572984,Counterfactual,0.38,0.007080610021786492,"Less
likely"
docs,docs,Belief Trump Mishandled Docs,Republican,0,878,0.9564270152505446,Counterfactual,0.38,0.4923747276688453,"No
change"
docs,docs,Belief Trump Mishandled Docs,Republican,1,27,0.029411764705882353,Counterfactual,0.38,0.9852941176470589,"More
likely"
docs,docs,Belief Trump Mishandled Docs,Democrat,-1,9,0.009698275862068966,Counterfactual,0.38,0.004849137931034483,NA
docs,docs,Belief Trump Mishandled Docs,Democrat,0,871,0.9385775862068966,Counterfactual,0.38,0.47898706896551724,"No
change"
docs,docs,Belief Trump Mishandled Docs,Democrat,1,48,0.05172413793103448,Counterfactual,0.38,0.9741379310344828,"More
likely"
docs,docs,Belief Trump Mishandled Docs,Independent,-1,4,0.0113314447592068,Counterfactual,0.38,0.0056657223796034,"Less
likely"
docs,docs,Belief Trump Mishandled Docs,Independent,0,332,0.9405099150141643,Counterfactual,0.38,0.4815864022662889,"No
change"
docs,docs,Belief Trump Mishandled Docs,Independent,1,17,0.04815864022662889,Counterfactual,0.38,0.9759206798866854,"More
likely"
general,vote,"Vote Choice, General Election",Republican,-1,3,0.03,Counterfactual,0.38,0.015,"Less
likely"
general,vote,"Vote Choice, General Election",Republican,0,92,0.92,Counterfactual,0.38,0.49000000000000005,"No
change"
general,vote,"Vote Choice, General Election",Republican,1,5,0.05,Counterfactual,0.38,0.975,"More
likely"
general,vote,"Vote Choice, General Election",Democrat,-1,4,0.005025125628140704,Counterfactual,0.38,0.002512562814070352,NA
general,vote,"Vote Choice, General Election",Democrat,0,785,0.9861809045226131,Counterfactual,0.38,0.49811557788944727,"No
change"
general,vote,"Vote Choice, General Election",Democrat,1,7,0.008793969849246231,Counterfactual,0.38,0.9956030150753769,"More
likely"
general,vote,"Vote Choice, General Election",Independent,-1,4,0.015151515151515152,Counterfactual,0.38,0.007575757575757576,"Less
likely"
general,vote,"Vote Choice, General Election",Independent,0,257,0.9734848484848485,Counterfactual,0.38,0.5018939393939394,"No
change"
general,vote,"Vote Choice, General Election",Independent,1,3,0.011363636363636364,Counterfactual,0.38,0.9943181818181818,"More
likely"
primary,vote,"Vote Choice, Republican Primary",Republican,-1,17,0.019767441860465116,Counterfactual,0.38,0.009883720930232558,"Less
likely"
primary,vote,"Vote Choice, Republican Primary",Republican,0,838,0.9744186046511628,Counterfactual,0.38,0.5069767441860464,"No
change"
primary,vote,"Vote Choice, Republican Primary",Republican,1,5,0.005813953488372093,Counterfactual,0.38,0.997093023255814,"More
likely"
primary,vote,"Vote Choice, Republican Primary",Democrat,0,43,1,Counterfactual,0.38,0.5,"No
change"
primary,vote,"Vote Choice, Republican Primary",Independent,-1,1,0.016666666666666666,Counterfactual,0.38,0.008333333333333333,"Less
likely"
primary,vote,"Vote Choice, Republican Primary",Independent,0,59,0.9833333333333333,Counterfactual,0.38,0.5083333333333333,"No
change"
docs,docs,Belief Trump Mishandled Docs,Republican,-1,13,0.014161220043572984,Counterfactual,0.39,0.007080610021786492,"Less
likely"
docs,docs,Belief Trump Mishandled Docs,Republican,0,880,0.9586056644880174,Counterfactual,0.39,0.4934640522875817,"No
change"
docs,docs,Belief Trump Mishandled Docs,Republican,1,25,0.027233115468409588,Counterfactual,0.39,0.9863834422657952,"More
likely"
docs,docs,Belief Trump Mishandled Docs,Democrat,-1,9,0.009698275862068966,Counterfactual,0.39,0.004849137931034483,NA
docs,docs,Belief Trump Mishandled Docs,Democrat,0,871,0.9385775862068966,Counterfactual,0.39,0.47898706896551724,"No
change"
docs,docs,Belief Trump Mishandled Docs,Democrat,1,48,0.05172413793103448,Counterfactual,0.39,0.9741379310344828,"More
likely"
docs,docs,Belief Trump Mishandled Docs,Independent,-1,4,0.0113314447592068,Counterfactual,0.39,0.0056657223796034,"Less
likely"
docs,docs,Belief Trump Mishandled Docs,Independent,0,332,0.9405099150141643,Counterfactual,0.39,0.4815864022662889,"No
change"
docs,docs,Belief Trump Mishandled Docs,Independent,1,17,0.04815864022662889,Counterfactual,0.39,0.9759206798866854,"More
likely"
general,vote,"Vote Choice, General Election",Republican,-1,3,0.03,Counterfactual,0.39,0.015,"Less
likely"
general,vote,"Vote Choice, General Election",Republican,0,92,0.92,Counterfactual,0.39,0.49000000000000005,"No
change"
general,vote,"Vote Choice, General Election",Republican,1,5,0.05,Counterfactual,0.39,0.975,"More
likely"
general,vote,"Vote Choice, General Election",Democrat,-1,3,0.0037688442211055275,Counterfactual,0.39,0.0018844221105527637,NA
general,vote,"Vote Choice, General Election",Democrat,0,790,0.992462311557789,Counterfactual,0.39,0.5,"No
change"
general,vote,"Vote Choice, General Election",Democrat,1,3,0.0037688442211055275,Counterfactual,0.39,0.9981155778894473,"More
likely"
general,vote,"Vote Choice, General Election",Independent,-1,4,0.015151515151515152,Counterfactual,0.39,0.007575757575757576,"Less
likely"
general,vote,"Vote Choice, General Election",Independent,0,257,0.9734848484848485,Counterfactual,0.39,0.5018939393939394,"No
change"
general,vote,"Vote Choice, General Election",Independent,1,3,0.011363636363636364,Counterfactual,0.39,0.9943181818181818,"More
likely"
primary,vote,"Vote Choice, Republican Primary",Republican,-1,16,0.018604651162790697,Counterfactual,0.39,0.009302325581395349,"Less
likely"
primary,vote,"Vote Choice, Republican Primary",Republican,0,839,0.9755813953488373,Counterfactual,0.39,0.5063953488372093,"No
change"
primary,vote,"Vote Choice, Republican Primary",Republican,1,5,0.005813953488372093,Counterfactual,0.39,0.997093023255814,"More
likely"
primary,vote,"Vote Choice, Republican Primary",Democrat,0,43,1,Counterfactual,0.39,0.5,"No
change"
primary,vote,"Vote Choice, Republican Primary",Independent,-1,1,0.016666666666666666,Counterfactual,0.39,0.008333333333333333,"Less
likely"
primary,vote,"Vote Choice, Republican Primary",Independent,0,59,0.9833333333333333,Counterfactual,0.39,0.5083333333333333,"No
change"
docs,docs,Belief Trump Mishandled Docs,Republican,-1,13,0.014161220043572984,Counterfactual,0.4,0.007080610021786492,"Less
likely"
docs,docs,Belief Trump Mishandled Docs,Republican,0,881,0.9596949891067538,Counterfactual,0.4,0.4940087145969499,"No
change"
docs,docs,Belief Trump Mishandled Docs,Republican,1,24,0.026143790849673203,Counterfactual,0.4,0.9869281045751634,"More
likely"
docs,docs,Belief Trump Mishandled Docs,Democrat,-1,9,0.009698275862068966,Counterfactual,0.4,0.004849137931034483,NA
docs,docs,Belief Trump Mishandled Docs,Democrat,0,874,0.9418103448275862,Counterfactual,0.4,0.48060344827586204,"No
change"
docs,docs,Belief Trump Mishandled Docs,Democrat,1,45,0.04849137931034483,Counterfactual,0.4,0.9757543103448276,"More
likely"
docs,docs,Belief Trump Mishandled Docs,Independent,-1,4,0.0113314447592068,Counterfactual,0.4,0.0056657223796034,"Less
likely"
docs,docs,Belief Trump Mishandled Docs,Independent,0,332,0.9405099150141643,Counterfactual,0.4,0.4815864022662889,"No
change"
docs,docs,Belief Trump Mishandled Docs,Independent,1,17,0.04815864022662889,Counterfactual,0.4,0.9759206798866854,"More
likely"
general,vote,"Vote Choice, General Election",Republican,-1,3,0.03,Counterfactual,0.4,0.015,"Less
likely"
general,vote,"Vote Choice, General Election",Republican,0,92,0.92,Counterfactual,0.4,0.49000000000000005,"No
change"
general,vote,"Vote Choice, General Election",Republican,1,5,0.05,Counterfactual,0.4,0.975,"More
likely"
general,vote,"Vote Choice, General Election",Democrat,-1,3,0.0037688442211055275,Counterfactual,0.4,0.0018844221105527637,NA
general,vote,"Vote Choice, General Election",Democrat,0,790,0.992462311557789,Counterfactual,0.4,0.5,"No
change"
general,vote,"Vote Choice, General Election",Democrat,1,3,0.0037688442211055275,Counterfactual,0.4,0.9981155778894473,"More
likely"
general,vote,"Vote Choice, General Election",Independent,-1,4,0.015151515151515152,Counterfactual,0.4,0.007575757575757576,"Less
likely"
general,vote,"Vote Choice, General Election",Independent,0,257,0.9734848484848485,Counterfactual,0.4,0.5018939393939394,"No
change"
general,vote,"Vote Choice, General Election",Independent,1,3,0.011363636363636364,Counterfactual,0.4,0.9943181818181818,"More
likely"
primary,vote,"Vote Choice, Republican Primary",Republican,-1,16,0.018604651162790697,Counterfactual,0.4,0.009302325581395349,"Less
likely"
primary,vote,"Vote Choice, Republican Primary",Republican,0,839,0.9755813953488373,Counterfactual,0.4,0.5063953488372093,"No
change"
primary,vote,"Vote Choice, Republican Primary",Republican,1,5,0.005813953488372093,Counterfactual,0.4,0.997093023255814,"More
likely"
primary,vote,"Vote Choice, Republican Primary",Democrat,0,43,1,Counterfactual,0.4,0.5,"No
change"
primary,vote,"Vote Choice, Republican Primary",Independent,-1,1,0.016666666666666666,Counterfactual,0.4,0.008333333333333333,"Less
likely"
primary,vote,"Vote Choice, Republican Primary",Independent,0,59,0.9833333333333333,Counterfactual,0.4,0.5083333333333333,"No
change"
docs,docs,Belief Trump Mishandled Docs,Republican,-1,12,0.013071895424836602,Counterfactual,0.41000000000000003,0.006535947712418301,"Less
likely"
docs,docs,Belief Trump Mishandled Docs,Republican,0,883,0.9618736383442266,Counterfactual,0.41000000000000003,0.49400871459694984,"No
change"
docs,docs,Belief Trump Mishandled Docs,Republican,1,23,0.02505446623093682,Counterfactual,0.41000000000000003,0.9874727668845314,"More
likely"
docs,docs,Belief Trump Mishandled Docs,Democrat,-1,8,0.008620689655172414,Counterfactual,0.41000000000000003,0.004310344827586207,NA
docs,docs,Belief Trump Mishandled Docs,Democrat,0,881,0.9493534482758621,Counterfactual,0.41000000000000003,0.4832974137931034,"No
change"
docs,docs,Belief Trump Mishandled Docs,Democrat,1,39,0.04202586206896552,Counterfactual,0.41000000000000003,0.9789870689655172,"More
likely"
docs,docs,Belief Trump Mishandled Docs,Independent,-1,4,0.0113314447592068,Counterfactual,0.41000000000000003,0.0056657223796034,"Less
likely"
docs,docs,Belief Trump Mishandled Docs,Independent,0,333,0.943342776203966,Counterfactual,0.41000000000000003,0.4830028328611898,"No
change"
docs,docs,Belief Trump Mishandled Docs,Independent,1,16,0.0453257790368272,Counterfactual,0.41000000000000003,0.9773371104815864,"More
likely"
general,vote,"Vote Choice, General Election",Republican,-1,3,0.03,Counterfactual,0.41000000000000003,0.015,"Less
likely"
general,vote,"Vote Choice, General Election",Republican,0,92,0.92,Counterfactual,0.41000000000000003,0.49000000000000005,"No
change"
general,vote,"Vote Choice, General Election",Republican,1,5,0.05,Counterfactual,0.41000000000000003,0.975,"More
likely"
general,vote,"Vote Choice, General Election",Democrat,-1,2,0.002512562814070352,Counterfactual,0.41000000000000003,0.001256281407035176,NA
general,vote,"Vote Choice, General Election",Democrat,0,791,0.9937185929648241,Counterfactual,0.41000000000000003,0.49937185929648237,"No
change"
general,vote,"Vote Choice, General Election",Democrat,1,3,0.0037688442211055275,Counterfactual,0.41000000000000003,0.9981155778894473,"More
likely"
general,vote,"Vote Choice, General Election",Independent,-1,4,0.015151515151515152,Counterfactual,0.41000000000000003,0.007575757575757576,"Less
likely"
general,vote,"Vote Choice, General Election",Independent,0,257,0.9734848484848485,Counterfactual,0.41000000000000003,0.5018939393939394,"No
change"
general,vote,"Vote Choice, General Election",Independent,1,3,0.011363636363636364,Counterfactual,0.41000000000000003,0.9943181818181818,"More
likely"
primary,vote,"Vote Choice, Republican Primary",Republican,-1,14,0.01627906976744186,Counterfactual,0.41000000000000003,0.00813953488372093,"Less
likely"
primary,vote,"Vote Choice, Republican Primary",Republican,0,841,0.977906976744186,Counterfactual,0.41000000000000003,0.5052325581395349,"No
change"
primary,vote,"Vote Choice, Republican Primary",Republican,1,5,0.005813953488372093,Counterfactual,0.41000000000000003,0.997093023255814,"More
likely"
primary,vote,"Vote Choice, Republican Primary",Democrat,0,43,1,Counterfactual,0.41000000000000003,0.5,"No
change"
primary,vote,"Vote Choice, Republican Primary",Independent,-1,1,0.016666666666666666,Counterfactual,0.41000000000000003,0.008333333333333333,"Less
likely"
primary,vote,"Vote Choice, Republican Primary",Independent,0,59,0.9833333333333333,Counterfactual,0.41000000000000003,0.5083333333333333,"No
change"
docs,docs,Belief Trump Mishandled Docs,Republican,-1,12,0.013071895424836602,Counterfactual,0.42,0.006535947712418301,"Less
likely"
docs,docs,Belief Trump Mishandled Docs,Republican,0,883,0.9618736383442266,Counterfactual,0.42,0.49400871459694984,"No
change"
docs,docs,Belief Trump Mishandled Docs,Republican,1,23,0.02505446623093682,Counterfactual,0.42,0.9874727668845314,"More
likely"
docs,docs,Belief Trump Mishandled Docs,Democrat,-1,8,0.008620689655172414,Counterfactual,0.42,0.004310344827586207,NA
docs,docs,Belief Trump Mishandled Docs,Democrat,0,881,0.9493534482758621,Counterfactual,0.42,0.4832974137931034,"No
change"
docs,docs,Belief Trump Mishandled Docs,Democrat,1,39,0.04202586206896552,Counterfactual,0.42,0.9789870689655172,"More
likely"
docs,docs,Belief Trump Mishandled Docs,Independent,-1,4,0.0113314447592068,Counterfactual,0.42,0.0056657223796034,"Less
likely"
docs,docs,Belief Trump Mishandled Docs,Independent,0,333,0.943342776203966,Counterfactual,0.42,0.4830028328611898,"No
change"
docs,docs,Belief Trump Mishandled Docs,Independent,1,16,0.0453257790368272,Counterfactual,0.42,0.9773371104815864,"More
likely"
general,vote,"Vote Choice, General Election",Republican,-1,3,0.03,Counterfactual,0.42,0.015,"Less
likely"
general,vote,"Vote Choice, General Election",Republican,0,92,0.92,Counterfactual,0.42,0.49000000000000005,"No
change"
general,vote,"Vote Choice, General Election",Republican,1,5,0.05,Counterfactual,0.42,0.975,"More
likely"
general,vote,"Vote Choice, General Election",Democrat,-1,2,0.002512562814070352,Counterfactual,0.42,0.001256281407035176,NA
general,vote,"Vote Choice, General Election",Democrat,0,791,0.9937185929648241,Counterfactual,0.42,0.49937185929648237,"No
change"
general,vote,"Vote Choice, General Election",Democrat,1,3,0.0037688442211055275,Counterfactual,0.42,0.9981155778894473,"More
likely"
general,vote,"Vote Choice, General Election",Independent,-1,4,0.015151515151515152,Counterfactual,0.42,0.007575757575757576,"Less
likely"
general,vote,"Vote Choice, General Election",Independent,0,257,0.9734848484848485,Counterfactual,0.42,0.5018939393939394,"No
change"
general,vote,"Vote Choice, General Election",Independent,1,3,0.011363636363636364,Counterfactual,0.42,0.9943181818181818,"More
likely"
primary,vote,"Vote Choice, Republican Primary",Republican,-1,14,0.01627906976744186,Counterfactual,0.42,0.00813953488372093,"Less
likely"
primary,vote,"Vote Choice, Republican Primary",Republican,0,841,0.977906976744186,Counterfactual,0.42,0.5052325581395349,"No
change"
primary,vote,"Vote Choice, Republican Primary",Republican,1,5,0.005813953488372093,Counterfactual,0.42,0.997093023255814,"More
likely"
primary,vote,"Vote Choice, Republican Primary",Democrat,0,43,1,Counterfactual,0.42,0.5,"No
change"
primary,vote,"Vote Choice, Republican Primary",Independent,-1,1,0.016666666666666666,Counterfactual,0.42,0.008333333333333333,"Less
likely"
primary,vote,"Vote Choice, Republican Primary",Independent,0,59,0.9833333333333333,Counterfactual,0.42,0.5083333333333333,"No
change"
docs,docs,Belief Trump Mishandled Docs,Republican,-1,12,0.013071895424836602,Counterfactual,0.43,0.006535947712418301,"Less
likely"
docs,docs,Belief Trump Mishandled Docs,Republican,0,883,0.9618736383442266,Counterfactual,0.43,0.49400871459694984,"No
change"
docs,docs,Belief Trump Mishandled Docs,Republican,1,23,0.02505446623093682,Counterfactual,0.43,0.9874727668845314,"More
likely"
docs,docs,Belief Trump Mishandled Docs,Democrat,-1,6,0.00646551724137931,Counterfactual,0.43,0.003232758620689655,NA
docs,docs,Belief Trump Mishandled Docs,Democrat,0,887,0.9558189655172413,Counterfactual,0.43,0.484375,"No
change"
docs,docs,Belief Trump Mishandled Docs,Democrat,1,35,0.03771551724137931,Counterfactual,0.43,0.9811422413793104,"More
likely"
docs,docs,Belief Trump Mishandled Docs,Independent,-1,4,0.0113314447592068,Counterfactual,0.43,0.0056657223796034,"Less
likely"
docs,docs,Belief Trump Mishandled Docs,Independent,0,334,0.9461756373937678,Counterfactual,0.43,0.48441926345609065,"No
change"
docs,docs,Belief Trump Mishandled Docs,Independent,1,15,0.042492917847025496,Counterfactual,0.43,0.9787535410764873,"More
likely"
general,vote,"Vote Choice, General Election",Republican,-1,3,0.03,Counterfactual,0.43,0.015,"Less
likely"
general,vote,"Vote Choice, General Election",Republican,0,92,0.92,Counterfactual,0.43,0.49000000000000005,"No
change"
general,vote,"Vote Choice, General Election",Republican,1,5,0.05,Counterfactual,0.43,0.975,"More
likely"
general,vote,"Vote Choice, General Election",Democrat,-1,2,0.002512562814070352,Counterfactual,0.43,0.001256281407035176,NA
general,vote,"Vote Choice, General Election",Democrat,0,791,0.9937185929648241,Counterfactual,0.43,0.49937185929648237,"No
change"
general,vote,"Vote Choice, General Election",Democrat,1,3,0.0037688442211055275,Counterfactual,0.43,0.9981155778894473,"More
likely"
general,vote,"Vote Choice, General Election",Independent,-1,4,0.015151515151515152,Counterfactual,0.43,0.007575757575757576,"Less
likely"
general,vote,"Vote Choice, General Election",Independent,0,257,0.9734848484848485,Counterfactual,0.43,0.5018939393939394,"No
change"
general,vote,"Vote Choice, General Election",Independent,1,3,0.011363636363636364,Counterfactual,0.43,0.9943181818181818,"More
likely"
primary,vote,"Vote Choice, Republican Primary",Republican,-1,13,0.015116279069767442,Counterfactual,0.43,0.007558139534883721,"Less
likely"
primary,vote,"Vote Choice, Republican Primary",Republican,0,842,0.9790697674418605,Counterfactual,0.43,0.5046511627906977,"No
change"
primary,vote,"Vote Choice, Republican Primary",Republican,1,5,0.005813953488372093,Counterfactual,0.43,0.997093023255814,"More
likely"
primary,vote,"Vote Choice, Republican Primary",Democrat,0,43,1,Counterfactual,0.43,0.5,"No
change"
primary,vote,"Vote Choice, Republican Primary",Independent,-1,1,0.016666666666666666,Counterfactual,0.43,0.008333333333333333,"Less
likely"
primary,vote,"Vote Choice, Republican Primary",Independent,0,59,0.9833333333333333,Counterfactual,0.43,0.5083333333333333,"No
change"
docs,docs,Belief Trump Mishandled Docs,Republican,-1,12,0.013071895424836602,Counterfactual,0.44,0.006535947712418301,"Less
likely"
docs,docs,Belief Trump Mishandled Docs,Republican,0,883,0.9618736383442266,Counterfactual,0.44,0.49400871459694984,"No
change"
docs,docs,Belief Trump Mishandled Docs,Republican,1,23,0.02505446623093682,Counterfactual,0.44,0.9874727668845314,"More
likely"
docs,docs,Belief Trump Mishandled Docs,Democrat,-1,6,0.00646551724137931,Counterfactual,0.44,0.003232758620689655,NA
docs,docs,Belief Trump Mishandled Docs,Democrat,0,891,0.9601293103448276,Counterfactual,0.44,0.48653017241379315,"No
change"
docs,docs,Belief Trump Mishandled Docs,Democrat,1,31,0.0334051724137931,Counterfactual,0.44,0.9832974137931034,"More
likely"
docs,docs,Belief Trump Mishandled Docs,Independent,-1,4,0.0113314447592068,Counterfactual,0.44,0.0056657223796034,"Less
likely"
docs,docs,Belief Trump Mishandled Docs,Independent,0,334,0.9461756373937678,Counterfactual,0.44,0.48441926345609065,"No
change"
docs,docs,Belief Trump Mishandled Docs,Independent,1,15,0.042492917847025496,Counterfactual,0.44,0.9787535410764873,"More
likely"
general,vote,"Vote Choice, General Election",Republican,-1,3,0.03,Counterfactual,0.44,0.015,"Less
likely"
general,vote,"Vote Choice, General Election",Republican,0,93,0.93,Counterfactual,0.44,0.49500000000000005,"No
change"
general,vote,"Vote Choice, General Election",Republican,1,4,0.04,Counterfactual,0.44,0.98,"More
likely"
general,vote,"Vote Choice, General Election",Democrat,-1,2,0.002512562814070352,Counterfactual,0.44,0.001256281407035176,NA
general,vote,"Vote Choice, General Election",Democrat,0,791,0.9937185929648241,Counterfactual,0.44,0.49937185929648237,"No
change"
general,vote,"Vote Choice, General Election",Democrat,1,3,0.0037688442211055275,Counterfactual,0.44,0.9981155778894473,"More
likely"
general,vote,"Vote Choice, General Election",Independent,-1,4,0.015151515151515152,Counterfactual,0.44,0.007575757575757576,"Less
likely"
general,vote,"Vote Choice, General Election",Independent,0,258,0.9772727272727273,Counterfactual,0.44,0.5037878787878788,"No
change"
general,vote,"Vote Choice, General Election",Independent,1,2,0.007575757575757576,Counterfactual,0.44,0.9962121212121212,"More
likely"
primary,vote,"Vote Choice, Republican Primary",Republican,-1,13,0.015116279069767442,Counterfactual,0.44,0.007558139534883721,"Less
likely"
primary,vote,"Vote Choice, Republican Primary",Republican,0,842,0.9790697674418605,Counterfactual,0.44,0.5046511627906977,"No
change"
primary,vote,"Vote Choice, Republican Primary",Republican,1,5,0.005813953488372093,Counterfactual,0.44,0.997093023255814,"More
likely"
primary,vote,"Vote Choice, Republican Primary",Democrat,0,43,1,Counterfactual,0.44,0.5,"No
change"
primary,vote,"Vote Choice, Republican Primary",Independent,-1,1,0.016666666666666666,Counterfactual,0.44,0.008333333333333333,"Less
likely"
primary,vote,"Vote Choice, Republican Primary",Independent,0,59,0.9833333333333333,Counterfactual,0.44,0.5083333333333333,"No
change"
docs,docs,Belief Trump Mishandled Docs,Republican,-1,12,0.013071895424836602,Counterfactual,0.45,0.006535947712418301,"Less
likely"
docs,docs,Belief Trump Mishandled Docs,Republican,0,884,0.9629629629629629,Counterfactual,0.45,0.494553376906318,"No
change"
docs,docs,Belief Trump Mishandled Docs,Republican,1,22,0.023965141612200435,Counterfactual,0.45,0.9880174291938997,"More
likely"
docs,docs,Belief Trump Mishandled Docs,Democrat,-1,6,0.00646551724137931,Counterfactual,0.45,0.003232758620689655,NA
docs,docs,Belief Trump Mishandled Docs,Democrat,0,891,0.9601293103448276,Counterfactual,0.45,0.48653017241379315,"No
change"
docs,docs,Belief Trump Mishandled Docs,Democrat,1,31,0.0334051724137931,Counterfactual,0.45,0.9832974137931034,"More
likely"
docs,docs,Belief Trump Mishandled Docs,Independent,-1,4,0.0113314447592068,Counterfactual,0.45,0.0056657223796034,"Less
likely"
docs,docs,Belief Trump Mishandled Docs,Independent,0,334,0.9461756373937678,Counterfactual,0.45,0.48441926345609065,"No
change"
docs,docs,Belief Trump Mishandled Docs,Independent,1,15,0.042492917847025496,Counterfactual,0.45,0.9787535410764873,"More
likely"
general,vote,"Vote Choice, General Election",Republican,-1,3,0.03,Counterfactual,0.45,0.015,"Less
likely"
general,vote,"Vote Choice, General Election",Republican,0,93,0.93,Counterfactual,0.45,0.49500000000000005,"No
change"
general,vote,"Vote Choice, General Election",Republican,1,4,0.04,Counterfactual,0.45,0.98,"More
likely"
general,vote,"Vote Choice, General Election",Democrat,-1,2,0.002512562814070352,Counterfactual,0.45,0.001256281407035176,NA
general,vote,"Vote Choice, General Election",Democrat,0,791,0.9937185929648241,Counterfactual,0.45,0.49937185929648237,"No
change"
general,vote,"Vote Choice, General Election",Democrat,1,3,0.0037688442211055275,Counterfactual,0.45,0.9981155778894473,"More
likely"
general,vote,"Vote Choice, General Election",Independent,-1,4,0.015151515151515152,Counterfactual,0.45,0.007575757575757576,"Less
likely"
general,vote,"Vote Choice, General Election",Independent,0,258,0.9772727272727273,Counterfactual,0.45,0.5037878787878788,"No
change"
general,vote,"Vote Choice, General Election",Independent,1,2,0.007575757575757576,Counterfactual,0.45,0.9962121212121212,"More
likely"
primary,vote,"Vote Choice, Republican Primary",Republican,-1,13,0.015116279069767442,Counterfactual,0.45,0.007558139534883721,"Less
likely"
primary,vote,"Vote Choice, Republican Primary",Republican,0,843,0.9802325581395349,Counterfactual,0.45,0.5052325581395349,"No
change"
primary,vote,"Vote Choice, Republican Primary",Republican,1,4,0.004651162790697674,Counterfactual,0.45,0.9976744186046511,"More
likely"
primary,vote,"Vote Choice, Republican Primary",Democrat,0,43,1,Counterfactual,0.45,0.5,"No
change"
primary,vote,"Vote Choice, Republican Primary",Independent,-1,1,0.016666666666666666,Counterfactual,0.45,0.008333333333333333,"Less
likely"
primary,vote,"Vote Choice, Republican Primary",Independent,0,59,0.9833333333333333,Counterfactual,0.45,0.5083333333333333,"No
change"
docs,docs,Belief Trump Mishandled Docs,Republican,-1,10,0.010893246187363835,Counterfactual,0.46,0.0054466230936819175,"Less
likely"
docs,docs,Belief Trump Mishandled Docs,Republican,0,888,0.9673202614379085,Counterfactual,0.46,0.4945533769063181,"No
change"
docs,docs,Belief Trump Mishandled Docs,Republican,1,20,0.02178649237472767,Counterfactual,0.46,0.9891067538126361,"More
likely"
docs,docs,Belief Trump Mishandled Docs,Democrat,-1,6,0.00646551724137931,Counterfactual,0.46,0.003232758620689655,NA
docs,docs,Belief Trump Mishandled Docs,Democrat,0,893,0.9622844827586207,Counterfactual,0.46,0.48760775862068967,"No
change"
docs,docs,Belief Trump Mishandled Docs,Democrat,1,29,0.03125,Counterfactual,0.46,0.984375,"More
likely"
docs,docs,Belief Trump Mishandled Docs,Independent,-1,3,0.0084985835694051,Counterfactual,0.46,0.00424929178470255,"Less
likely"
docs,docs,Belief Trump Mishandled Docs,Independent,0,335,0.9490084985835694,Counterfactual,0.46,0.48300283286118983,"No
change"
docs,docs,Belief Trump Mishandled Docs,Independent,1,15,0.042492917847025496,Counterfactual,0.46,0.9787535410764873,"More
likely"
general,vote,"Vote Choice, General Election",Republican,-1,3,0.03,Counterfactual,0.46,0.015,"Less
likely"
general,vote,"Vote Choice, General Election",Republican,0,93,0.93,Counterfactual,0.46,0.49500000000000005,"No
change"
general,vote,"Vote Choice, General Election",Republican,1,4,0.04,Counterfactual,0.46,0.98,"More
likely"
general,vote,"Vote Choice, General Election",Democrat,-1,2,0.002512562814070352,Counterfactual,0.46,0.001256281407035176,NA
general,vote,"Vote Choice, General Election",Democrat,0,791,0.9937185929648241,Counterfactual,0.46,0.49937185929648237,"No
change"
general,vote,"Vote Choice, General Election",Democrat,1,3,0.0037688442211055275,Counterfactual,0.46,0.9981155778894473,"More
likely"
general,vote,"Vote Choice, General Election",Independent,-1,4,0.015151515151515152,Counterfactual,0.46,0.007575757575757576,"Less
likely"
general,vote,"Vote Choice, General Election",Independent,0,258,0.9772727272727273,Counterfactual,0.46,0.5037878787878788,"No
change"
general,vote,"Vote Choice, General Election",Independent,1,2,0.007575757575757576,Counterfactual,0.46,0.9962121212121212,"More
likely"
primary,vote,"Vote Choice, Republican Primary",Republican,-1,13,0.015116279069767442,Counterfactual,0.46,0.007558139534883721,"Less
likely"
primary,vote,"Vote Choice, Republican Primary",Republican,0,843,0.9802325581395349,Counterfactual,0.46,0.5052325581395349,"No
change"
primary,vote,"Vote Choice, Republican Primary",Republican,1,4,0.004651162790697674,Counterfactual,0.46,0.9976744186046511,"More
likely"
primary,vote,"Vote Choice, Republican Primary",Democrat,0,43,1,Counterfactual,0.46,0.5,"No
change"
primary,vote,"Vote Choice, Republican Primary",Independent,-1,1,0.016666666666666666,Counterfactual,0.46,0.008333333333333333,"Less
likely"
primary,vote,"Vote Choice, Republican Primary",Independent,0,59,0.9833333333333333,Counterfactual,0.46,0.5083333333333333,"No
change"
docs,docs,Belief Trump Mishandled Docs,Republican,-1,10,0.010893246187363835,Counterfactual,0.47000000000000003,0.0054466230936819175,"Less
likely"
docs,docs,Belief Trump Mishandled Docs,Republican,0,890,0.9694989106753813,Counterfactual,0.47000000000000003,0.4956427015250545,"No
change"
docs,docs,Belief Trump Mishandled Docs,Republican,1,18,0.0196078431372549,Counterfactual,0.47000000000000003,0.9901960784313726,"More
likely"
docs,docs,Belief Trump Mishandled Docs,Democrat,-1,5,0.005387931034482759,Counterfactual,0.47000000000000003,0.0026939655172413795,NA
docs,docs,Belief Trump Mishandled Docs,Democrat,0,895,0.9644396551724138,Counterfactual,0.47000000000000003,0.48760775862068967,"No
change"
docs,docs,Belief Trump Mishandled Docs,Democrat,1,28,0.03017241379310345,Counterfactual,0.47000000000000003,0.9849137931034483,"More
likely"
docs,docs,Belief Trump Mishandled Docs,Independent,-1,3,0.0084985835694051,Counterfactual,0.47000000000000003,0.00424929178470255,"Less
likely"
docs,docs,Belief Trump Mishandled Docs,Independent,0,336,0.9518413597733711,Counterfactual,0.47000000000000003,0.4844192634560907,"No
change"
docs,docs,Belief Trump Mishandled Docs,Independent,1,14,0.039660056657223795,Counterfactual,0.47000000000000003,0.9801699716713881,"More
likely"
general,vote,"Vote Choice, General Election",Republican,-1,3,0.03,Counterfactual,0.47000000000000003,0.015,"Less
likely"
general,vote,"Vote Choice, General Election",Republican,0,93,0.93,Counterfactual,0.47000000000000003,0.49500000000000005,"No
change"
general,vote,"Vote Choice, General Election",Republican,1,4,0.04,Counterfactual,0.47000000000000003,0.98,"More
likely"
general,vote,"Vote Choice, General Election",Democrat,-1,2,0.002512562814070352,Counterfactual,0.47000000000000003,0.001256281407035176,NA
general,vote,"Vote Choice, General Election",Democrat,0,791,0.9937185929648241,Counterfactual,0.47000000000000003,0.49937185929648237,"No
change"
general,vote,"Vote Choice, General Election",Democrat,1,3,0.0037688442211055275,Counterfactual,0.47000000000000003,0.9981155778894473,"More
likely"
general,vote,"Vote Choice, General Election",Independent,-1,4,0.015151515151515152,Counterfactual,0.47000000000000003,0.007575757575757576,"Less
likely"
general,vote,"Vote Choice, General Election",Independent,0,258,0.9772727272727273,Counterfactual,0.47000000000000003,0.5037878787878788,"No
change"
general,vote,"Vote Choice, General Election",Independent,1,2,0.007575757575757576,Counterfactual,0.47000000000000003,0.9962121212121212,"More
likely"
primary,vote,"Vote Choice, Republican Primary",Republican,-1,12,0.013953488372093023,Counterfactual,0.47000000000000003,0.0069767441860465115,"Less
likely"
primary,vote,"Vote Choice, Republican Primary",Republican,0,844,0.9813953488372092,Counterfactual,0.47000000000000003,0.5046511627906975,"No
change"
primary,vote,"Vote Choice, Republican Primary",Republican,1,4,0.004651162790697674,Counterfactual,0.47000000000000003,0.997674418604651,"More
likely"
primary,vote,"Vote Choice, Republican Primary",Democrat,0,43,1,Counterfactual,0.47000000000000003,0.5,"No
change"
primary,vote,"Vote Choice, Republican Primary",Independent,-1,1,0.016666666666666666,Counterfactual,0.47000000000000003,0.008333333333333333,"Less
likely"
primary,vote,"Vote Choice, Republican Primary",Independent,0,59,0.9833333333333333,Counterfactual,0.47000000000000003,0.5083333333333333,"No
change"
docs,docs,Belief Trump Mishandled Docs,Republican,-1,10,0.010893246187363835,Counterfactual,0.48,0.0054466230936819175,"Less
likely"
docs,docs,Belief Trump Mishandled Docs,Republican,0,890,0.9694989106753813,Counterfactual,0.48,0.4956427015250545,"No
change"
docs,docs,Belief Trump Mishandled Docs,Republican,1,18,0.0196078431372549,Counterfactual,0.48,0.9901960784313726,"More
likely"
docs,docs,Belief Trump Mishandled Docs,Democrat,-1,5,0.005387931034482759,Counterfactual,0.48,0.0026939655172413795,NA
docs,docs,Belief Trump Mishandled Docs,Democrat,0,895,0.9644396551724138,Counterfactual,0.48,0.48760775862068967,"No
change"
docs,docs,Belief Trump Mishandled Docs,Democrat,1,28,0.03017241379310345,Counterfactual,0.48,0.9849137931034483,"More
likely"
docs,docs,Belief Trump Mishandled Docs,Independent,-1,3,0.0084985835694051,Counterfactual,0.48,0.00424929178470255,"Less
likely"
docs,docs,Belief Trump Mishandled Docs,Independent,0,336,0.9518413597733711,Counterfactual,0.48,0.4844192634560907,"No
change"
docs,docs,Belief Trump Mishandled Docs,Independent,1,14,0.039660056657223795,Counterfactual,0.48,0.9801699716713881,"More
likely"
general,vote,"Vote Choice, General Election",Republican,-1,3,0.03,Counterfactual,0.48,0.015,"Less
likely"
general,vote,"Vote Choice, General Election",Republican,0,93,0.93,Counterfactual,0.48,0.49500000000000005,"No
change"
general,vote,"Vote Choice, General Election",Republican,1,4,0.04,Counterfactual,0.48,0.98,"More
likely"
general,vote,"Vote Choice, General Election",Democrat,-1,2,0.002512562814070352,Counterfactual,0.48,0.001256281407035176,NA
general,vote,"Vote Choice, General Election",Democrat,0,791,0.9937185929648241,Counterfactual,0.48,0.49937185929648237,"No
change"
general,vote,"Vote Choice, General Election",Democrat,1,3,0.0037688442211055275,Counterfactual,0.48,0.9981155778894473,"More
likely"
general,vote,"Vote Choice, General Election",Independent,-1,4,0.015151515151515152,Counterfactual,0.48,0.007575757575757576,"Less
likely"
general,vote,"Vote Choice, General Election",Independent,0,258,0.9772727272727273,Counterfactual,0.48,0.5037878787878788,"No
change"
general,vote,"Vote Choice, General Election",Independent,1,2,0.007575757575757576,Counterfactual,0.48,0.9962121212121212,"More
likely"
primary,vote,"Vote Choice, Republican Primary",Republican,-1,12,0.013953488372093023,Counterfactual,0.48,0.0069767441860465115,"Less
likely"
primary,vote,"Vote Choice, Republican Primary",Republican,0,844,0.9813953488372092,Counterfactual,0.48,0.5046511627906975,"No
change"
primary,vote,"Vote Choice, Republican Primary",Republican,1,4,0.004651162790697674,Counterfactual,0.48,0.997674418604651,"More
likely"
primary,vote,"Vote Choice, Republican Primary",Democrat,0,43,1,Counterfactual,0.48,0.5,"No
change"
primary,vote,"Vote Choice, Republican Primary",Independent,-1,1,0.016666666666666666,Counterfactual,0.48,0.008333333333333333,"Less
likely"
primary,vote,"Vote Choice, Republican Primary",Independent,0,59,0.9833333333333333,Counterfactual,0.48,0.5083333333333333,"No
change"
docs,docs,Belief Trump Mishandled Docs,Republican,-1,9,0.00980392156862745,Counterfactual,0.49,0.004901960784313725,"Less
likely"
docs,docs,Belief Trump Mishandled Docs,Republican,0,892,0.971677559912854,Counterfactual,0.49,0.4956427015250544,"No
change"
docs,docs,Belief Trump Mishandled Docs,Republican,1,17,0.018518518518518517,Counterfactual,0.49,0.9907407407407406,"More
likely"
docs,docs,Belief Trump Mishandled Docs,Democrat,-1,5,0.005387931034482759,Counterfactual,0.49,0.0026939655172413795,NA
docs,docs,Belief Trump Mishandled Docs,Democrat,0,899,0.96875,Counterfactual,0.49,0.48976293103448276,"No
change"
docs,docs,Belief Trump Mishandled Docs,Democrat,1,24,0.02586206896551724,Counterfactual,0.49,0.9870689655172413,"More
likely"
docs,docs,Belief Trump Mishandled Docs,Independent,-1,3,0.0084985835694051,Counterfactual,0.49,0.00424929178470255,"Less
likely"
docs,docs,Belief Trump Mishandled Docs,Independent,0,336,0.9518413597733711,Counterfactual,0.49,0.4844192634560907,"No
change"
docs,docs,Belief Trump Mishandled Docs,Independent,1,14,0.039660056657223795,Counterfactual,0.49,0.9801699716713881,"More
likely"
general,vote,"Vote Choice, General Election",Republican,-1,3,0.03,Counterfactual,0.49,0.015,"Less
likely"
general,vote,"Vote Choice, General Election",Republican,0,93,0.93,Counterfactual,0.49,0.49500000000000005,"No
change"
general,vote,"Vote Choice, General Election",Republican,1,4,0.04,Counterfactual,0.49,0.98,"More
likely"
general,vote,"Vote Choice, General Election",Democrat,-1,2,0.002512562814070352,Counterfactual,0.49,0.001256281407035176,NA
general,vote,"Vote Choice, General Election",Democrat,0,791,0.9937185929648241,Counterfactual,0.49,0.49937185929648237,"No
change"
general,vote,"Vote Choice, General Election",Democrat,1,3,0.0037688442211055275,Counterfactual,0.49,0.9981155778894473,"More
likely"
general,vote,"Vote Choice, General Election",Independent,-1,4,0.015151515151515152,Counterfactual,0.49,0.007575757575757576,"Less
likely"
general,vote,"Vote Choice, General Election",Independent,0,258,0.9772727272727273,Counterfactual,0.49,0.5037878787878788,"No
change"
general,vote,"Vote Choice, General Election",Independent,1,2,0.007575757575757576,Counterfactual,0.49,0.9962121212121212,"More
likely"
primary,vote,"Vote Choice, Republican Primary",Republican,-1,12,0.013953488372093023,Counterfactual,0.49,0.0069767441860465115,"Less
likely"
primary,vote,"Vote Choice, Republican Primary",Republican,0,844,0.9813953488372092,Counterfactual,0.49,0.5046511627906975,"No
change"
primary,vote,"Vote Choice, Republican Primary",Republican,1,4,0.004651162790697674,Counterfactual,0.49,0.997674418604651,"More
likely"
primary,vote,"Vote Choice, Republican Primary",Democrat,0,43,1,Counterfactual,0.49,0.5,"No
change"
primary,vote,"Vote Choice, Republican Primary",Independent,-1,1,0.016666666666666666,Counterfactual,0.49,0.008333333333333333,"Less
likely"
primary,vote,"Vote Choice, Republican Primary",Independent,0,59,0.9833333333333333,Counterfactual,0.49,0.5083333333333333,"No
change"
docs,docs,Belief Trump Mishandled Docs,Republican,-1,8,0.008714596949891068,Counterfactual,0.5,0.004357298474945534,"Less
likely"
docs,docs,Belief Trump Mishandled Docs,Republican,0,895,0.9749455337690632,Counterfactual,0.5,0.4961873638344227,"No
change"
docs,docs,Belief Trump Mishandled Docs,Republican,1,15,0.016339869281045753,Counterfactual,0.5,0.9918300653594772,"More
likely"
docs,docs,Belief Trump Mishandled Docs,Democrat,-1,5,0.005387931034482759,Counterfactual,0.5,0.0026939655172413795,NA
docs,docs,Belief Trump Mishandled Docs,Democrat,0,902,0.9719827586206896,Counterfactual,0.5,0.49137931034482757,"No
change"
docs,docs,Belief Trump Mishandled Docs,Democrat,1,21,0.022629310344827586,Counterfactual,0.5,0.9886853448275862,"More
likely"
docs,docs,Belief Trump Mishandled Docs,Independent,-1,2,0.0056657223796034,Counterfactual,0.5,0.0028328611898017,"Less
likely"
docs,docs,Belief Trump Mishandled Docs,Independent,0,337,0.9546742209631728,Counterfactual,0.5,0.4830028328611898,"No
change"
docs,docs,Belief Trump Mishandled Docs,Independent,1,14,0.039660056657223795,Counterfactual,0.5,0.9801699716713881,"More
likely"
general,vote,"Vote Choice, General Election",Republican,-1,3,0.03,Counterfactual,0.5,0.015,"Less
likely"
general,vote,"Vote Choice, General Election",Republican,0,93,0.93,Counterfactual,0.5,0.49500000000000005,"No
change"
general,vote,"Vote Choice, General Election",Republican,1,4,0.04,Counterfactual,0.5,0.98,"More
likely"
general,vote,"Vote Choice, General Election",Democrat,-1,2,0.002512562814070352,Counterfactual,0.5,0.001256281407035176,NA
general,vote,"Vote Choice, General Election",Democrat,0,791,0.9937185929648241,Counterfactual,0.5,0.49937185929648237,"No
change"
general,vote,"Vote Choice, General Election",Democrat,1,3,0.0037688442211055275,Counterfactual,0.5,0.9981155778894473,"More
likely"
general,vote,"Vote Choice, General Election",Independent,-1,4,0.015151515151515152,Counterfactual,0.5,0.007575757575757576,"Less
likely"
general,vote,"Vote Choice, General Election",Independent,0,259,0.9810606060606061,Counterfactual,0.5,0.5056818181818181,"No
change"
general,vote,"Vote Choice, General Election",Independent,1,1,0.003787878787878788,Counterfactual,0.5,0.9981060606060606,"More
likely"
primary,vote,"Vote Choice, Republican Primary",Republican,-1,11,0.012790697674418604,Counterfactual,0.5,0.006395348837209302,"Less
likely"
primary,vote,"Vote Choice, Republican Primary",Republican,0,845,0.9825581395348837,Counterfactual,0.5,0.5040697674418605,"No
change"
primary,vote,"Vote Choice, Republican Primary",Republican,1,4,0.004651162790697674,Counterfactual,0.5,0.9976744186046511,"More
likely"
primary,vote,"Vote Choice, Republican Primary",Democrat,0,43,1,Counterfactual,0.5,0.5,"No
change"
primary,vote,"Vote Choice, Republican Primary",Independent,-1,1,0.016666666666666666,Counterfactual,0.5,0.008333333333333333,"Less
likely"
primary,vote,"Vote Choice, Republican Primary",Independent,0,59,0.9833333333333333,Counterfactual,0.5,0.5083333333333333,"No
change"
