topic,topic2,Topic,primary_party,sign,N,P,measure,threshold,label_Y_position,Label
docs,docs,Belief Trump Mishandled Documents,Republican,-1,430,0.4270109235352532,Change,-0.01,0.2135054617676266,"Less
likely"
docs,docs,Belief Trump Mishandled Documents,Republican,0,425,0.42204568023833167,Change,-0.01,0.6380337636544191,"No
change"
docs,docs,Belief Trump Mishandled Documents,Republican,1,152,0.1509433962264151,Change,-0.01,0.9245283018867925,"More
likely"
docs,docs,Belief Trump Mishandled Documents,Democratic,-1,47,0.04931794333683106,Change,-0.01,0.02465897166841553,NA
docs,docs,Belief Trump Mishandled Documents,Democratic,0,148,0.155299055613851,Change,-0.01,0.12696747114375656,"No
change"
docs,docs,Belief Trump Mishandled Documents,Democratic,1,758,0.7953830010493179,Change,-0.01,0.602308499475341,"More
likely"
docs,docs,Belief Trump Mishandled Documents,Neither,-1,74,0.16335540838852097,Change,-0.01,0.08167770419426049,"Less
likely"
docs,docs,Belief Trump Mishandled Documents,Neither,0,197,0.434878587196468,Change,-0.01,0.3807947019867549,"No
change"
docs,docs,Belief Trump Mishandled Documents,Neither,1,182,0.40176600441501104,Change,-0.01,0.7991169977924945,"More
likely"
general,vote,"Vote Choice, General Election",Democratic,-1,606,0.6358866736621196,     Change,-0.01,0.3179433368310598,NA
general,vote,"Vote Choice, General Election",Democratic,0,286,0.3001049317943337,     Change,-0.01,0.7859391395592864,"No
change"
general,vote,"Vote Choice, General Election",Democratic,1,61,0.06400839454354669,     Change,-0.01,0.9679958027282265,"More
likely"
general,vote,"Vote Choice, General Election",Neither,-1,147,0.3259423503325942,     Change,-0.01,0.1629711751662971,"Less
likely"
general,vote,"Vote Choice, General Election",Neither,0,208,0.4611973392461197,     Change,-0.01,0.5565410199556541,"No
change"
general,vote,"Vote Choice, General Election",Neither,1,96,0.21286031042128603,     Change,-0.01,0.893569844789357,"More
likely"
primary,vote,"Vote Choice, Republican Primary",Republican,-1,172,0.1708043694141013,     Change,-0.01,0.08540218470705065,"Less
likely"
primary,vote,"Vote Choice, Republican Primary",Republican,0,424,0.42105263157894735,     Change,-0.01,0.38133068520357494,"No
change"
primary,vote,"Vote Choice, Republican Primary",Republican,1,411,0.40814299900695133,     Change,-0.01,0.7959285004965243,"More
likely"
docs,docs,Belief Trump Mishandled Documents,Republican,-1,430,0.4270109235352532,Change,-0.02,0.2135054617676266,"Less
likely"
docs,docs,Belief Trump Mishandled Documents,Republican,0,425,0.42204568023833167,Change,-0.02,0.6380337636544191,"No
change"
docs,docs,Belief Trump Mishandled Documents,Republican,1,152,0.1509433962264151,Change,-0.02,0.9245283018867925,"More
likely"
docs,docs,Belief Trump Mishandled Documents,Democratic,-1,47,0.04931794333683106,Change,-0.02,0.02465897166841553,NA
docs,docs,Belief Trump Mishandled Documents,Democratic,0,148,0.155299055613851,Change,-0.02,0.12696747114375656,"No
change"
docs,docs,Belief Trump Mishandled Documents,Democratic,1,758,0.7953830010493179,Change,-0.02,0.602308499475341,"More
likely"
docs,docs,Belief Trump Mishandled Documents,Neither,-1,74,0.16335540838852097,Change,-0.02,0.08167770419426049,"Less
likely"
docs,docs,Belief Trump Mishandled Documents,Neither,0,197,0.434878587196468,Change,-0.02,0.3807947019867549,"No
change"
docs,docs,Belief Trump Mishandled Documents,Neither,1,182,0.40176600441501104,Change,-0.02,0.7991169977924945,"More
likely"
general,vote,"Vote Choice, General Election",Democratic,-1,606,0.6358866736621196,     Change,-0.02,0.3179433368310598,NA
general,vote,"Vote Choice, General Election",Democratic,0,286,0.3001049317943337,     Change,-0.02,0.7859391395592864,"No
change"
general,vote,"Vote Choice, General Election",Democratic,1,61,0.06400839454354669,     Change,-0.02,0.9679958027282265,"More
likely"
general,vote,"Vote Choice, General Election",Neither,-1,147,0.3259423503325942,     Change,-0.02,0.1629711751662971,"Less
likely"
general,vote,"Vote Choice, General Election",Neither,0,208,0.4611973392461197,     Change,-0.02,0.5565410199556541,"No
change"
general,vote,"Vote Choice, General Election",Neither,1,96,0.21286031042128603,     Change,-0.02,0.893569844789357,"More
likely"
primary,vote,"Vote Choice, Republican Primary",Republican,-1,172,0.1708043694141013,     Change,-0.02,0.08540218470705065,"Less
likely"
primary,vote,"Vote Choice, Republican Primary",Republican,0,424,0.42105263157894735,     Change,-0.02,0.38133068520357494,"No
change"
primary,vote,"Vote Choice, Republican Primary",Republican,1,411,0.40814299900695133,     Change,-0.02,0.7959285004965243,"More
likely"
docs,docs,Belief Trump Mishandled Documents,Republican,-1,430,0.4270109235352532,Change,-0.03,0.2135054617676266,"Less
likely"
docs,docs,Belief Trump Mishandled Documents,Republican,0,425,0.42204568023833167,Change,-0.03,0.6380337636544191,"No
change"
docs,docs,Belief Trump Mishandled Documents,Republican,1,152,0.1509433962264151,Change,-0.03,0.9245283018867925,"More
likely"
docs,docs,Belief Trump Mishandled Documents,Democratic,-1,47,0.04931794333683106,Change,-0.03,0.02465897166841553,NA
docs,docs,Belief Trump Mishandled Documents,Democratic,0,148,0.155299055613851,Change,-0.03,0.12696747114375656,"No
change"
docs,docs,Belief Trump Mishandled Documents,Democratic,1,758,0.7953830010493179,Change,-0.03,0.602308499475341,"More
likely"
docs,docs,Belief Trump Mishandled Documents,Neither,-1,74,0.16335540838852097,Change,-0.03,0.08167770419426049,"Less
likely"
docs,docs,Belief Trump Mishandled Documents,Neither,0,197,0.434878587196468,Change,-0.03,0.3807947019867549,"No
change"
docs,docs,Belief Trump Mishandled Documents,Neither,1,182,0.40176600441501104,Change,-0.03,0.7991169977924945,"More
likely"
general,vote,"Vote Choice, General Election",Democratic,-1,606,0.6358866736621196,     Change,-0.03,0.3179433368310598,NA
general,vote,"Vote Choice, General Election",Democratic,0,286,0.3001049317943337,     Change,-0.03,0.7859391395592864,"No
change"
general,vote,"Vote Choice, General Election",Democratic,1,61,0.06400839454354669,     Change,-0.03,0.9679958027282265,"More
likely"
general,vote,"Vote Choice, General Election",Neither,-1,147,0.3259423503325942,     Change,-0.03,0.1629711751662971,"Less
likely"
general,vote,"Vote Choice, General Election",Neither,0,208,0.4611973392461197,     Change,-0.03,0.5565410199556541,"No
change"
general,vote,"Vote Choice, General Election",Neither,1,96,0.21286031042128603,     Change,-0.03,0.893569844789357,"More
likely"
primary,vote,"Vote Choice, Republican Primary",Republican,-1,172,0.1708043694141013,     Change,-0.03,0.08540218470705065,"Less
likely"
primary,vote,"Vote Choice, Republican Primary",Republican,0,424,0.42105263157894735,     Change,-0.03,0.38133068520357494,"No
change"
primary,vote,"Vote Choice, Republican Primary",Republican,1,411,0.40814299900695133,     Change,-0.03,0.7959285004965243,"More
likely"
docs,docs,Belief Trump Mishandled Documents,Republican,-1,430,0.4270109235352532,Change,-0.04,0.2135054617676266,"Less
likely"
docs,docs,Belief Trump Mishandled Documents,Republican,0,425,0.42204568023833167,Change,-0.04,0.6380337636544191,"No
change"
docs,docs,Belief Trump Mishandled Documents,Republican,1,152,0.1509433962264151,Change,-0.04,0.9245283018867925,"More
likely"
docs,docs,Belief Trump Mishandled Documents,Democratic,-1,47,0.04931794333683106,Change,-0.04,0.02465897166841553,NA
docs,docs,Belief Trump Mishandled Documents,Democratic,0,148,0.155299055613851,Change,-0.04,0.12696747114375656,"No
change"
docs,docs,Belief Trump Mishandled Documents,Democratic,1,758,0.7953830010493179,Change,-0.04,0.602308499475341,"More
likely"
docs,docs,Belief Trump Mishandled Documents,Neither,-1,74,0.16335540838852097,Change,-0.04,0.08167770419426049,"Less
likely"
docs,docs,Belief Trump Mishandled Documents,Neither,0,197,0.434878587196468,Change,-0.04,0.3807947019867549,"No
change"
docs,docs,Belief Trump Mishandled Documents,Neither,1,182,0.40176600441501104,Change,-0.04,0.7991169977924945,"More
likely"
general,vote,"Vote Choice, General Election",Democratic,-1,606,0.6358866736621196,     Change,-0.04,0.3179433368310598,NA
general,vote,"Vote Choice, General Election",Democratic,0,286,0.3001049317943337,     Change,-0.04,0.7859391395592864,"No
change"
general,vote,"Vote Choice, General Election",Democratic,1,61,0.06400839454354669,     Change,-0.04,0.9679958027282265,"More
likely"
general,vote,"Vote Choice, General Election",Neither,-1,147,0.3259423503325942,     Change,-0.04,0.1629711751662971,"Less
likely"
general,vote,"Vote Choice, General Election",Neither,0,208,0.4611973392461197,     Change,-0.04,0.5565410199556541,"No
change"
general,vote,"Vote Choice, General Election",Neither,1,96,0.21286031042128603,     Change,-0.04,0.893569844789357,"More
likely"
primary,vote,"Vote Choice, Republican Primary",Republican,-1,172,0.1708043694141013,     Change,-0.04,0.08540218470705065,"Less
likely"
primary,vote,"Vote Choice, Republican Primary",Republican,0,424,0.42105263157894735,     Change,-0.04,0.38133068520357494,"No
change"
primary,vote,"Vote Choice, Republican Primary",Republican,1,411,0.40814299900695133,     Change,-0.04,0.7959285004965243,"More
likely"
docs,docs,Belief Trump Mishandled Documents,Republican,-1,430,0.4270109235352532,Change,-0.05,0.2135054617676266,"Less
likely"
docs,docs,Belief Trump Mishandled Documents,Republican,0,425,0.42204568023833167,Change,-0.05,0.6380337636544191,"No
change"
docs,docs,Belief Trump Mishandled Documents,Republican,1,152,0.1509433962264151,Change,-0.05,0.9245283018867925,"More
likely"
docs,docs,Belief Trump Mishandled Documents,Democratic,-1,47,0.04931794333683106,Change,-0.05,0.02465897166841553,NA
docs,docs,Belief Trump Mishandled Documents,Democratic,0,148,0.155299055613851,Change,-0.05,0.12696747114375656,"No
change"
docs,docs,Belief Trump Mishandled Documents,Democratic,1,758,0.7953830010493179,Change,-0.05,0.602308499475341,"More
likely"
docs,docs,Belief Trump Mishandled Documents,Neither,-1,74,0.16335540838852097,Change,-0.05,0.08167770419426049,"Less
likely"
docs,docs,Belief Trump Mishandled Documents,Neither,0,197,0.434878587196468,Change,-0.05,0.3807947019867549,"No
change"
docs,docs,Belief Trump Mishandled Documents,Neither,1,182,0.40176600441501104,Change,-0.05,0.7991169977924945,"More
likely"
general,vote,"Vote Choice, General Election",Democratic,-1,606,0.6358866736621196,     Change,-0.05,0.3179433368310598,NA
general,vote,"Vote Choice, General Election",Democratic,0,286,0.3001049317943337,     Change,-0.05,0.7859391395592864,"No
change"
general,vote,"Vote Choice, General Election",Democratic,1,61,0.06400839454354669,     Change,-0.05,0.9679958027282265,"More
likely"
general,vote,"Vote Choice, General Election",Neither,-1,147,0.3259423503325942,     Change,-0.05,0.1629711751662971,"Less
likely"
general,vote,"Vote Choice, General Election",Neither,0,208,0.4611973392461197,     Change,-0.05,0.5565410199556541,"No
change"
general,vote,"Vote Choice, General Election",Neither,1,96,0.21286031042128603,     Change,-0.05,0.893569844789357,"More
likely"
primary,vote,"Vote Choice, Republican Primary",Republican,-1,172,0.1708043694141013,     Change,-0.05,0.08540218470705065,"Less
likely"
primary,vote,"Vote Choice, Republican Primary",Republican,0,424,0.42105263157894735,     Change,-0.05,0.38133068520357494,"No
change"
primary,vote,"Vote Choice, Republican Primary",Republican,1,411,0.40814299900695133,     Change,-0.05,0.7959285004965243,"More
likely"
docs,docs,Belief Trump Mishandled Documents,Republican,-1,430,0.4270109235352532,Change,-0.06,0.2135054617676266,"Less
likely"
docs,docs,Belief Trump Mishandled Documents,Republican,0,425,0.42204568023833167,Change,-0.06,0.6380337636544191,"No
change"
docs,docs,Belief Trump Mishandled Documents,Republican,1,152,0.1509433962264151,Change,-0.06,0.9245283018867925,"More
likely"
docs,docs,Belief Trump Mishandled Documents,Democratic,-1,47,0.04931794333683106,Change,-0.06,0.02465897166841553,NA
docs,docs,Belief Trump Mishandled Documents,Democratic,0,148,0.155299055613851,Change,-0.06,0.12696747114375656,"No
change"
docs,docs,Belief Trump Mishandled Documents,Democratic,1,758,0.7953830010493179,Change,-0.06,0.602308499475341,"More
likely"
docs,docs,Belief Trump Mishandled Documents,Neither,-1,74,0.16335540838852097,Change,-0.06,0.08167770419426049,"Less
likely"
docs,docs,Belief Trump Mishandled Documents,Neither,0,197,0.434878587196468,Change,-0.06,0.3807947019867549,"No
change"
docs,docs,Belief Trump Mishandled Documents,Neither,1,182,0.40176600441501104,Change,-0.06,0.7991169977924945,"More
likely"
general,vote,"Vote Choice, General Election",Democratic,-1,606,0.6358866736621196,     Change,-0.06,0.3179433368310598,NA
general,vote,"Vote Choice, General Election",Democratic,0,286,0.3001049317943337,     Change,-0.06,0.7859391395592864,"No
change"
general,vote,"Vote Choice, General Election",Democratic,1,61,0.06400839454354669,     Change,-0.06,0.9679958027282265,"More
likely"
general,vote,"Vote Choice, General Election",Neither,-1,147,0.3259423503325942,     Change,-0.06,0.1629711751662971,"Less
likely"
general,vote,"Vote Choice, General Election",Neither,0,208,0.4611973392461197,     Change,-0.06,0.5565410199556541,"No
change"
general,vote,"Vote Choice, General Election",Neither,1,96,0.21286031042128603,     Change,-0.06,0.893569844789357,"More
likely"
primary,vote,"Vote Choice, Republican Primary",Republican,-1,172,0.1708043694141013,     Change,-0.06,0.08540218470705065,"Less
likely"
primary,vote,"Vote Choice, Republican Primary",Republican,0,424,0.42105263157894735,     Change,-0.06,0.38133068520357494,"No
change"
primary,vote,"Vote Choice, Republican Primary",Republican,1,411,0.40814299900695133,     Change,-0.06,0.7959285004965243,"More
likely"
docs,docs,Belief Trump Mishandled Documents,Republican,-1,430,0.4270109235352532,Change,-0.07,0.2135054617676266,"Less
likely"
docs,docs,Belief Trump Mishandled Documents,Republican,0,425,0.42204568023833167,Change,-0.07,0.6380337636544191,"No
change"
docs,docs,Belief Trump Mishandled Documents,Republican,1,152,0.1509433962264151,Change,-0.07,0.9245283018867925,"More
likely"
docs,docs,Belief Trump Mishandled Documents,Democratic,-1,47,0.04931794333683106,Change,-0.07,0.02465897166841553,NA
docs,docs,Belief Trump Mishandled Documents,Democratic,0,148,0.155299055613851,Change,-0.07,0.12696747114375656,"No
change"
docs,docs,Belief Trump Mishandled Documents,Democratic,1,758,0.7953830010493179,Change,-0.07,0.602308499475341,"More
likely"
docs,docs,Belief Trump Mishandled Documents,Neither,-1,74,0.16335540838852097,Change,-0.07,0.08167770419426049,"Less
likely"
docs,docs,Belief Trump Mishandled Documents,Neither,0,197,0.434878587196468,Change,-0.07,0.3807947019867549,"No
change"
docs,docs,Belief Trump Mishandled Documents,Neither,1,182,0.40176600441501104,Change,-0.07,0.7991169977924945,"More
likely"
general,vote,"Vote Choice, General Election",Democratic,-1,606,0.6358866736621196,     Change,-0.07,0.3179433368310598,NA
general,vote,"Vote Choice, General Election",Democratic,0,286,0.3001049317943337,     Change,-0.07,0.7859391395592864,"No
change"
general,vote,"Vote Choice, General Election",Democratic,1,61,0.06400839454354669,     Change,-0.07,0.9679958027282265,"More
likely"
general,vote,"Vote Choice, General Election",Neither,-1,147,0.3259423503325942,     Change,-0.07,0.1629711751662971,"Less
likely"
general,vote,"Vote Choice, General Election",Neither,0,208,0.4611973392461197,     Change,-0.07,0.5565410199556541,"No
change"
general,vote,"Vote Choice, General Election",Neither,1,96,0.21286031042128603,     Change,-0.07,0.893569844789357,"More
likely"
primary,vote,"Vote Choice, Republican Primary",Republican,-1,172,0.1708043694141013,     Change,-0.07,0.08540218470705065,"Less
likely"
primary,vote,"Vote Choice, Republican Primary",Republican,0,424,0.42105263157894735,     Change,-0.07,0.38133068520357494,"No
change"
primary,vote,"Vote Choice, Republican Primary",Republican,1,411,0.40814299900695133,     Change,-0.07,0.7959285004965243,"More
likely"
docs,docs,Belief Trump Mishandled Documents,Republican,-1,430,0.4270109235352532,Change,-0.08,0.2135054617676266,"Less
likely"
docs,docs,Belief Trump Mishandled Documents,Republican,0,425,0.42204568023833167,Change,-0.08,0.6380337636544191,"No
change"
docs,docs,Belief Trump Mishandled Documents,Republican,1,152,0.1509433962264151,Change,-0.08,0.9245283018867925,"More
likely"
docs,docs,Belief Trump Mishandled Documents,Democratic,-1,47,0.04931794333683106,Change,-0.08,0.02465897166841553,NA
docs,docs,Belief Trump Mishandled Documents,Democratic,0,148,0.155299055613851,Change,-0.08,0.12696747114375656,"No
change"
docs,docs,Belief Trump Mishandled Documents,Democratic,1,758,0.7953830010493179,Change,-0.08,0.602308499475341,"More
likely"
docs,docs,Belief Trump Mishandled Documents,Neither,-1,74,0.16335540838852097,Change,-0.08,0.08167770419426049,"Less
likely"
docs,docs,Belief Trump Mishandled Documents,Neither,0,197,0.434878587196468,Change,-0.08,0.3807947019867549,"No
change"
docs,docs,Belief Trump Mishandled Documents,Neither,1,182,0.40176600441501104,Change,-0.08,0.7991169977924945,"More
likely"
general,vote,"Vote Choice, General Election",Democratic,-1,606,0.6358866736621196,     Change,-0.08,0.3179433368310598,NA
general,vote,"Vote Choice, General Election",Democratic,0,286,0.3001049317943337,     Change,-0.08,0.7859391395592864,"No
change"
general,vote,"Vote Choice, General Election",Democratic,1,61,0.06400839454354669,     Change,-0.08,0.9679958027282265,"More
likely"
general,vote,"Vote Choice, General Election",Neither,-1,147,0.3259423503325942,     Change,-0.08,0.1629711751662971,"Less
likely"
general,vote,"Vote Choice, General Election",Neither,0,208,0.4611973392461197,     Change,-0.08,0.5565410199556541,"No
change"
general,vote,"Vote Choice, General Election",Neither,1,96,0.21286031042128603,     Change,-0.08,0.893569844789357,"More
likely"
primary,vote,"Vote Choice, Republican Primary",Republican,-1,172,0.1708043694141013,     Change,-0.08,0.08540218470705065,"Less
likely"
primary,vote,"Vote Choice, Republican Primary",Republican,0,424,0.42105263157894735,     Change,-0.08,0.38133068520357494,"No
change"
primary,vote,"Vote Choice, Republican Primary",Republican,1,411,0.40814299900695133,     Change,-0.08,0.7959285004965243,"More
likely"
docs,docs,Belief Trump Mishandled Documents,Republican,-1,430,0.4270109235352532,Change,-0.09,0.2135054617676266,"Less
likely"
docs,docs,Belief Trump Mishandled Documents,Republican,0,425,0.42204568023833167,Change,-0.09,0.6380337636544191,"No
change"
docs,docs,Belief Trump Mishandled Documents,Republican,1,152,0.1509433962264151,Change,-0.09,0.9245283018867925,"More
likely"
docs,docs,Belief Trump Mishandled Documents,Democratic,-1,47,0.04931794333683106,Change,-0.09,0.02465897166841553,NA
docs,docs,Belief Trump Mishandled Documents,Democratic,0,148,0.155299055613851,Change,-0.09,0.12696747114375656,"No
change"
docs,docs,Belief Trump Mishandled Documents,Democratic,1,758,0.7953830010493179,Change,-0.09,0.602308499475341,"More
likely"
docs,docs,Belief Trump Mishandled Documents,Neither,-1,74,0.16335540838852097,Change,-0.09,0.08167770419426049,"Less
likely"
docs,docs,Belief Trump Mishandled Documents,Neither,0,197,0.434878587196468,Change,-0.09,0.3807947019867549,"No
change"
docs,docs,Belief Trump Mishandled Documents,Neither,1,182,0.40176600441501104,Change,-0.09,0.7991169977924945,"More
likely"
general,vote,"Vote Choice, General Election",Democratic,-1,606,0.6358866736621196,     Change,-0.09,0.3179433368310598,NA
general,vote,"Vote Choice, General Election",Democratic,0,286,0.3001049317943337,     Change,-0.09,0.7859391395592864,"No
change"
general,vote,"Vote Choice, General Election",Democratic,1,61,0.06400839454354669,     Change,-0.09,0.9679958027282265,"More
likely"
general,vote,"Vote Choice, General Election",Neither,-1,147,0.3259423503325942,     Change,-0.09,0.1629711751662971,"Less
likely"
general,vote,"Vote Choice, General Election",Neither,0,208,0.4611973392461197,     Change,-0.09,0.5565410199556541,"No
change"
general,vote,"Vote Choice, General Election",Neither,1,96,0.21286031042128603,     Change,-0.09,0.893569844789357,"More
likely"
primary,vote,"Vote Choice, Republican Primary",Republican,-1,172,0.1708043694141013,     Change,-0.09,0.08540218470705065,"Less
likely"
primary,vote,"Vote Choice, Republican Primary",Republican,0,424,0.42105263157894735,     Change,-0.09,0.38133068520357494,"No
change"
primary,vote,"Vote Choice, Republican Primary",Republican,1,411,0.40814299900695133,     Change,-0.09,0.7959285004965243,"More
likely"
docs,docs,Belief Trump Mishandled Documents,Republican,-1,430,0.4270109235352532,Change,-0.1,0.2135054617676266,"Less
likely"
docs,docs,Belief Trump Mishandled Documents,Republican,0,425,0.42204568023833167,Change,-0.1,0.6380337636544191,"No
change"
docs,docs,Belief Trump Mishandled Documents,Republican,1,152,0.1509433962264151,Change,-0.1,0.9245283018867925,"More
likely"
docs,docs,Belief Trump Mishandled Documents,Democratic,-1,47,0.04931794333683106,Change,-0.1,0.02465897166841553,NA
docs,docs,Belief Trump Mishandled Documents,Democratic,0,148,0.155299055613851,Change,-0.1,0.12696747114375656,"No
change"
docs,docs,Belief Trump Mishandled Documents,Democratic,1,758,0.7953830010493179,Change,-0.1,0.602308499475341,"More
likely"
docs,docs,Belief Trump Mishandled Documents,Neither,-1,74,0.16335540838852097,Change,-0.1,0.08167770419426049,"Less
likely"
docs,docs,Belief Trump Mishandled Documents,Neither,0,197,0.434878587196468,Change,-0.1,0.3807947019867549,"No
change"
docs,docs,Belief Trump Mishandled Documents,Neither,1,182,0.40176600441501104,Change,-0.1,0.7991169977924945,"More
likely"
general,vote,"Vote Choice, General Election",Democratic,-1,606,0.6358866736621196,     Change,-0.1,0.3179433368310598,NA
general,vote,"Vote Choice, General Election",Democratic,0,286,0.3001049317943337,     Change,-0.1,0.7859391395592864,"No
change"
general,vote,"Vote Choice, General Election",Democratic,1,61,0.06400839454354669,     Change,-0.1,0.9679958027282265,"More
likely"
general,vote,"Vote Choice, General Election",Neither,-1,147,0.3259423503325942,     Change,-0.1,0.1629711751662971,"Less
likely"
general,vote,"Vote Choice, General Election",Neither,0,208,0.4611973392461197,     Change,-0.1,0.5565410199556541,"No
change"
general,vote,"Vote Choice, General Election",Neither,1,96,0.21286031042128603,     Change,-0.1,0.893569844789357,"More
likely"
primary,vote,"Vote Choice, Republican Primary",Republican,-1,172,0.1708043694141013,     Change,-0.1,0.08540218470705065,"Less
likely"
primary,vote,"Vote Choice, Republican Primary",Republican,0,424,0.42105263157894735,     Change,-0.1,0.38133068520357494,"No
change"
primary,vote,"Vote Choice, Republican Primary",Republican,1,411,0.40814299900695133,     Change,-0.1,0.7959285004965243,"More
likely"
docs,docs,Belief Trump Mishandled Documents,Republican,-1,430,0.4270109235352532,Change,-0.11,0.2135054617676266,"Less
likely"
docs,docs,Belief Trump Mishandled Documents,Republican,0,425,0.42204568023833167,Change,-0.11,0.6380337636544191,"No
change"
docs,docs,Belief Trump Mishandled Documents,Republican,1,152,0.1509433962264151,Change,-0.11,0.9245283018867925,"More
likely"
docs,docs,Belief Trump Mishandled Documents,Democratic,-1,47,0.04931794333683106,Change,-0.11,0.02465897166841553,NA
docs,docs,Belief Trump Mishandled Documents,Democratic,0,148,0.155299055613851,Change,-0.11,0.12696747114375656,"No
change"
docs,docs,Belief Trump Mishandled Documents,Democratic,1,758,0.7953830010493179,Change,-0.11,0.602308499475341,"More
likely"
docs,docs,Belief Trump Mishandled Documents,Neither,-1,74,0.16335540838852097,Change,-0.11,0.08167770419426049,"Less
likely"
docs,docs,Belief Trump Mishandled Documents,Neither,0,197,0.434878587196468,Change,-0.11,0.3807947019867549,"No
change"
docs,docs,Belief Trump Mishandled Documents,Neither,1,182,0.40176600441501104,Change,-0.11,0.7991169977924945,"More
likely"
general,vote,"Vote Choice, General Election",Democratic,-1,606,0.6358866736621196,     Change,-0.11,0.3179433368310598,NA
general,vote,"Vote Choice, General Election",Democratic,0,286,0.3001049317943337,     Change,-0.11,0.7859391395592864,"No
change"
general,vote,"Vote Choice, General Election",Democratic,1,61,0.06400839454354669,     Change,-0.11,0.9679958027282265,"More
likely"
general,vote,"Vote Choice, General Election",Neither,-1,147,0.3259423503325942,     Change,-0.11,0.1629711751662971,"Less
likely"
general,vote,"Vote Choice, General Election",Neither,0,208,0.4611973392461197,     Change,-0.11,0.5565410199556541,"No
change"
general,vote,"Vote Choice, General Election",Neither,1,96,0.21286031042128603,     Change,-0.11,0.893569844789357,"More
likely"
primary,vote,"Vote Choice, Republican Primary",Republican,-1,172,0.1708043694141013,     Change,-0.11,0.08540218470705065,"Less
likely"
primary,vote,"Vote Choice, Republican Primary",Republican,0,424,0.42105263157894735,     Change,-0.11,0.38133068520357494,"No
change"
primary,vote,"Vote Choice, Republican Primary",Republican,1,411,0.40814299900695133,     Change,-0.11,0.7959285004965243,"More
likely"
docs,docs,Belief Trump Mishandled Documents,Republican,-1,430,0.4270109235352532,Change,-0.12,0.2135054617676266,"Less
likely"
docs,docs,Belief Trump Mishandled Documents,Republican,0,425,0.42204568023833167,Change,-0.12,0.6380337636544191,"No
change"
docs,docs,Belief Trump Mishandled Documents,Republican,1,152,0.1509433962264151,Change,-0.12,0.9245283018867925,"More
likely"
docs,docs,Belief Trump Mishandled Documents,Democratic,-1,47,0.04931794333683106,Change,-0.12,0.02465897166841553,NA
docs,docs,Belief Trump Mishandled Documents,Democratic,0,148,0.155299055613851,Change,-0.12,0.12696747114375656,"No
change"
docs,docs,Belief Trump Mishandled Documents,Democratic,1,758,0.7953830010493179,Change,-0.12,0.602308499475341,"More
likely"
docs,docs,Belief Trump Mishandled Documents,Neither,-1,74,0.16335540838852097,Change,-0.12,0.08167770419426049,"Less
likely"
docs,docs,Belief Trump Mishandled Documents,Neither,0,197,0.434878587196468,Change,-0.12,0.3807947019867549,"No
change"
docs,docs,Belief Trump Mishandled Documents,Neither,1,182,0.40176600441501104,Change,-0.12,0.7991169977924945,"More
likely"
general,vote,"Vote Choice, General Election",Democratic,-1,606,0.6358866736621196,     Change,-0.12,0.3179433368310598,NA
general,vote,"Vote Choice, General Election",Democratic,0,286,0.3001049317943337,     Change,-0.12,0.7859391395592864,"No
change"
general,vote,"Vote Choice, General Election",Democratic,1,61,0.06400839454354669,     Change,-0.12,0.9679958027282265,"More
likely"
general,vote,"Vote Choice, General Election",Neither,-1,147,0.3259423503325942,     Change,-0.12,0.1629711751662971,"Less
likely"
general,vote,"Vote Choice, General Election",Neither,0,208,0.4611973392461197,     Change,-0.12,0.5565410199556541,"No
change"
general,vote,"Vote Choice, General Election",Neither,1,96,0.21286031042128603,     Change,-0.12,0.893569844789357,"More
likely"
primary,vote,"Vote Choice, Republican Primary",Republican,-1,172,0.1708043694141013,     Change,-0.12,0.08540218470705065,"Less
likely"
primary,vote,"Vote Choice, Republican Primary",Republican,0,424,0.42105263157894735,     Change,-0.12,0.38133068520357494,"No
change"
primary,vote,"Vote Choice, Republican Primary",Republican,1,411,0.40814299900695133,     Change,-0.12,0.7959285004965243,"More
likely"
docs,docs,Belief Trump Mishandled Documents,Republican,-1,430,0.4270109235352532,Change,-0.13,0.2135054617676266,"Less
likely"
docs,docs,Belief Trump Mishandled Documents,Republican,0,425,0.42204568023833167,Change,-0.13,0.6380337636544191,"No
change"
docs,docs,Belief Trump Mishandled Documents,Republican,1,152,0.1509433962264151,Change,-0.13,0.9245283018867925,"More
likely"
docs,docs,Belief Trump Mishandled Documents,Democratic,-1,47,0.04931794333683106,Change,-0.13,0.02465897166841553,NA
docs,docs,Belief Trump Mishandled Documents,Democratic,0,148,0.155299055613851,Change,-0.13,0.12696747114375656,"No
change"
docs,docs,Belief Trump Mishandled Documents,Democratic,1,758,0.7953830010493179,Change,-0.13,0.602308499475341,"More
likely"
docs,docs,Belief Trump Mishandled Documents,Neither,-1,74,0.16335540838852097,Change,-0.13,0.08167770419426049,"Less
likely"
docs,docs,Belief Trump Mishandled Documents,Neither,0,197,0.434878587196468,Change,-0.13,0.3807947019867549,"No
change"
docs,docs,Belief Trump Mishandled Documents,Neither,1,182,0.40176600441501104,Change,-0.13,0.7991169977924945,"More
likely"
general,vote,"Vote Choice, General Election",Democratic,-1,606,0.6358866736621196,     Change,-0.13,0.3179433368310598,NA
general,vote,"Vote Choice, General Election",Democratic,0,286,0.3001049317943337,     Change,-0.13,0.7859391395592864,"No
change"
general,vote,"Vote Choice, General Election",Democratic,1,61,0.06400839454354669,     Change,-0.13,0.9679958027282265,"More
likely"
general,vote,"Vote Choice, General Election",Neither,-1,147,0.3259423503325942,     Change,-0.13,0.1629711751662971,"Less
likely"
general,vote,"Vote Choice, General Election",Neither,0,208,0.4611973392461197,     Change,-0.13,0.5565410199556541,"No
change"
general,vote,"Vote Choice, General Election",Neither,1,96,0.21286031042128603,     Change,-0.13,0.893569844789357,"More
likely"
primary,vote,"Vote Choice, Republican Primary",Republican,-1,172,0.1708043694141013,     Change,-0.13,0.08540218470705065,"Less
likely"
primary,vote,"Vote Choice, Republican Primary",Republican,0,424,0.42105263157894735,     Change,-0.13,0.38133068520357494,"No
change"
primary,vote,"Vote Choice, Republican Primary",Republican,1,411,0.40814299900695133,     Change,-0.13,0.7959285004965243,"More
likely"
docs,docs,Belief Trump Mishandled Documents,Republican,-1,430,0.4270109235352532,Change,-0.14,0.2135054617676266,"Less
likely"
docs,docs,Belief Trump Mishandled Documents,Republican,0,425,0.42204568023833167,Change,-0.14,0.6380337636544191,"No
change"
docs,docs,Belief Trump Mishandled Documents,Republican,1,152,0.1509433962264151,Change,-0.14,0.9245283018867925,"More
likely"
docs,docs,Belief Trump Mishandled Documents,Democratic,-1,47,0.04931794333683106,Change,-0.14,0.02465897166841553,NA
docs,docs,Belief Trump Mishandled Documents,Democratic,0,148,0.155299055613851,Change,-0.14,0.12696747114375656,"No
change"
docs,docs,Belief Trump Mishandled Documents,Democratic,1,758,0.7953830010493179,Change,-0.14,0.602308499475341,"More
likely"
docs,docs,Belief Trump Mishandled Documents,Neither,-1,74,0.16335540838852097,Change,-0.14,0.08167770419426049,"Less
likely"
docs,docs,Belief Trump Mishandled Documents,Neither,0,197,0.434878587196468,Change,-0.14,0.3807947019867549,"No
change"
docs,docs,Belief Trump Mishandled Documents,Neither,1,182,0.40176600441501104,Change,-0.14,0.7991169977924945,"More
likely"
general,vote,"Vote Choice, General Election",Democratic,-1,606,0.6358866736621196,     Change,-0.14,0.3179433368310598,NA
general,vote,"Vote Choice, General Election",Democratic,0,286,0.3001049317943337,     Change,-0.14,0.7859391395592864,"No
change"
general,vote,"Vote Choice, General Election",Democratic,1,61,0.06400839454354669,     Change,-0.14,0.9679958027282265,"More
likely"
general,vote,"Vote Choice, General Election",Neither,-1,147,0.3259423503325942,     Change,-0.14,0.1629711751662971,"Less
likely"
general,vote,"Vote Choice, General Election",Neither,0,208,0.4611973392461197,     Change,-0.14,0.5565410199556541,"No
change"
general,vote,"Vote Choice, General Election",Neither,1,96,0.21286031042128603,     Change,-0.14,0.893569844789357,"More
likely"
primary,vote,"Vote Choice, Republican Primary",Republican,-1,172,0.1708043694141013,     Change,-0.14,0.08540218470705065,"Less
likely"
primary,vote,"Vote Choice, Republican Primary",Republican,0,424,0.42105263157894735,     Change,-0.14,0.38133068520357494,"No
change"
primary,vote,"Vote Choice, Republican Primary",Republican,1,411,0.40814299900695133,     Change,-0.14,0.7959285004965243,"More
likely"
docs,docs,Belief Trump Mishandled Documents,Republican,-1,430,0.4270109235352532,Change,-0.15,0.2135054617676266,"Less
likely"
docs,docs,Belief Trump Mishandled Documents,Republican,0,425,0.42204568023833167,Change,-0.15,0.6380337636544191,"No
change"
docs,docs,Belief Trump Mishandled Documents,Republican,1,152,0.1509433962264151,Change,-0.15,0.9245283018867925,"More
likely"
docs,docs,Belief Trump Mishandled Documents,Democratic,-1,47,0.04931794333683106,Change,-0.15,0.02465897166841553,NA
docs,docs,Belief Trump Mishandled Documents,Democratic,0,148,0.155299055613851,Change,-0.15,0.12696747114375656,"No
change"
docs,docs,Belief Trump Mishandled Documents,Democratic,1,758,0.7953830010493179,Change,-0.15,0.602308499475341,"More
likely"
docs,docs,Belief Trump Mishandled Documents,Neither,-1,74,0.16335540838852097,Change,-0.15,0.08167770419426049,"Less
likely"
docs,docs,Belief Trump Mishandled Documents,Neither,0,197,0.434878587196468,Change,-0.15,0.3807947019867549,"No
change"
docs,docs,Belief Trump Mishandled Documents,Neither,1,182,0.40176600441501104,Change,-0.15,0.7991169977924945,"More
likely"
general,vote,"Vote Choice, General Election",Democratic,-1,606,0.6358866736621196,     Change,-0.15,0.3179433368310598,NA
general,vote,"Vote Choice, General Election",Democratic,0,286,0.3001049317943337,     Change,-0.15,0.7859391395592864,"No
change"
general,vote,"Vote Choice, General Election",Democratic,1,61,0.06400839454354669,     Change,-0.15,0.9679958027282265,"More
likely"
general,vote,"Vote Choice, General Election",Neither,-1,147,0.3259423503325942,     Change,-0.15,0.1629711751662971,"Less
likely"
general,vote,"Vote Choice, General Election",Neither,0,208,0.4611973392461197,     Change,-0.15,0.5565410199556541,"No
change"
general,vote,"Vote Choice, General Election",Neither,1,96,0.21286031042128603,     Change,-0.15,0.893569844789357,"More
likely"
primary,vote,"Vote Choice, Republican Primary",Republican,-1,172,0.1708043694141013,     Change,-0.15,0.08540218470705065,"Less
likely"
primary,vote,"Vote Choice, Republican Primary",Republican,0,424,0.42105263157894735,     Change,-0.15,0.38133068520357494,"No
change"
primary,vote,"Vote Choice, Republican Primary",Republican,1,411,0.40814299900695133,     Change,-0.15,0.7959285004965243,"More
likely"
docs,docs,Belief Trump Mishandled Documents,Republican,-1,430,0.4270109235352532,Change,-0.16,0.2135054617676266,"Less
likely"
docs,docs,Belief Trump Mishandled Documents,Republican,0,425,0.42204568023833167,Change,-0.16,0.6380337636544191,"No
change"
docs,docs,Belief Trump Mishandled Documents,Republican,1,152,0.1509433962264151,Change,-0.16,0.9245283018867925,"More
likely"
docs,docs,Belief Trump Mishandled Documents,Democratic,-1,47,0.04931794333683106,Change,-0.16,0.02465897166841553,NA
docs,docs,Belief Trump Mishandled Documents,Democratic,0,148,0.155299055613851,Change,-0.16,0.12696747114375656,"No
change"
docs,docs,Belief Trump Mishandled Documents,Democratic,1,758,0.7953830010493179,Change,-0.16,0.602308499475341,"More
likely"
docs,docs,Belief Trump Mishandled Documents,Neither,-1,74,0.16335540838852097,Change,-0.16,0.08167770419426049,"Less
likely"
docs,docs,Belief Trump Mishandled Documents,Neither,0,197,0.434878587196468,Change,-0.16,0.3807947019867549,"No
change"
docs,docs,Belief Trump Mishandled Documents,Neither,1,182,0.40176600441501104,Change,-0.16,0.7991169977924945,"More
likely"
general,vote,"Vote Choice, General Election",Democratic,-1,606,0.6358866736621196,     Change,-0.16,0.3179433368310598,NA
general,vote,"Vote Choice, General Election",Democratic,0,286,0.3001049317943337,     Change,-0.16,0.7859391395592864,"No
change"
general,vote,"Vote Choice, General Election",Democratic,1,61,0.06400839454354669,     Change,-0.16,0.9679958027282265,"More
likely"
general,vote,"Vote Choice, General Election",Neither,-1,147,0.3259423503325942,     Change,-0.16,0.1629711751662971,"Less
likely"
general,vote,"Vote Choice, General Election",Neither,0,208,0.4611973392461197,     Change,-0.16,0.5565410199556541,"No
change"
general,vote,"Vote Choice, General Election",Neither,1,96,0.21286031042128603,     Change,-0.16,0.893569844789357,"More
likely"
primary,vote,"Vote Choice, Republican Primary",Republican,-1,172,0.1708043694141013,     Change,-0.16,0.08540218470705065,"Less
likely"
primary,vote,"Vote Choice, Republican Primary",Republican,0,424,0.42105263157894735,     Change,-0.16,0.38133068520357494,"No
change"
primary,vote,"Vote Choice, Republican Primary",Republican,1,411,0.40814299900695133,     Change,-0.16,0.7959285004965243,"More
likely"
docs,docs,Belief Trump Mishandled Documents,Republican,-1,136,0.1457663451232583,Counterfactual,0,0.07288317256162916,"Less
likely"
docs,docs,Belief Trump Mishandled Documents,Republican,0,508,0.5444801714898178,Counterfactual,0,0.41800643086816713,"No
change"
docs,docs,Belief Trump Mishandled Documents,Republican,1,289,0.3097534833869239,Counterfactual,0,0.845123258306538,"More
likely"
docs,docs,Belief Trump Mishandled Documents,Democratic,-1,105,0.11513157894736842,Counterfactual,0,0.05756578947368421,NA
docs,docs,Belief Trump Mishandled Documents,Democratic,0,481,0.5274122807017544,Counterfactual,0,0.37883771929824567,"No
change"
docs,docs,Belief Trump Mishandled Documents,Democratic,1,326,0.3574561403508772,Counterfactual,0,0.8212719298245614,"More
likely"
docs,docs,Belief Trump Mishandled Documents,Neither,-1,75,0.1937984496124031,Counterfactual,0,0.09689922480620156,"Less
likely"
docs,docs,Belief Trump Mishandled Documents,Neither,0,187,0.48320413436692505,Counterfactual,0,0.43540051679586556,"No
change"
docs,docs,Belief Trump Mishandled Documents,Neither,1,125,0.32299741602067183,Counterfactual,0,0.838501291989664,"More
likely"
general,vote,"Vote Choice, General Election",Democratic,-1,106,0.12832929782082325,Counterfactual,0,0.06416464891041163,NA
general,vote,"Vote Choice, General Election",Democratic,0,625,0.7566585956416465,Counterfactual,0,0.5066585956416465,"No
change"
general,vote,"Vote Choice, General Election",Democratic,1,95,0.11501210653753027,Counterfactual,0,0.9424939467312349,"More
likely"
general,vote,"Vote Choice, General Election",Neither,-1,70,0.19607843137254902,Counterfactual,0,0.09803921568627451,"Less
likely"
general,vote,"Vote Choice, General Election",Neither,0,220,0.6162464985994398,Counterfactual,0,0.5042016806722689,"No
change"
general,vote,"Vote Choice, General Election",Neither,1,67,0.1876750700280112,Counterfactual,0,0.9061624649859944,"More
likely"
primary,vote,"Vote Choice, Republican Primary",Republican,-1,174,0.17956656346749225,Counterfactual,0,0.08978328173374613,"Less
likely"
primary,vote,"Vote Choice, Republican Primary",Republican,0,678,0.6996904024767802,Counterfactual,0,0.5294117647058822,"No
change"
primary,vote,"Vote Choice, Republican Primary",Republican,1,117,0.12074303405572756,Counterfactual,0,0.9396284829721362,"More
likely"
docs,docs,Belief Trump Mishandled Documents,Republican,-1,132,0.1414790996784566,Counterfactual,0.01,0.0707395498392283,"Less
likely"
docs,docs,Belief Trump Mishandled Documents,Republican,0,519,0.5562700964630225,Counterfactual,0.01,0.41961414790996787,"No
change"
docs,docs,Belief Trump Mishandled Documents,Republican,1,282,0.3022508038585209,Counterfactual,0.01,0.8488745980707395,"More
likely"
docs,docs,Belief Trump Mishandled Documents,Democratic,-1,104,0.11403508771929824,Counterfactual,0.01,0.05701754385964912,NA
docs,docs,Belief Trump Mishandled Documents,Democratic,0,483,0.5296052631578947,Counterfactual,0.01,0.3788377192982456,"No
change"
docs,docs,Belief Trump Mishandled Documents,Democratic,1,325,0.35635964912280704,Counterfactual,0.01,0.8218201754385965,"More
likely"
docs,docs,Belief Trump Mishandled Documents,Neither,-1,75,0.1937984496124031,Counterfactual,0.01,0.09689922480620156,"Less
likely"
docs,docs,Belief Trump Mishandled Documents,Neither,0,190,0.4909560723514212,Counterfactual,0.01,0.4392764857881136,"No
change"
docs,docs,Belief Trump Mishandled Documents,Neither,1,122,0.3152454780361757,Counterfactual,0.01,0.8423772609819121,"More
likely"
general,vote,"Vote Choice, General Election",Democratic,-1,102,0.1234866828087167,Counterfactual,0.01,0.06174334140435835,NA
general,vote,"Vote Choice, General Election",Democratic,0,630,0.7627118644067796,Counterfactual,0.01,0.5048426150121065,"No
change"
general,vote,"Vote Choice, General Election",Democratic,1,94,0.11380145278450363,Counterfactual,0.01,0.943099273607748,"More
likely"
general,vote,"Vote Choice, General Election",Neither,-1,68,0.19047619047619047,Counterfactual,0.01,0.09523809523809523,"Less
likely"
general,vote,"Vote Choice, General Election",Neither,0,224,0.6274509803921569,Counterfactual,0.01,0.5042016806722689,"No
change"
general,vote,"Vote Choice, General Election",Neither,1,65,0.18207282913165265,Counterfactual,0.01,0.9089635854341737,"More
likely"
primary,vote,"Vote Choice, Republican Primary",Republican,-1,171,0.17647058823529413,Counterfactual,0.01,0.08823529411764706,"Less
likely"
primary,vote,"Vote Choice, Republican Primary",Republican,0,685,0.7069143446852425,Counterfactual,0.01,0.5299277605779154,"No
change"
primary,vote,"Vote Choice, Republican Primary",Republican,1,113,0.11661506707946337,Counterfactual,0.01,0.9416924664602683,"More
likely"
docs,docs,Belief Trump Mishandled Documents,Republican,-1,97,0.10396570203644159,Counterfactual,0.02,0.051982851018220796,"Less
likely"
docs,docs,Belief Trump Mishandled Documents,Republican,0,604,0.647374062165059,Counterfactual,0.02,0.4276527331189711,"No
change"
docs,docs,Belief Trump Mishandled Documents,Republican,1,232,0.24866023579849947,Counterfactual,0.02,0.8756698821007503,"More
likely"
docs,docs,Belief Trump Mishandled Documents,Democratic,-1,66,0.07236842105263158,Counterfactual,0.02,0.03618421052631579,NA
docs,docs,Belief Trump Mishandled Documents,Democratic,0,567,0.6217105263157895,Counterfactual,0.02,0.38322368421052627,"No
change"
docs,docs,Belief Trump Mishandled Documents,Democratic,1,279,0.3059210526315789,Counterfactual,0.02,0.8470394736842105,"More
likely"
docs,docs,Belief Trump Mishandled Documents,Neither,-1,63,0.16279069767441862,Counterfactual,0.02,0.08139534883720931,"Less
likely"
docs,docs,Belief Trump Mishandled Documents,Neither,0,222,0.5736434108527132,Counterfactual,0.02,0.44961240310077516,"No
change"
docs,docs,Belief Trump Mishandled Documents,Neither,1,102,0.26356589147286824,Counterfactual,0.02,0.8682170542635659,"More
likely"
general,vote,"Vote Choice, General Election",Democratic,-1,63,0.07627118644067797,Counterfactual,0.02,0.038135593220338986,NA
general,vote,"Vote Choice, General Election",Democratic,0,711,0.860774818401937,Counterfactual,0.02,0.5066585956416465,"No
change"
general,vote,"Vote Choice, General Election",Democratic,1,52,0.06295399515738499,Counterfactual,0.02,0.9685230024213075,"More
likely"
general,vote,"Vote Choice, General Election",Neither,-1,52,0.14565826330532214,Counterfactual,0.02,0.07282913165266107,"Less
likely"
general,vote,"Vote Choice, General Election",Neither,0,257,0.7198879551820728,Counterfactual,0.02,0.5056022408963585,"No
change"
general,vote,"Vote Choice, General Election",Neither,1,48,0.13445378151260504,Counterfactual,0.02,0.9327731092436975,"More
likely"
primary,vote,"Vote Choice, Republican Primary",Republican,-1,121,0.12487100103199174,Counterfactual,0.02,0.06243550051599587,"Less
likely"
primary,vote,"Vote Choice, Republican Primary",Republican,0,763,0.7874097007223942,Counterfactual,0.02,0.5185758513931888,"No
change"
primary,vote,"Vote Choice, Republican Primary",Republican,1,85,0.08771929824561403,Counterfactual,0.02,0.956140350877193,"More
likely"
docs,docs,Belief Trump Mishandled Documents,Republican,-1,84,0.09003215434083602,Counterfactual,0.03,0.04501607717041801,"Less
likely"
docs,docs,Belief Trump Mishandled Documents,Republican,0,641,0.6870310825294748,Counterfactual,0.03,0.4335476956055734,"No
change"
docs,docs,Belief Trump Mishandled Documents,Republican,1,208,0.22293676312968919,Counterfactual,0.03,0.8885316184351554,"More
likely"
docs,docs,Belief Trump Mishandled Documents,Democratic,-1,57,0.0625,Counterfactual,0.03,0.03125,NA
docs,docs,Belief Trump Mishandled Documents,Democratic,0,596,0.6535087719298246,Counterfactual,0.03,0.3892543859649123,"No
change"
docs,docs,Belief Trump Mishandled Documents,Democratic,1,259,0.28399122807017546,Counterfactual,0.03,0.8580043859649122,"More
likely"
docs,docs,Belief Trump Mishandled Documents,Neither,-1,55,0.1421188630490956,Counterfactual,0.03,0.0710594315245478,"Less
likely"
docs,docs,Belief Trump Mishandled Documents,Neither,0,239,0.6175710594315246,Counterfactual,0.03,0.4509043927648579,"No
change"
docs,docs,Belief Trump Mishandled Documents,Neither,1,93,0.24031007751937986,Counterfactual,0.03,0.8798449612403101,"More
likely"
general,vote,"Vote Choice, General Election",Democratic,-1,49,0.059322033898305086,Counterfactual,0.03,0.029661016949152543,NA
general,vote,"Vote Choice, General Election",Democratic,0,739,0.8946731234866828,Counterfactual,0.03,0.5066585956416465,"No
change"
general,vote,"Vote Choice, General Election",Democratic,1,38,0.04600484261501211,Counterfactual,0.03,0.9769975786924939,"More
likely"
general,vote,"Vote Choice, General Election",Neither,-1,40,0.11204481792717087,Counterfactual,0.03,0.056022408963585436,"Less
likely"
general,vote,"Vote Choice, General Election",Neither,0,273,0.7647058823529411,Counterfactual,0.03,0.4943977591036415,"No
change"
general,vote,"Vote Choice, General Election",Neither,1,44,0.12324929971988796,Counterfactual,0.03,0.938375350140056,"More
likely"
primary,vote,"Vote Choice, Republican Primary",Republican,-1,106,0.10939112487100103,Counterfactual,0.03,0.054695562435500514,"Less
likely"
primary,vote,"Vote Choice, Republican Primary",Republican,0,796,0.8214654282765738,Counterfactual,0.03,0.5201238390092879,"No
change"
primary,vote,"Vote Choice, Republican Primary",Republican,1,67,0.06914344685242518,Counterfactual,0.03,0.9654282765737874,"More
likely"
docs,docs,Belief Trump Mishandled Documents,Republican,-1,74,0.07931404072883172,Counterfactual,0.04,0.03965702036441586,"Less
likely"
docs,docs,Belief Trump Mishandled Documents,Republican,0,668,0.7159699892818864,Counterfactual,0.04,0.43729903536977494,"No
change"
docs,docs,Belief Trump Mishandled Documents,Republican,1,191,0.20471596998928188,Counterfactual,0.04,0.897642015005359,"More
likely"
docs,docs,Belief Trump Mishandled Documents,Democratic,-1,44,0.04824561403508772,Counterfactual,0.04,0.02412280701754386,NA
docs,docs,Belief Trump Mishandled Documents,Democratic,0,621,0.680921052631579,Counterfactual,0.04,0.38870614035087725,"No
change"
docs,docs,Belief Trump Mishandled Documents,Democratic,1,247,0.2708333333333333,Counterfactual,0.04,0.8645833333333334,"More
likely"
docs,docs,Belief Trump Mishandled Documents,Neither,-1,49,0.12661498708010335,Counterfactual,0.04,0.06330749354005168,"Less
likely"
docs,docs,Belief Trump Mishandled Documents,Neither,0,253,0.6537467700258398,Counterfactual,0.04,0.45348837209302323,"No
change"
docs,docs,Belief Trump Mishandled Documents,Neither,1,85,0.21963824289405684,Counterfactual,0.04,0.8901808785529716,"More
likely"
general,vote,"Vote Choice, General Election",Democratic,-1,35,0.0423728813559322,Counterfactual,0.04,0.0211864406779661,NA
general,vote,"Vote Choice, General Election",Democratic,0,756,0.9152542372881356,Counterfactual,0.04,0.5,"No
change"
general,vote,"Vote Choice, General Election",Democratic,1,35,0.0423728813559322,Counterfactual,0.04,0.978813559322034,"More
likely"
general,vote,"Vote Choice, General Election",Neither,-1,39,0.1092436974789916,Counterfactual,0.04,0.0546218487394958,"Less
likely"
general,vote,"Vote Choice, General Election",Neither,0,281,0.7871148459383753,Counterfactual,0.04,0.5028011204481793,"No
change"
general,vote,"Vote Choice, General Election",Neither,1,37,0.10364145658263306,Counterfactual,0.04,0.9481792717086833,"More
likely"
primary,vote,"Vote Choice, Republican Primary",Republican,-1,91,0.09391124871001032,Counterfactual,0.04,0.04695562435500516,"Less
likely"
primary,vote,"Vote Choice, Republican Primary",Republican,0,826,0.8524251805985552,Counterfactual,0.04,0.5201238390092879,"No
change"
primary,vote,"Vote Choice, Republican Primary",Republican,1,52,0.053663570691434466,Counterfactual,0.04,0.9731682146542827,"More
likely"
docs,docs,Belief Trump Mishandled Documents,Republican,-1,63,0.06752411575562701,Counterfactual,0.05,0.03376205787781351,"Less
likely"
docs,docs,Belief Trump Mishandled Documents,Republican,0,690,0.7395498392282959,Counterfactual,0.05,0.43729903536977494,"No
change"
docs,docs,Belief Trump Mishandled Documents,Republican,1,180,0.19292604501607716,Counterfactual,0.05,0.9035369774919614,"More
likely"
docs,docs,Belief Trump Mishandled Documents,Democratic,-1,39,0.04276315789473684,Counterfactual,0.05,0.02138157894736842,NA
docs,docs,Belief Trump Mishandled Documents,Democratic,0,639,0.7006578947368421,Counterfactual,0.05,0.3930921052631579,"No
change"
docs,docs,Belief Trump Mishandled Documents,Democratic,1,234,0.2565789473684211,Counterfactual,0.05,0.8717105263157895,"More
likely"
docs,docs,Belief Trump Mishandled Documents,Neither,-1,42,0.10852713178294573,Counterfactual,0.05,0.05426356589147287,"Less
likely"
docs,docs,Belief Trump Mishandled Documents,Neither,0,263,0.6795865633074936,Counterfactual,0.05,0.4483204134366925,"No
change"
docs,docs,Belief Trump Mishandled Documents,Neither,1,82,0.21188630490956073,Counterfactual,0.05,0.8940568475452196,"More
likely"
general,vote,"Vote Choice, General Election",Democratic,-1,32,0.0387409200968523,Counterfactual,0.05,0.01937046004842615,NA
general,vote,"Vote Choice, General Election",Democratic,0,764,0.9249394673123487,Counterfactual,0.05,0.5012106537530265,"No
change"
general,vote,"Vote Choice, General Election",Democratic,1,30,0.03631961259079903,Counterfactual,0.05,0.9818401937046005,"More
likely"
general,vote,"Vote Choice, General Election",Neither,-1,34,0.09523809523809523,Counterfactual,0.05,0.047619047619047616,"Less
likely"
general,vote,"Vote Choice, General Election",Neither,0,291,0.8151260504201681,Counterfactual,0.05,0.5028011204481793,"No
change"
general,vote,"Vote Choice, General Election",Neither,1,32,0.0896358543417367,Counterfactual,0.05,0.9551820728291317,"More
likely"
primary,vote,"Vote Choice, Republican Primary",Republican,-1,78,0.0804953560371517,Counterfactual,0.05,0.04024767801857585,"Less
likely"
primary,vote,"Vote Choice, Republican Primary",Republican,0,847,0.8740970072239422,Counterfactual,0.05,0.5175438596491229,"No
change"
primary,vote,"Vote Choice, Republican Primary",Republican,1,44,0.04540763673890609,Counterfactual,0.05,0.977296181630547,"More
likely"
docs,docs,Belief Trump Mishandled Documents,Republican,-1,55,0.05894962486602358,Counterfactual,0.06,0.02947481243301179,"Less
likely"
docs,docs,Belief Trump Mishandled Documents,Republican,0,707,0.7577706323687031,Counterfactual,0.06,0.4378349410503752,"No
change"
docs,docs,Belief Trump Mishandled Documents,Republican,1,171,0.1832797427652733,Counterfactual,0.06,0.9083601286173634,"More
likely"
docs,docs,Belief Trump Mishandled Documents,Democratic,-1,35,0.03837719298245614,Counterfactual,0.06,0.01918859649122807,NA
docs,docs,Belief Trump Mishandled Documents,Democratic,0,653,0.7160087719298246,Counterfactual,0.06,0.3963815789473684,"No
change"
docs,docs,Belief Trump Mishandled Documents,Democratic,1,224,0.24561403508771928,Counterfactual,0.06,0.8771929824561404,"More
likely"
docs,docs,Belief Trump Mishandled Documents,Neither,-1,40,0.10335917312661498,Counterfactual,0.06,0.05167958656330749,"Less
likely"
docs,docs,Belief Trump Mishandled Documents,Neither,0,274,0.7080103359173127,Counterfactual,0.06,0.45736434108527135,"No
change"
docs,docs,Belief Trump Mishandled Documents,Neither,1,73,0.18863049095607234,Counterfactual,0.06,0.9056847545219638,"More
likely"
general,vote,"Vote Choice, General Election",Democratic,-1,28,0.03389830508474576,Counterfactual,0.06,0.01694915254237288,NA
general,vote,"Vote Choice, General Election",Democratic,0,772,0.9346246973365617,Counterfactual,0.06,0.5012106537530266,"No
change"
general,vote,"Vote Choice, General Election",Democratic,1,26,0.031476997578692496,Counterfactual,0.06,0.9842615012106537,"More
likely"
general,vote,"Vote Choice, General Election",Neither,-1,32,0.0896358543417367,Counterfactual,0.06,0.04481792717086835,"Less
likely"
general,vote,"Vote Choice, General Election",Neither,0,295,0.8263305322128851,Counterfactual,0.06,0.5028011204481793,"No
change"
general,vote,"Vote Choice, General Election",Neither,1,30,0.08403361344537816,Counterfactual,0.06,0.957983193277311,"More
likely"
primary,vote,"Vote Choice, Republican Primary",Republican,-1,70,0.07223942208462332,Counterfactual,0.06,0.03611971104231166,"Less
likely"
primary,vote,"Vote Choice, Republican Primary",Republican,0,859,0.8864809081527347,Counterfactual,0.06,0.5154798761609907,"No
change"
primary,vote,"Vote Choice, Republican Primary",Republican,1,40,0.0412796697626419,Counterfactual,0.06,0.979360165118679,"More
likely"
docs,docs,Belief Trump Mishandled Documents,Republican,-1,47,0.05037513397642015,Counterfactual,0.07,0.025187566988210074,"Less
likely"
docs,docs,Belief Trump Mishandled Documents,Republican,0,725,0.7770632368703109,Counterfactual,0.07,0.43890675241157556,"No
change"
docs,docs,Belief Trump Mishandled Documents,Republican,1,161,0.17256162915326903,Counterfactual,0.07,0.9137191854233655,"More
likely"
docs,docs,Belief Trump Mishandled Documents,Democratic,-1,27,0.029605263157894735,Counterfactual,0.07,0.014802631578947368,NA
docs,docs,Belief Trump Mishandled Documents,Democratic,0,666,0.7302631578947368,Counterfactual,0.07,0.3947368421052631,"No
change"
docs,docs,Belief Trump Mishandled Documents,Democratic,1,219,0.24013157894736842,Counterfactual,0.07,0.8799342105263158,"More
likely"
docs,docs,Belief Trump Mishandled Documents,Neither,-1,34,0.08785529715762273,Counterfactual,0.07,0.04392764857881137,"Less
likely"
docs,docs,Belief Trump Mishandled Documents,Neither,0,285,0.7364341085271318,Counterfactual,0.07,0.4560723514211886,"No
change"
docs,docs,Belief Trump Mishandled Documents,Neither,1,68,0.17571059431524547,Counterfactual,0.07,0.9121447028423773,"More
likely"
general,vote,"Vote Choice, General Election",Democratic,-1,22,0.026634382566585957,Counterfactual,0.07,0.013317191283292978,NA
general,vote,"Vote Choice, General Election",Democratic,0,779,0.9430992736077481,Counterfactual,0.07,0.4981840193704601,"No
change"
general,vote,"Vote Choice, General Election",Democratic,1,25,0.03026634382566586,Counterfactual,0.07,0.9848668280871671,"More
likely"
general,vote,"Vote Choice, General Election",Neither,-1,28,0.0784313725490196,Counterfactual,0.07,0.0392156862745098,"Less
likely"
general,vote,"Vote Choice, General Election",Neither,0,301,0.8431372549019608,Counterfactual,0.07,0.5,"No
change"
general,vote,"Vote Choice, General Election",Neither,1,28,0.0784313725490196,Counterfactual,0.07,0.9607843137254902,"More
likely"
primary,vote,"Vote Choice, Republican Primary",Republican,-1,67,0.06914344685242518,Counterfactual,0.07,0.03457172342621259,"Less
likely"
primary,vote,"Vote Choice, Republican Primary",Republican,0,867,0.8947368421052632,Counterfactual,0.07,0.5165118679050567,"No
change"
primary,vote,"Vote Choice, Republican Primary",Republican,1,35,0.03611971104231166,Counterfactual,0.07,0.9819401444788441,"More
likely"
docs,docs,Belief Trump Mishandled Documents,Republican,-1,42,0.04501607717041801,Counterfactual,0.08,0.022508038585209004,"Less
likely"
docs,docs,Belief Trump Mishandled Documents,Republican,0,742,0.7952840300107181,Counterfactual,0.08,0.44265809217577706,"No
change"
docs,docs,Belief Trump Mishandled Documents,Republican,1,149,0.15969989281886388,Counterfactual,0.08,0.920150053590568,"More
likely"
docs,docs,Belief Trump Mishandled Documents,Democratic,-1,26,0.02850877192982456,Counterfactual,0.08,0.01425438596491228,NA
docs,docs,Belief Trump Mishandled Documents,Democratic,0,671,0.7357456140350878,Counterfactual,0.08,0.3963815789473685,"No
change"
docs,docs,Belief Trump Mishandled Documents,Democratic,1,215,0.23574561403508773,Counterfactual,0.08,0.8821271929824561,"More
likely"
docs,docs,Belief Trump Mishandled Documents,Neither,-1,32,0.082687338501292,Counterfactual,0.08,0.041343669250646,"Less
likely"
docs,docs,Belief Trump Mishandled Documents,Neither,0,289,0.7467700258397932,Counterfactual,0.08,0.45607235142118857,"No
change"
docs,docs,Belief Trump Mishandled Documents,Neither,1,66,0.17054263565891473,Counterfactual,0.08,0.9147286821705425,"More
likely"
general,vote,"Vote Choice, General Election",Democratic,-1,21,0.025423728813559324,Counterfactual,0.08,0.012711864406779662,NA
general,vote,"Vote Choice, General Election",Democratic,0,782,0.9467312348668281,Counterfactual,0.08,0.4987893462469734,"No
change"
general,vote,"Vote Choice, General Election",Democratic,1,23,0.02784503631961259,Counterfactual,0.08,0.9860774818401937,"More
likely"
general,vote,"Vote Choice, General Election",Neither,-1,28,0.0784313725490196,Counterfactual,0.08,0.0392156862745098,"Less
likely"
general,vote,"Vote Choice, General Election",Neither,0,302,0.84593837535014,Counterfactual,0.08,0.5014005602240896,"No
change"
general,vote,"Vote Choice, General Election",Neither,1,27,0.07563025210084033,Counterfactual,0.08,0.9621848739495799,"More
likely"
primary,vote,"Vote Choice, Republican Primary",Republican,-1,60,0.06191950464396285,Counterfactual,0.08,0.030959752321981424,"Less
likely"
primary,vote,"Vote Choice, Republican Primary",Republican,0,876,0.9040247678018576,Counterfactual,0.08,0.5139318885448917,"No
change"
primary,vote,"Vote Choice, Republican Primary",Republican,1,33,0.034055727554179564,Counterfactual,0.08,0.9829721362229102,"More
likely"
docs,docs,Belief Trump Mishandled Documents,Republican,-1,39,0.04180064308681672,Counterfactual,0.09,0.02090032154340836,"Less
likely"
docs,docs,Belief Trump Mishandled Documents,Republican,0,750,0.8038585209003215,Counterfactual,0.09,0.4437299035369775,"No
change"
docs,docs,Belief Trump Mishandled Documents,Republican,1,144,0.15434083601286175,Counterfactual,0.09,0.9228295819935691,"More
likely"
docs,docs,Belief Trump Mishandled Documents,Democratic,-1,24,0.02631578947368421,Counterfactual,0.09,0.013157894736842105,NA
docs,docs,Belief Trump Mishandled Documents,Democratic,0,681,0.7467105263157895,Counterfactual,0.09,0.3996710526315789,"No
change"
docs,docs,Belief Trump Mishandled Documents,Democratic,1,207,0.22697368421052633,Counterfactual,0.09,0.8865131578947368,"More
likely"
docs,docs,Belief Trump Mishandled Documents,Neither,-1,31,0.08010335917312661,Counterfactual,0.09,0.040051679586563305,"Less
likely"
docs,docs,Belief Trump Mishandled Documents,Neither,0,290,0.7493540051679587,Counterfactual,0.09,0.45478036175710596,"No
change"
docs,docs,Belief Trump Mishandled Documents,Neither,1,66,0.17054263565891473,Counterfactual,0.09,0.9147286821705426,"More
likely"
general,vote,"Vote Choice, General Election",Democratic,-1,20,0.024213075060532687,Counterfactual,0.09,0.012106537530266344,NA
general,vote,"Vote Choice, General Election",Democratic,0,786,0.9515738498789347,Counterfactual,0.09,0.5,"No
change"
general,vote,"Vote Choice, General Election",Democratic,1,20,0.024213075060532687,Counterfactual,0.09,0.9878934624697336,"More
likely"
general,vote,"Vote Choice, General Election",Neither,-1,26,0.07282913165266107,Counterfactual,0.09,0.036414565826330535,"Less
likely"
general,vote,"Vote Choice, General Election",Neither,0,305,0.8543417366946778,Counterfactual,0.09,0.49999999999999994,"No
change"
general,vote,"Vote Choice, General Election",Neither,1,26,0.07282913165266107,Counterfactual,0.09,0.9635854341736694,"More
likely"
primary,vote,"Vote Choice, Republican Primary",Republican,-1,57,0.058823529411764705,Counterfactual,0.09,0.029411764705882353,"Less
likely"
primary,vote,"Vote Choice, Republican Primary",Republican,0,880,0.9081527347781218,Counterfactual,0.09,0.5128998968008256,"No
change"
primary,vote,"Vote Choice, Republican Primary",Republican,1,32,0.033023735810113516,Counterfactual,0.09,0.9834881320949432,"More
likely"
docs,docs,Belief Trump Mishandled Documents,Republican,-1,37,0.03965702036441586,Counterfactual,0.1,0.01982851018220793,"Less
likely"
docs,docs,Belief Trump Mishandled Documents,Republican,0,763,0.8177920685959271,Counterfactual,0.1,0.44855305466237944,"No
change"
docs,docs,Belief Trump Mishandled Documents,Republican,1,133,0.14255091103965703,Counterfactual,0.1,0.9287245444801715,"More
likely"
docs,docs,Belief Trump Mishandled Documents,Democratic,-1,20,0.021929824561403508,Counterfactual,0.1,0.010964912280701754,NA
docs,docs,Belief Trump Mishandled Documents,Democratic,0,704,0.7719298245614035,Counterfactual,0.1,0.4078947368421052,"No
change"
docs,docs,Belief Trump Mishandled Documents,Democratic,1,188,0.20614035087719298,Counterfactual,0.1,0.8969298245614034,"More
likely"
docs,docs,Belief Trump Mishandled Documents,Neither,-1,26,0.06718346253229975,Counterfactual,0.1,0.03359173126614987,"Less
likely"
docs,docs,Belief Trump Mishandled Documents,Neither,0,300,0.7751937984496124,Counterfactual,0.1,0.454780361757106,"No
change"
docs,docs,Belief Trump Mishandled Documents,Neither,1,61,0.15762273901808785,Counterfactual,0.1,0.9211886304909561,"More
likely"
general,vote,"Vote Choice, General Election",Democratic,-1,20,0.024213075060532687,Counterfactual,0.1,0.012106537530266344,NA
general,vote,"Vote Choice, General Election",Democratic,0,788,0.9539951573849879,Counterfactual,0.1,0.5012106537530266,"No
change"
general,vote,"Vote Choice, General Election",Democratic,1,18,0.021791767554479417,Counterfactual,0.1,0.9891041162227603,"More
likely"
general,vote,"Vote Choice, General Election",Neither,-1,25,0.0700280112044818,Counterfactual,0.1,0.0350140056022409,"Less
likely"
general,vote,"Vote Choice, General Election",Neither,0,309,0.865546218487395,Counterfactual,0.1,0.5028011204481793,"No
change"
general,vote,"Vote Choice, General Election",Neither,1,23,0.06442577030812324,Counterfactual,0.1,0.9677871148459384,"More
likely"
primary,vote,"Vote Choice, Republican Primary",Republican,-1,52,0.053663570691434466,Counterfactual,0.1,0.026831785345717233,"Less
likely"
primary,vote,"Vote Choice, Republican Primary",Republican,0,887,0.9153766769865841,Counterfactual,0.1,0.5113519091847265,"No
change"
primary,vote,"Vote Choice, Republican Primary",Republican,1,30,0.030959752321981424,Counterfactual,0.1,0.9845201238390093,"More
likely"
docs,docs,Belief Trump Mishandled Documents,Republican,-1,37,0.03965702036441586,Counterfactual,0.11,0.01982851018220793,"Less
likely"
docs,docs,Belief Trump Mishandled Documents,Republican,0,774,0.8295819935691319,Counterfactual,0.11,0.4544480171489818,"No
change"
docs,docs,Belief Trump Mishandled Documents,Republican,1,122,0.1307609860664523,Counterfactual,0.11,0.9346195069667739,"More
likely"
docs,docs,Belief Trump Mishandled Documents,Democratic,-1,19,0.020833333333333332,Counterfactual,0.11,0.010416666666666666,NA
docs,docs,Belief Trump Mishandled Documents,Democratic,0,709,0.7774122807017544,Counterfactual,0.11,0.40953947368421056,"No
change"
docs,docs,Belief Trump Mishandled Documents,Democratic,1,184,0.20175438596491227,Counterfactual,0.11,0.8991228070175439,"More
likely"
docs,docs,Belief Trump Mishandled Documents,Neither,-1,24,0.06201550387596899,Counterfactual,0.11,0.031007751937984496,"Less
likely"
docs,docs,Belief Trump Mishandled Documents,Neither,0,303,0.7829457364341085,Counterfactual,0.11,0.45348837209302323,"No
change"
docs,docs,Belief Trump Mishandled Documents,Neither,1,60,0.15503875968992248,Counterfactual,0.11,0.9224806201550387,"More
likely"
general,vote,"Vote Choice, General Election",Democratic,-1,18,0.021791767554479417,Counterfactual,0.11,0.010895883777239709,NA
general,vote,"Vote Choice, General Election",Democratic,0,790,0.9564164648910412,Counterfactual,0.11,0.5,"No
change"
general,vote,"Vote Choice, General Election",Democratic,1,18,0.021791767554479417,Counterfactual,0.11,0.9891041162227603,"More
likely"
general,vote,"Vote Choice, General Election",Neither,-1,22,0.06162464985994398,Counterfactual,0.11,0.03081232492997199,"Less
likely"
general,vote,"Vote Choice, General Election",Neither,0,313,0.876750700280112,Counterfactual,0.11,0.5,"No
change"
general,vote,"Vote Choice, General Election",Neither,1,22,0.06162464985994398,Counterfactual,0.11,0.969187675070028,"More
likely"
primary,vote,"Vote Choice, Republican Primary",Republican,-1,48,0.04953560371517028,Counterfactual,0.11,0.02476780185758514,"Less
likely"
primary,vote,"Vote Choice, Republican Primary",Republican,0,892,0.9205366357069144,Counterfactual,0.11,0.5098039215686274,"No
change"
primary,vote,"Vote Choice, Republican Primary",Republican,1,29,0.029927760577915376,Counterfactual,0.11,0.9850361197110423,"More
likely"
docs,docs,Belief Trump Mishandled Documents,Republican,-1,36,0.03858520900321544,Counterfactual,0.12,0.01929260450160772,"Less
likely"
docs,docs,Belief Trump Mishandled Documents,Republican,0,782,0.8381564844587353,Counterfactual,0.12,0.4576634512325831,"No
change"
docs,docs,Belief Trump Mishandled Documents,Republican,1,115,0.1232583065380493,Counterfactual,0.12,0.9383708467309754,"More
likely"
docs,docs,Belief Trump Mishandled Documents,Democratic,-1,18,0.019736842105263157,Counterfactual,0.12,0.009868421052631578,NA
docs,docs,Belief Trump Mishandled Documents,Democratic,0,717,0.7861842105263158,Counterfactual,0.12,0.4128289473684211,"No
change"
docs,docs,Belief Trump Mishandled Documents,Democratic,1,177,0.19407894736842105,Counterfactual,0.12,0.9029605263157895,"More
likely"
docs,docs,Belief Trump Mishandled Documents,Neither,-1,23,0.059431524547803614,Counterfactual,0.12,0.029715762273901807,"Less
likely"
docs,docs,Belief Trump Mishandled Documents,Neither,0,307,0.7932816537467701,Counterfactual,0.12,0.4560723514211887,"No
change"
docs,docs,Belief Trump Mishandled Documents,Neither,1,57,0.14728682170542637,Counterfactual,0.12,0.9263565891472868,"More
likely"
general,vote,"Vote Choice, General Election",Democratic,-1,17,0.020581113801452784,Counterfactual,0.12,0.010290556900726392,NA
general,vote,"Vote Choice, General Election",Democratic,0,791,0.9576271186440678,Counterfactual,0.12,0.4993946731234867,"No
change"
general,vote,"Vote Choice, General Election",Democratic,1,18,0.021791767554479417,Counterfactual,0.12,0.9891041162227603,"More
likely"
general,vote,"Vote Choice, General Election",Neither,-1,21,0.058823529411764705,Counterfactual,0.12,0.029411764705882353,"Less
likely"
general,vote,"Vote Choice, General Election",Neither,0,314,0.8795518207282913,Counterfactual,0.12,0.49859943977591037,"No
change"
general,vote,"Vote Choice, General Election",Neither,1,22,0.06162464985994398,Counterfactual,0.12,0.969187675070028,"More
likely"
primary,vote,"Vote Choice, Republican Primary",Republican,-1,47,0.048503611971104234,Counterfactual,0.12,0.024251805985552117,"Less
likely"
primary,vote,"Vote Choice, Republican Primary",Republican,0,895,0.9236326109391125,Counterfactual,0.12,0.5103199174406605,"No
change"
primary,vote,"Vote Choice, Republican Primary",Republican,1,27,0.02786377708978328,Counterfactual,0.12,0.9860681114551083,"More
likely"
docs,docs,Belief Trump Mishandled Documents,Republican,-1,32,0.03429796355841372,Counterfactual,0.13,0.01714898177920686,"Less
likely"
docs,docs,Belief Trump Mishandled Documents,Republican,0,789,0.8456591639871383,Counterfactual,0.13,0.4571275455519829,"No
change"
docs,docs,Belief Trump Mishandled Documents,Republican,1,112,0.12004287245444802,Counterfactual,0.13,0.939978563772776,"More
likely"
docs,docs,Belief Trump Mishandled Documents,Democratic,-1,17,0.01864035087719298,Counterfactual,0.13,0.00932017543859649,NA
docs,docs,Belief Trump Mishandled Documents,Democratic,0,721,0.7905701754385965,Counterfactual,0.13,0.4139254385964912,"No
change"
docs,docs,Belief Trump Mishandled Documents,Democratic,1,174,0.19078947368421054,Counterfactual,0.13,0.9046052631578947,"More
likely"
docs,docs,Belief Trump Mishandled Documents,Neither,-1,20,0.05167958656330749,Counterfactual,0.13,0.025839793281653745,"Less
likely"
docs,docs,Belief Trump Mishandled Documents,Neither,0,312,0.8062015503875969,Counterfactual,0.13,0.45478036175710596,"No
change"
docs,docs,Belief Trump Mishandled Documents,Neither,1,55,0.1421188630490956,Counterfactual,0.13,0.9289405684754521,"More
likely"
general,vote,"Vote Choice, General Election",Democratic,-1,17,0.020581113801452784,Counterfactual,0.13,0.010290556900726392,NA
general,vote,"Vote Choice, General Election",Democratic,0,792,0.9588377723970944,Counterfactual,0.13,0.5,"No
change"
general,vote,"Vote Choice, General Election",Democratic,1,17,0.020581113801452784,Counterfactual,0.13,0.9897094430992736,"More
likely"
general,vote,"Vote Choice, General Election",Neither,-1,21,0.058823529411764705,Counterfactual,0.13,0.029411764705882353,"Less
likely"
general,vote,"Vote Choice, General Election",Neither,0,315,0.8823529411764706,Counterfactual,0.13,0.5,"No
change"
general,vote,"Vote Choice, General Election",Neither,1,21,0.058823529411764705,Counterfactual,0.13,0.9705882352941176,"More
likely"
primary,vote,"Vote Choice, Republican Primary",Republican,-1,46,0.047471620227038186,Counterfactual,0.13,0.023735810113519093,"Less
likely"
primary,vote,"Vote Choice, Republican Primary",Republican,0,896,0.9246646026831785,Counterfactual,0.13,0.5098039215686274,"No
change"
primary,vote,"Vote Choice, Republican Primary",Republican,1,27,0.02786377708978328,Counterfactual,0.13,0.9860681114551083,"More
likely"
docs,docs,Belief Trump Mishandled Documents,Republican,-1,31,0.03322615219721329,Counterfactual,0.14,0.016613076098606645,"Less
likely"
docs,docs,Belief Trump Mishandled Documents,Republican,0,792,0.8488745980707395,Counterfactual,0.14,0.457663451232583,"No
change"
docs,docs,Belief Trump Mishandled Documents,Republican,1,110,0.11789924973204716,Counterfactual,0.14,0.9410503751339763,"More
likely"
docs,docs,Belief Trump Mishandled Documents,Democratic,-1,14,0.015350877192982455,Counterfactual,0.14,0.007675438596491228,NA
docs,docs,Belief Trump Mishandled Documents,Democratic,0,732,0.8026315789473685,Counterfactual,0.14,0.4166666666666667,"No
change"
docs,docs,Belief Trump Mishandled Documents,Democratic,1,166,0.18201754385964913,Counterfactual,0.14,0.9089912280701754,"More
likely"
docs,docs,Belief Trump Mishandled Documents,Neither,-1,20,0.05167958656330749,Counterfactual,0.14,0.025839793281653745,"Less
likely"
docs,docs,Belief Trump Mishandled Documents,Neither,0,318,0.8217054263565892,Counterfactual,0.14,0.4625322997416021,"No
change"
docs,docs,Belief Trump Mishandled Documents,Neither,1,49,0.12661498708010335,Counterfactual,0.14,0.9366925064599483,"More
likely"
general,vote,"Vote Choice, General Election",Democratic,-1,15,0.018159806295399514,Counterfactual,0.14,0.009079903147699757,NA
general,vote,"Vote Choice, General Election",Democratic,0,794,0.9612590799031477,Counterfactual,0.14,0.49878934624697335,"No
change"
general,vote,"Vote Choice, General Election",Democratic,1,17,0.020581113801452784,Counterfactual,0.14,0.9897094430992736,"More
likely"
general,vote,"Vote Choice, General Election",Neither,-1,21,0.058823529411764705,Counterfactual,0.14,0.029411764705882353,"Less
likely"
general,vote,"Vote Choice, General Election",Neither,0,316,0.8851540616246498,Counterfactual,0.14,0.5014005602240896,"No
change"
general,vote,"Vote Choice, General Election",Neither,1,20,0.056022408963585436,Counterfactual,0.14,0.9719887955182073,"More
likely"
primary,vote,"Vote Choice, Republican Primary",Republican,-1,46,0.047471620227038186,Counterfactual,0.14,0.023735810113519093,"Less
likely"
primary,vote,"Vote Choice, Republican Primary",Republican,0,901,0.9298245614035088,Counterfactual,0.14,0.5123839009287926,"No
change"
primary,vote,"Vote Choice, Republican Primary",Republican,1,22,0.022703818369453045,Counterfactual,0.14,0.9886480908152735,"More
likely"
docs,docs,Belief Trump Mishandled Documents,Republican,-1,30,0.03215434083601286,Counterfactual,0.15,0.01607717041800643,"Less
likely"
docs,docs,Belief Trump Mishandled Documents,Republican,0,799,0.8563772775991425,Counterfactual,0.15,0.4603429796355841,"No
change"
docs,docs,Belief Trump Mishandled Documents,Republican,1,104,0.11146838156484459,Counterfactual,0.15,0.9442658092175777,"More
likely"
docs,docs,Belief Trump Mishandled Documents,Democratic,-1,11,0.01206140350877193,Counterfactual,0.15,0.006030701754385965,NA
docs,docs,Belief Trump Mishandled Documents,Democratic,0,739,0.8103070175438597,Counterfactual,0.15,0.4172149122807018,"No
change"
docs,docs,Belief Trump Mishandled Documents,Democratic,1,162,0.17763157894736842,Counterfactual,0.15,0.9111842105263158,"More
likely"
docs,docs,Belief Trump Mishandled Documents,Neither,-1,20,0.05167958656330749,Counterfactual,0.15,0.025839793281653745,"Less
likely"
docs,docs,Belief Trump Mishandled Documents,Neither,0,318,0.8217054263565892,Counterfactual,0.15,0.4625322997416021,"No
change"
docs,docs,Belief Trump Mishandled Documents,Neither,1,49,0.12661498708010335,Counterfactual,0.15,0.9366925064599483,"More
likely"
general,vote,"Vote Choice, General Election",Democratic,-1,13,0.015738498789346248,Counterfactual,0.15,0.007869249394673124,NA
general,vote,"Vote Choice, General Election",Democratic,0,796,0.9636803874092009,Counterfactual,0.15,0.49757869249394676,"No
change"
general,vote,"Vote Choice, General Election",Democratic,1,17,0.020581113801452784,Counterfactual,0.15,0.9897094430992736,"More
likely"
general,vote,"Vote Choice, General Election",Neither,-1,21,0.058823529411764705,Counterfactual,0.15,0.029411764705882353,"Less
likely"
general,vote,"Vote Choice, General Election",Neither,0,317,0.8879551820728291,Counterfactual,0.15,0.5028011204481793,"No
change"
general,vote,"Vote Choice, General Election",Neither,1,19,0.05322128851540616,Counterfactual,0.15,0.9733893557422969,"More
likely"
primary,vote,"Vote Choice, Republican Primary",Republican,-1,45,0.04643962848297214,Counterfactual,0.15,0.02321981424148607,"Less
likely"
primary,vote,"Vote Choice, Republican Primary",Republican,0,902,0.9308565531475749,Counterfactual,0.15,0.5118679050567596,"No
change"
primary,vote,"Vote Choice, Republican Primary",Republican,1,22,0.022703818369453045,Counterfactual,0.15,0.9886480908152735,"More
likely"
docs,docs,Belief Trump Mishandled Documents,Republican,-1,29,0.031082529474812434,Counterfactual,0.16,0.015541264737406217,"Less
likely"
docs,docs,Belief Trump Mishandled Documents,Republican,0,814,0.872454448017149,Counterfactual,0.16,0.4673097534833869,"No
change"
docs,docs,Belief Trump Mishandled Documents,Republican,1,90,0.09646302250803858,Counterfactual,0.16,0.9517684887459807,"More
likely"
docs,docs,Belief Trump Mishandled Documents,Democratic,-1,10,0.010964912280701754,Counterfactual,0.16,0.005482456140350877,NA
docs,docs,Belief Trump Mishandled Documents,Democratic,0,751,0.8234649122807017,Counterfactual,0.16,0.4226973684210526,"No
change"
docs,docs,Belief Trump Mishandled Documents,Democratic,1,151,0.16557017543859648,Counterfactual,0.16,0.9172149122807017,"More
likely"
docs,docs,Belief Trump Mishandled Documents,Neither,-1,19,0.04909560723514212,Counterfactual,0.16,0.02454780361757106,"Less
likely"
docs,docs,Belief Trump Mishandled Documents,Neither,0,324,0.8372093023255814,Counterfactual,0.16,0.4677002583979329,"No
change"
docs,docs,Belief Trump Mishandled Documents,Neither,1,44,0.11369509043927649,Counterfactual,0.16,0.9431524547803618,"More
likely"
general,vote,"Vote Choice, General Election",Democratic,-1,12,0.014527845036319613,Counterfactual,0.16,0.007263922518159807,NA
general,vote,"Vote Choice, General Election",Democratic,0,798,0.9661016949152542,Counterfactual,0.16,0.49757869249394676,"No
change"
general,vote,"Vote Choice, General Election",Democratic,1,16,0.01937046004842615,Counterfactual,0.16,0.9903147699757869,"More
likely"
general,vote,"Vote Choice, General Election",Neither,-1,18,0.05042016806722689,Counterfactual,0.16,0.025210084033613446,"Less
likely"
general,vote,"Vote Choice, General Election",Neither,0,321,0.8991596638655462,Counterfactual,0.16,0.5,"No
change"
general,vote,"Vote Choice, General Election",Neither,1,18,0.05042016806722689,Counterfactual,0.16,0.9747899159663865,"More
likely"
primary,vote,"Vote Choice, Republican Primary",Republican,-1,41,0.04231166150670795,Counterfactual,0.16,0.021155830753353973,"Less
likely"
primary,vote,"Vote Choice, Republican Primary",Republican,0,908,0.9370485036119711,Counterfactual,0.16,0.5108359133126935,"No
change"
primary,vote,"Vote Choice, Republican Primary",Republican,1,20,0.02063983488132095,Counterfactual,0.16,0.9896800825593395,"More
likely"
docs,docs,Belief Trump Mishandled Documents,Republican,-1,28,0.030010718113612004,Counterfactual,0.17,0.015005359056806002,"Less
likely"
docs,docs,Belief Trump Mishandled Documents,Republican,0,820,0.8788853161843515,Counterfactual,0.17,0.46945337620578775,"No
change"
docs,docs,Belief Trump Mishandled Documents,Republican,1,85,0.09110396570203644,Counterfactual,0.17,0.9544480171489818,"More
likely"
docs,docs,Belief Trump Mishandled Documents,Democratic,-1,10,0.010964912280701754,Counterfactual,0.17,0.005482456140350877,NA
docs,docs,Belief Trump Mishandled Documents,Democratic,0,760,0.8333333333333334,Counterfactual,0.17,0.4276315789473684,"No
change"
docs,docs,Belief Trump Mishandled Documents,Democratic,1,142,0.15570175438596492,Counterfactual,0.17,0.9221491228070176,"More
likely"
docs,docs,Belief Trump Mishandled Documents,Neither,-1,17,0.04392764857881137,Counterfactual,0.17,0.021963824289405683,"Less
likely"
docs,docs,Belief Trump Mishandled Documents,Neither,0,326,0.8423772609819121,Counterfactual,0.17,0.46511627906976744,"No
change"
docs,docs,Belief Trump Mishandled Documents,Neither,1,44,0.11369509043927649,Counterfactual,0.17,0.9431524547803618,"More
likely"
general,vote,"Vote Choice, General Election",Democratic,-1,10,0.012106537530266344,Counterfactual,0.17,0.006053268765133172,NA
general,vote,"Vote Choice, General Election",Democratic,0,802,0.9709443099273608,Counterfactual,0.17,0.49757869249394676,"No
change"
general,vote,"Vote Choice, General Election",Democratic,1,14,0.01694915254237288,Counterfactual,0.17,0.9915254237288136,"More
likely"
general,vote,"Vote Choice, General Election",Neither,-1,17,0.047619047619047616,Counterfactual,0.17,0.023809523809523808,"Less
likely"
general,vote,"Vote Choice, General Election",Neither,0,323,0.9047619047619048,Counterfactual,0.17,0.49999999999999994,"No
change"
general,vote,"Vote Choice, General Election",Neither,1,17,0.047619047619047616,Counterfactual,0.17,0.9761904761904762,"More
likely"
primary,vote,"Vote Choice, Republican Primary",Republican,-1,40,0.0412796697626419,Counterfactual,0.17,0.02063983488132095,"Less
likely"
primary,vote,"Vote Choice, Republican Primary",Republican,0,910,0.9391124871001032,Counterfactual,0.17,0.5108359133126934,"No
change"
primary,vote,"Vote Choice, Republican Primary",Republican,1,19,0.0196078431372549,Counterfactual,0.17,0.9901960784313726,"More
likely"
docs,docs,Belief Trump Mishandled Documents,Republican,-1,28,0.030010718113612004,Counterfactual,0.18,0.015005359056806002,"Less
likely"
docs,docs,Belief Trump Mishandled Documents,Republican,0,822,0.8810289389067524,Counterfactual,0.18,0.4705251875669882,"No
change"
docs,docs,Belief Trump Mishandled Documents,Republican,1,83,0.08896034297963558,Counterfactual,0.18,0.9555198285101822,"More
likely"
docs,docs,Belief Trump Mishandled Documents,Democratic,-1,10,0.010964912280701754,Counterfactual,0.18,0.005482456140350877,NA
docs,docs,Belief Trump Mishandled Documents,Democratic,0,764,0.8377192982456141,Counterfactual,0.18,0.4298245614035088,"No
change"
docs,docs,Belief Trump Mishandled Documents,Democratic,1,138,0.1513157894736842,Counterfactual,0.18,0.9243421052631579,"More
likely"
docs,docs,Belief Trump Mishandled Documents,Neither,-1,16,0.041343669250646,Counterfactual,0.18,0.020671834625323,"Less
likely"
docs,docs,Belief Trump Mishandled Documents,Neither,0,327,0.8449612403100775,Counterfactual,0.18,0.46382428940568476,"No
change"
docs,docs,Belief Trump Mishandled Documents,Neither,1,44,0.11369509043927649,Counterfactual,0.18,0.9431524547803618,"More
likely"
general,vote,"Vote Choice, General Election",Democratic,-1,10,0.012106537530266344,Counterfactual,0.18,0.006053268765133172,NA
general,vote,"Vote Choice, General Election",Democratic,0,804,0.9733656174334141,Counterfactual,0.18,0.4987893462469734,"No
change"
general,vote,"Vote Choice, General Election",Democratic,1,12,0.014527845036319613,Counterfactual,0.18,0.9927360774818402,"More
likely"
general,vote,"Vote Choice, General Election",Neither,-1,15,0.04201680672268908,Counterfactual,0.18,0.02100840336134454,"Less
likely"
general,vote,"Vote Choice, General Election",Neither,0,326,0.9131652661064426,Counterfactual,0.18,0.4985994397759103,"No
change"
general,vote,"Vote Choice, General Election",Neither,1,16,0.04481792717086835,Counterfactual,0.18,0.9775910364145657,"More
likely"
primary,vote,"Vote Choice, Republican Primary",Republican,-1,38,0.0392156862745098,Counterfactual,0.18,0.0196078431372549,"Less
likely"
primary,vote,"Vote Choice, Republican Primary",Republican,0,913,0.9422084623323014,Counterfactual,0.18,0.5103199174406605,"No
change"
primary,vote,"Vote Choice, Republican Primary",Republican,1,18,0.018575851393188854,Counterfactual,0.18,0.9907120743034056,"More
likely"
docs,docs,Belief Trump Mishandled Documents,Republican,-1,26,0.027867095391211148,Counterfactual,0.19,0.013933547695605574,"Less
likely"
docs,docs,Belief Trump Mishandled Documents,Republican,0,828,0.887459807073955,Counterfactual,0.19,0.4715969989281886,"No
change"
docs,docs,Belief Trump Mishandled Documents,Republican,1,79,0.08467309753483387,Counterfactual,0.19,0.957663451232583,"More
likely"
docs,docs,Belief Trump Mishandled Documents,Democratic,-1,10,0.010964912280701754,Counterfactual,0.19,0.005482456140350877,NA
docs,docs,Belief Trump Mishandled Documents,Democratic,0,774,0.8486842105263158,Counterfactual,0.19,0.43530701754385964,"No
change"
docs,docs,Belief Trump Mishandled Documents,Democratic,1,128,0.14035087719298245,Counterfactual,0.19,0.9298245614035088,"More
likely"
docs,docs,Belief Trump Mishandled Documents,Neither,-1,15,0.03875968992248062,Counterfactual,0.19,0.01937984496124031,"Less
likely"
docs,docs,Belief Trump Mishandled Documents,Neither,0,331,0.8552971576227391,Counterfactual,0.19,0.4664082687338501,"No
change"
docs,docs,Belief Trump Mishandled Documents,Neither,1,41,0.10594315245478036,Counterfactual,0.19,0.9470284237726099,"More
likely"
general,vote,"Vote Choice, General Election",Democratic,-1,9,0.010895883777239709,Counterfactual,0.19,0.005447941888619854,NA
general,vote,"Vote Choice, General Election",Democratic,0,805,0.9745762711864406,Counterfactual,0.19,0.49818401937046003,"No
change"
general,vote,"Vote Choice, General Election",Democratic,1,12,0.014527845036319613,Counterfactual,0.19,0.9927360774818402,"More
likely"
general,vote,"Vote Choice, General Election",Neither,-1,15,0.04201680672268908,Counterfactual,0.19,0.02100840336134454,"Less
likely"
general,vote,"Vote Choice, General Election",Neither,0,327,0.9159663865546218,Counterfactual,0.19,0.49999999999999994,"No
change"
general,vote,"Vote Choice, General Election",Neither,1,15,0.04201680672268908,Counterfactual,0.19,0.9789915966386553,"More
likely"
primary,vote,"Vote Choice, Republican Primary",Republican,-1,37,0.038183694530443756,Counterfactual,0.19,0.019091847265221878,"Less
likely"
primary,vote,"Vote Choice, Republican Primary",Republican,0,916,0.9453044375644994,Counterfactual,0.19,0.5108359133126935,"No
change"
primary,vote,"Vote Choice, Republican Primary",Republican,1,16,0.016511867905056758,Counterfactual,0.19,0.9917440660474717,"More
likely"
docs,docs,Belief Trump Mishandled Documents,Republican,-1,25,0.02679528403001072,Counterfactual,0.2,0.01339764201500536,"Less
likely"
docs,docs,Belief Trump Mishandled Documents,Republican,0,833,0.8928188638799571,Counterfactual,0.2,0.4732047159699893,"No
change"
docs,docs,Belief Trump Mishandled Documents,Republican,1,75,0.08038585209003216,Counterfactual,0.2,0.9598070739549839,"More
likely"
docs,docs,Belief Trump Mishandled Documents,Democratic,-1,9,0.009868421052631578,Counterfactual,0.2,0.004934210526315789,NA
docs,docs,Belief Trump Mishandled Documents,Democratic,0,788,0.8640350877192983,Counterfactual,0.2,0.44188596491228066,"No
change"
docs,docs,Belief Trump Mishandled Documents,Democratic,1,115,0.12609649122807018,Counterfactual,0.2,0.9369517543859649,"More
likely"
docs,docs,Belief Trump Mishandled Documents,Neither,-1,14,0.03617571059431524,Counterfactual,0.2,0.01808785529715762,"Less
likely"
docs,docs,Belief Trump Mishandled Documents,Neither,0,335,0.8656330749354005,Counterfactual,0.2,0.4689922480620155,"No
change"
docs,docs,Belief Trump Mishandled Documents,Neither,1,38,0.09819121447028424,Counterfactual,0.2,0.9509043927648578,"More
likely"
general,vote,"Vote Choice, General Election",Democratic,-1,7,0.00847457627118644,Counterfactual,0.2,0.00423728813559322,NA
general,vote,"Vote Choice, General Election",Democratic,0,807,0.9769975786924939,Counterfactual,0.2,0.4969733656174334,"No
change"
general,vote,"Vote Choice, General Election",Democratic,1,12,0.014527845036319613,Counterfactual,0.2,0.9927360774818402,"More
likely"
general,vote,"Vote Choice, General Election",Neither,-1,15,0.04201680672268908,Counterfactual,0.2,0.02100840336134454,"Less
likely"
general,vote,"Vote Choice, General Election",Neither,0,327,0.9159663865546218,Counterfactual,0.2,0.49999999999999994,"No
change"
general,vote,"Vote Choice, General Election",Neither,1,15,0.04201680672268908,Counterfactual,0.2,0.9789915966386553,"More
likely"
primary,vote,"Vote Choice, Republican Primary",Republican,-1,31,0.03199174406604747,Counterfactual,0.2,0.015995872033023734,"Less
likely"
primary,vote,"Vote Choice, Republican Primary",Republican,0,922,0.9514963880288958,Counterfactual,0.2,0.5077399380804953,"No
change"
primary,vote,"Vote Choice, Republican Primary",Republican,1,16,0.016511867905056758,Counterfactual,0.2,0.9917440660474717,"More
likely"
docs,docs,Belief Trump Mishandled Documents,Republican,-1,23,0.02465166130760986,Counterfactual,0.21,0.01232583065380493,"Less
likely"
docs,docs,Belief Trump Mishandled Documents,Republican,0,843,0.9035369774919614,Counterfactual,0.21,0.47642015005359056,"No
change"
docs,docs,Belief Trump Mishandled Documents,Republican,1,67,0.07181136120042872,Counterfactual,0.21,0.9640943193997856,"More
likely"
docs,docs,Belief Trump Mishandled Documents,Democratic,-1,9,0.009868421052631578,Counterfactual,0.21,0.004934210526315789,NA
docs,docs,Belief Trump Mishandled Documents,Democratic,0,795,0.8717105263157895,Counterfactual,0.21,0.44572368421052627,"No
change"
docs,docs,Belief Trump Mishandled Documents,Democratic,1,108,0.11842105263157894,Counterfactual,0.21,0.9407894736842105,"More
likely"
docs,docs,Belief Trump Mishandled Documents,Neither,-1,14,0.03617571059431524,Counterfactual,0.21,0.01808785529715762,"Less
likely"
docs,docs,Belief Trump Mishandled Documents,Neither,0,336,0.8682170542635659,Counterfactual,0.21,0.4702842377260982,"No
change"
docs,docs,Belief Trump Mishandled Documents,Neither,1,37,0.09560723514211886,Counterfactual,0.21,0.9521963824289406,"More
likely"
general,vote,"Vote Choice, General Election",Democratic,-1,6,0.007263922518159807,Counterfactual,0.21,0.0036319612590799033,NA
general,vote,"Vote Choice, General Election",Democratic,0,809,0.9794188861985472,Counterfactual,0.21,0.4969733656174334,"No
change"
general,vote,"Vote Choice, General Election",Democratic,1,11,0.013317191283292978,Counterfactual,0.21,0.9933414043583535,"More
likely"
general,vote,"Vote Choice, General Election",Neither,-1,14,0.0392156862745098,Counterfactual,0.21,0.0196078431372549,"Less
likely"
general,vote,"Vote Choice, General Election",Neither,0,328,0.9187675070028011,Counterfactual,0.21,0.4985994397759103,"No
change"
general,vote,"Vote Choice, General Election",Neither,1,15,0.04201680672268908,Counterfactual,0.21,0.9789915966386553,"More
likely"
primary,vote,"Vote Choice, Republican Primary",Republican,-1,29,0.029927760577915376,Counterfactual,0.21,0.014963880288957688,"Less
likely"
primary,vote,"Vote Choice, Republican Primary",Republican,0,927,0.9566563467492261,Counterfactual,0.21,0.5082559339525283,"No
change"
primary,vote,"Vote Choice, Republican Primary",Republican,1,13,0.013415892672858616,Counterfactual,0.21,0.9932920536635707,"More
likely"
docs,docs,Belief Trump Mishandled Documents,Republican,-1,22,0.023579849946409433,Counterfactual,0.22,0.011789924973204717,"Less
likely"
docs,docs,Belief Trump Mishandled Documents,Republican,0,850,0.9110396570203644,Counterfactual,0.22,0.47909967845659157,"No
change"
docs,docs,Belief Trump Mishandled Documents,Republican,1,61,0.06538049303322616,Counterfactual,0.22,0.9673097534833868,"More
likely"
docs,docs,Belief Trump Mishandled Documents,Democratic,-1,9,0.009868421052631578,Counterfactual,0.22,0.004934210526315789,NA
docs,docs,Belief Trump Mishandled Documents,Democratic,0,801,0.8782894736842105,Counterfactual,0.22,0.4490131578947368,"No
change"
docs,docs,Belief Trump Mishandled Documents,Democratic,1,102,0.1118421052631579,Counterfactual,0.22,0.9440789473684209,"More
likely"
docs,docs,Belief Trump Mishandled Documents,Neither,-1,14,0.03617571059431524,Counterfactual,0.22,0.01808785529715762,"Less
likely"
docs,docs,Belief Trump Mishandled Documents,Neither,0,338,0.8733850129198967,Counterfactual,0.22,0.4728682170542636,"No
change"
docs,docs,Belief Trump Mishandled Documents,Neither,1,35,0.09043927648578812,Counterfactual,0.22,0.9547803617571059,"More
likely"
general,vote,"Vote Choice, General Election",Democratic,-1,6,0.007263922518159807,Counterfactual,0.22,0.0036319612590799033,NA
general,vote,"Vote Choice, General Election",Democratic,0,809,0.9794188861985472,Counterfactual,0.22,0.4969733656174334,"No
change"
general,vote,"Vote Choice, General Election",Democratic,1,11,0.013317191283292978,Counterfactual,0.22,0.9933414043583535,"More
likely"
general,vote,"Vote Choice, General Election",Neither,-1,13,0.036414565826330535,Counterfactual,0.22,0.018207282913165267,"Less
likely"
general,vote,"Vote Choice, General Election",Neither,0,330,0.9243697478991597,Counterfactual,0.22,0.49859943977591037,"No
change"
general,vote,"Vote Choice, General Election",Neither,1,14,0.0392156862745098,Counterfactual,0.22,0.9803921568627451,"More
likely"
primary,vote,"Vote Choice, Republican Primary",Republican,-1,29,0.029927760577915376,Counterfactual,0.22,0.014963880288957688,"Less
likely"
primary,vote,"Vote Choice, Republican Primary",Republican,0,929,0.9587203302373581,Counterfactual,0.22,0.5092879256965944,"No
change"
primary,vote,"Vote Choice, Republican Primary",Republican,1,11,0.011351909184726523,Counterfactual,0.22,0.9943240454076367,"More
likely"
docs,docs,Belief Trump Mishandled Documents,Republican,-1,22,0.023579849946409433,Counterfactual,0.23,0.011789924973204717,"Less
likely"
docs,docs,Belief Trump Mishandled Documents,Republican,0,851,0.9121114683815649,Counterfactual,0.23,0.4796355841371918,"No
change"
docs,docs,Belief Trump Mishandled Documents,Republican,1,60,0.06430868167202572,Counterfactual,0.23,0.9678456591639871,"More
likely"
docs,docs,Belief Trump Mishandled Documents,Democratic,-1,9,0.009868421052631578,Counterfactual,0.23,0.004934210526315789,NA
docs,docs,Belief Trump Mishandled Documents,Democratic,0,802,0.8793859649122807,Counterfactual,0.23,0.4495614035087719,"No
change"
docs,docs,Belief Trump Mishandled Documents,Democratic,1,101,0.11074561403508772,Counterfactual,0.23,0.9446271929824561,"More
likely"
docs,docs,Belief Trump Mishandled Documents,Neither,-1,14,0.03617571059431524,Counterfactual,0.23,0.01808785529715762,"Less
likely"
docs,docs,Belief Trump Mishandled Documents,Neither,0,338,0.8733850129198967,Counterfactual,0.23,0.4728682170542636,"No
change"
docs,docs,Belief Trump Mishandled Documents,Neither,1,35,0.09043927648578812,Counterfactual,0.23,0.9547803617571059,"More
likely"
general,vote,"Vote Choice, General Election",Democratic,-1,6,0.007263922518159807,Counterfactual,0.23,0.0036319612590799033,NA
general,vote,"Vote Choice, General Election",Democratic,0,809,0.9794188861985472,Counterfactual,0.23,0.4969733656174334,"No
change"
general,vote,"Vote Choice, General Election",Democratic,1,11,0.013317191283292978,Counterfactual,0.23,0.9933414043583535,"More
likely"
general,vote,"Vote Choice, General Election",Neither,-1,13,0.036414565826330535,Counterfactual,0.23,0.018207282913165267,"Less
likely"
general,vote,"Vote Choice, General Election",Neither,0,330,0.9243697478991597,Counterfactual,0.23,0.49859943977591037,"No
change"
general,vote,"Vote Choice, General Election",Neither,1,14,0.0392156862745098,Counterfactual,0.23,0.9803921568627451,"More
likely"
primary,vote,"Vote Choice, Republican Primary",Republican,-1,29,0.029927760577915376,Counterfactual,0.23,0.014963880288957688,"Less
likely"
primary,vote,"Vote Choice, Republican Primary",Republican,0,929,0.9587203302373581,Counterfactual,0.23,0.5092879256965944,"No
change"
primary,vote,"Vote Choice, Republican Primary",Republican,1,11,0.011351909184726523,Counterfactual,0.23,0.9943240454076367,"More
likely"
docs,docs,Belief Trump Mishandled Documents,Republican,-1,22,0.023579849946409433,Counterfactual,0.24,0.011789924973204717,"Less
likely"
docs,docs,Belief Trump Mishandled Documents,Republican,0,851,0.9121114683815649,Counterfactual,0.24,0.4796355841371918,"No
change"
docs,docs,Belief Trump Mishandled Documents,Republican,1,60,0.06430868167202572,Counterfactual,0.24,0.9678456591639871,"More
likely"
docs,docs,Belief Trump Mishandled Documents,Democratic,-1,9,0.009868421052631578,Counterfactual,0.24,0.004934210526315789,NA
docs,docs,Belief Trump Mishandled Documents,Democratic,0,804,0.881578947368421,Counterfactual,0.24,0.45065789473684204,"No
change"
docs,docs,Belief Trump Mishandled Documents,Democratic,1,99,0.10855263157894737,Counterfactual,0.24,0.9457236842105262,"More
likely"
docs,docs,Belief Trump Mishandled Documents,Neither,-1,14,0.03617571059431524,Counterfactual,0.24,0.01808785529715762,"Less
likely"
docs,docs,Belief Trump Mishandled Documents,Neither,0,338,0.8733850129198967,Counterfactual,0.24,0.4728682170542636,"No
change"
docs,docs,Belief Trump Mishandled Documents,Neither,1,35,0.09043927648578812,Counterfactual,0.24,0.9547803617571059,"More
likely"
general,vote,"Vote Choice, General Election",Democratic,-1,6,0.007263922518159807,Counterfactual,0.24,0.0036319612590799033,NA
general,vote,"Vote Choice, General Election",Democratic,0,809,0.9794188861985472,Counterfactual,0.24,0.4969733656174334,"No
change"
general,vote,"Vote Choice, General Election",Democratic,1,11,0.013317191283292978,Counterfactual,0.24,0.9933414043583535,"More
likely"
general,vote,"Vote Choice, General Election",Neither,-1,13,0.036414565826330535,Counterfactual,0.24,0.018207282913165267,"Less
likely"
general,vote,"Vote Choice, General Election",Neither,0,331,0.927170868347339,Counterfactual,0.24,0.5,"No
change"
general,vote,"Vote Choice, General Election",Neither,1,13,0.036414565826330535,Counterfactual,0.24,0.9817927170868347,"More
likely"
primary,vote,"Vote Choice, Republican Primary",Republican,-1,28,0.02889576883384933,Counterfactual,0.24,0.014447884416924664,"Less
likely"
primary,vote,"Vote Choice, Republican Primary",Republican,0,932,0.9618163054695562,Counterfactual,0.24,0.5098039215686274,"No
change"
primary,vote,"Vote Choice, Republican Primary",Republican,1,9,0.009287925696594427,Counterfactual,0.24,0.9953560371517027,"More
likely"
docs,docs,Belief Trump Mishandled Documents,Republican,-1,20,0.021436227224008574,Counterfactual,0.25,0.010718113612004287,"Less
likely"
docs,docs,Belief Trump Mishandled Documents,Republican,0,857,0.9185423365487674,Counterfactual,0.25,0.4807073954983923,"No
change"
docs,docs,Belief Trump Mishandled Documents,Republican,1,56,0.06002143622722401,Counterfactual,0.25,0.969989281886388,"More
likely"
docs,docs,Belief Trump Mishandled Documents,Democratic,-1,9,0.009868421052631578,Counterfactual,0.25,0.004934210526315789,NA
docs,docs,Belief Trump Mishandled Documents,Democratic,0,811,0.8892543859649122,Counterfactual,0.25,0.45449561403508765,"No
change"
docs,docs,Belief Trump Mishandled Documents,Democratic,1,92,0.10087719298245613,Counterfactual,0.25,0.9495614035087718,"More
likely"
docs,docs,Belief Trump Mishandled Documents,Neither,-1,14,0.03617571059431524,Counterfactual,0.25,0.01808785529715762,"Less
likely"
docs,docs,Belief Trump Mishandled Documents,Neither,0,341,0.8811369509043928,Counterfactual,0.25,0.47674418604651164,"No
change"
docs,docs,Belief Trump Mishandled Documents,Neither,1,32,0.082687338501292,Counterfactual,0.25,0.958656330749354,"More
likely"
general,vote,"Vote Choice, General Election",Democratic,-1,6,0.007263922518159807,Counterfactual,0.25,0.0036319612590799033,NA
general,vote,"Vote Choice, General Election",Democratic,0,810,0.9806295399515739,Counterfactual,0.25,0.4975786924939467,"No
change"
general,vote,"Vote Choice, General Election",Democratic,1,10,0.012106537530266344,Counterfactual,0.25,0.9939467312348669,"More
likely"
general,vote,"Vote Choice, General Election",Neither,-1,13,0.036414565826330535,Counterfactual,0.25,0.018207282913165267,"Less
likely"
general,vote,"Vote Choice, General Election",Neither,0,333,0.9327731092436975,Counterfactual,0.25,0.5028011204481793,"No
change"
general,vote,"Vote Choice, General Election",Neither,1,11,0.03081232492997199,Counterfactual,0.25,0.9845938375350141,"More
likely"
primary,vote,"Vote Choice, Republican Primary",Republican,-1,26,0.026831785345717233,Counterfactual,0.25,0.013415892672858616,"Less
likely"
primary,vote,"Vote Choice, Republican Primary",Republican,0,934,0.9638802889576883,Counterfactual,0.25,0.5087719298245614,"No
change"
primary,vote,"Vote Choice, Republican Primary",Republican,1,9,0.009287925696594427,Counterfactual,0.25,0.9953560371517027,"More
likely"
docs,docs,Belief Trump Mishandled Documents,Republican,-1,20,0.021436227224008574,Counterfactual,0.26,0.010718113612004287,"Less
likely"
docs,docs,Belief Trump Mishandled Documents,Republican,0,862,0.9239013933547695,Counterfactual,0.26,0.4833869239013934,"No
change"
docs,docs,Belief Trump Mishandled Documents,Republican,1,51,0.05466237942122187,Counterfactual,0.26,0.9726688102893891,"More
likely"
docs,docs,Belief Trump Mishandled Documents,Democratic,-1,7,0.007675438596491228,Counterfactual,0.26,0.003837719298245614,NA
docs,docs,Belief Trump Mishandled Documents,Democratic,0,826,0.9057017543859649,Counterfactual,0.26,0.4605263157894737,"No
change"
docs,docs,Belief Trump Mishandled Documents,Democratic,1,79,0.08662280701754387,Counterfactual,0.26,0.9566885964912281,"More
likely"
docs,docs,Belief Trump Mishandled Documents,Neither,-1,12,0.031007751937984496,Counterfactual,0.26,0.015503875968992248,"Less
likely"
docs,docs,Belief Trump Mishandled Documents,Neither,0,352,0.9095607235142119,Counterfactual,0.26,0.4857881136950904,"No
change"
docs,docs,Belief Trump Mishandled Documents,Neither,1,23,0.059431524547803614,Counterfactual,0.26,0.9702842377260982,"More
likely"
general,vote,"Vote Choice, General Election",Democratic,-1,6,0.007263922518159807,Counterfactual,0.26,0.0036319612590799033,NA
general,vote,"Vote Choice, General Election",Democratic,0,813,0.9842615012106537,Counterfactual,0.26,0.4993946731234866,"No
change"
general,vote,"Vote Choice, General Election",Democratic,1,7,0.00847457627118644,Counterfactual,0.26,0.9957627118644067,"More
likely"
general,vote,"Vote Choice, General Election",Neither,-1,11,0.03081232492997199,Counterfactual,0.26,0.015406162464985995,"Less
likely"
general,vote,"Vote Choice, General Election",Neither,0,336,0.9411764705882353,Counterfactual,0.26,0.5014005602240896,"No
change"
general,vote,"Vote Choice, General Election",Neither,1,10,0.028011204481792718,Counterfactual,0.26,0.9859943977591037,"More
likely"
primary,vote,"Vote Choice, Republican Primary",Republican,-1,25,0.025799793601651185,Counterfactual,0.26,0.012899896800825593,"Less
likely"
primary,vote,"Vote Choice, Republican Primary",Republican,0,936,0.9659442724458205,Counterfactual,0.26,0.5087719298245614,"No
change"
primary,vote,"Vote Choice, Republican Primary",Republican,1,8,0.008255933952528379,Counterfactual,0.26,0.9958720330237358,"More
likely"
docs,docs,Belief Trump Mishandled Documents,Republican,-1,17,0.01822079314040729,Counterfactual,0.27,0.009110396570203644,"Less
likely"
docs,docs,Belief Trump Mishandled Documents,Republican,0,868,0.9303322615219721,Counterfactual,0.27,0.4833869239013933,"No
change"
docs,docs,Belief Trump Mishandled Documents,Republican,1,48,0.05144694533762058,Counterfactual,0.27,0.9742765273311897,"More
likely"
docs,docs,Belief Trump Mishandled Documents,Democratic,-1,7,0.007675438596491228,Counterfactual,0.27,0.003837719298245614,NA
docs,docs,Belief Trump Mishandled Documents,Democratic,0,828,0.9078947368421053,Counterfactual,0.27,0.4616228070175439,"No
change"
docs,docs,Belief Trump Mishandled Documents,Democratic,1,77,0.08442982456140351,Counterfactual,0.27,0.9577850877192983,"More
likely"
docs,docs,Belief Trump Mishandled Documents,Neither,-1,10,0.025839793281653745,Counterfactual,0.27,0.012919896640826873,"Less
likely"
docs,docs,Belief Trump Mishandled Documents,Neither,0,354,0.9147286821705426,Counterfactual,0.27,0.48320413436692505,"No
change"
docs,docs,Belief Trump Mishandled Documents,Neither,1,23,0.059431524547803614,Counterfactual,0.27,0.9702842377260982,"More
likely"
general,vote,"Vote Choice, General Election",Democratic,-1,6,0.007263922518159807,Counterfactual,0.27,0.0036319612590799033,NA
general,vote,"Vote Choice, General Election",Democratic,0,813,0.9842615012106537,Counterfactual,0.27,0.4993946731234866,"No
change"
general,vote,"Vote Choice, General Election",Democratic,1,7,0.00847457627118644,Counterfactual,0.27,0.9957627118644067,"More
likely"
general,vote,"Vote Choice, General Election",Neither,-1,8,0.022408963585434174,Counterfactual,0.27,0.011204481792717087,"Less
likely"
general,vote,"Vote Choice, General Election",Neither,0,339,0.9495798319327731,Counterfactual,0.27,0.49719887955182074,"No
change"
general,vote,"Vote Choice, General Election",Neither,1,10,0.028011204481792718,Counterfactual,0.27,0.9859943977591037,"More
likely"
primary,vote,"Vote Choice, Republican Primary",Republican,-1,25,0.025799793601651185,Counterfactual,0.27,0.012899896800825593,"Less
likely"
primary,vote,"Vote Choice, Republican Primary",Republican,0,937,0.9669762641898865,Counterfactual,0.27,0.5092879256965944,"No
change"
primary,vote,"Vote Choice, Republican Primary",Republican,1,7,0.007223942208462332,Counterfactual,0.27,0.9963880288957688,"More
likely"
docs,docs,Belief Trump Mishandled Documents,Republican,-1,17,0.01822079314040729,Counterfactual,0.28,0.009110396570203644,"Less
likely"
docs,docs,Belief Trump Mishandled Documents,Republican,0,869,0.9314040728831725,Counterfactual,0.28,0.4839228295819935,"No
change"
docs,docs,Belief Trump Mishandled Documents,Republican,1,47,0.05037513397642015,Counterfactual,0.28,0.9748124330117898,"More
likely"
docs,docs,Belief Trump Mishandled Documents,Democratic,-1,7,0.007675438596491228,Counterfactual,0.28,0.003837719298245614,NA
docs,docs,Belief Trump Mishandled Documents,Democratic,0,831,0.9111842105263158,Counterfactual,0.28,0.46326754385964913,"No
change"
docs,docs,Belief Trump Mishandled Documents,Democratic,1,74,0.08114035087719298,Counterfactual,0.28,0.9594298245614035,"More
likely"
docs,docs,Belief Trump Mishandled Documents,Neither,-1,10,0.025839793281653745,Counterfactual,0.28,0.012919896640826873,"Less
likely"
docs,docs,Belief Trump Mishandled Documents,Neither,0,355,0.917312661498708,Counterfactual,0.28,0.4844961240310078,"No
change"
docs,docs,Belief Trump Mishandled Documents,Neither,1,22,0.056847545219638244,Counterfactual,0.28,0.9715762273901809,"More
likely"
general,vote,"Vote Choice, General Election",Democratic,-1,6,0.007263922518159807,Counterfactual,0.28,0.0036319612590799033,NA
general,vote,"Vote Choice, General Election",Democratic,0,813,0.9842615012106537,Counterfactual,0.28,0.4993946731234866,"No
change"
general,vote,"Vote Choice, General Election",Democratic,1,7,0.00847457627118644,Counterfactual,0.28,0.9957627118644067,"More
likely"
general,vote,"Vote Choice, General Election",Neither,-1,8,0.022408963585434174,Counterfactual,0.28,0.011204481792717087,"Less
likely"
general,vote,"Vote Choice, General Election",Neither,0,339,0.9495798319327731,Counterfactual,0.28,0.49719887955182074,"No
change"
general,vote,"Vote Choice, General Election",Neither,1,10,0.028011204481792718,Counterfactual,0.28,0.9859943977591037,"More
likely"
primary,vote,"Vote Choice, Republican Primary",Republican,-1,24,0.02476780185758514,Counterfactual,0.28,0.01238390092879257,"Less
likely"
primary,vote,"Vote Choice, Republican Primary",Republican,0,938,0.9680082559339526,Counterfactual,0.28,0.5087719298245614,"No
change"
primary,vote,"Vote Choice, Republican Primary",Republican,1,7,0.007223942208462332,Counterfactual,0.28,0.9963880288957688,"More
likely"
docs,docs,Belief Trump Mishandled Documents,Republican,-1,17,0.01822079314040729,Counterfactual,0.29,0.009110396570203644,"Less
likely"
docs,docs,Belief Trump Mishandled Documents,Republican,0,871,0.9335476956055734,Counterfactual,0.29,0.48499464094319394,"No
change"
docs,docs,Belief Trump Mishandled Documents,Republican,1,45,0.04823151125401929,Counterfactual,0.29,0.9758842443729903,"More
likely"
docs,docs,Belief Trump Mishandled Documents,Democratic,-1,7,0.007675438596491228,Counterfactual,0.29,0.003837719298245614,NA
docs,docs,Belief Trump Mishandled Documents,Democratic,0,832,0.9122807017543859,Counterfactual,0.29,0.4638157894736842,"No
change"
docs,docs,Belief Trump Mishandled Documents,Democratic,1,73,0.0800438596491228,Counterfactual,0.29,0.9599780701754386,"More
likely"
docs,docs,Belief Trump Mishandled Documents,Neither,-1,10,0.025839793281653745,Counterfactual,0.29,0.012919896640826873,"Less
likely"
docs,docs,Belief Trump Mishandled Documents,Neither,0,355,0.917312661498708,Counterfactual,0.29,0.4844961240310078,"No
change"
docs,docs,Belief Trump Mishandled Documents,Neither,1,22,0.056847545219638244,Counterfactual,0.29,0.9715762273901809,"More
likely"
general,vote,"Vote Choice, General Election",Democratic,-1,6,0.007263922518159807,Counterfactual,0.29,0.0036319612590799033,NA
general,vote,"Vote Choice, General Election",Democratic,0,813,0.9842615012106537,Counterfactual,0.29,0.4993946731234866,"No
change"
general,vote,"Vote Choice, General Election",Democratic,1,7,0.00847457627118644,Counterfactual,0.29,0.9957627118644067,"More
likely"
general,vote,"Vote Choice, General Election",Neither,-1,8,0.022408963585434174,Counterfactual,0.29,0.011204481792717087,"Less
likely"
general,vote,"Vote Choice, General Election",Neither,0,339,0.9495798319327731,Counterfactual,0.29,0.49719887955182074,"No
change"
general,vote,"Vote Choice, General Election",Neither,1,10,0.028011204481792718,Counterfactual,0.29,0.9859943977591037,"More
likely"
primary,vote,"Vote Choice, Republican Primary",Republican,-1,24,0.02476780185758514,Counterfactual,0.29,0.01238390092879257,"Less
likely"
primary,vote,"Vote Choice, Republican Primary",Republican,0,939,0.9690402476780186,Counterfactual,0.29,0.5092879256965943,"No
change"
primary,vote,"Vote Choice, Republican Primary",Republican,1,6,0.006191950464396285,Counterfactual,0.29,0.9969040247678017,"More
likely"
docs,docs,Belief Trump Mishandled Documents,Republican,-1,17,0.01822079314040729,Counterfactual,0.3,0.009110396570203644,"Less
likely"
docs,docs,Belief Trump Mishandled Documents,Republican,0,874,0.9367631296891747,Counterfactual,0.3,0.4866023579849946,"No
change"
docs,docs,Belief Trump Mishandled Documents,Republican,1,42,0.04501607717041801,Counterfactual,0.3,0.977491961414791,"More
likely"
docs,docs,Belief Trump Mishandled Documents,Democratic,-1,7,0.007675438596491228,Counterfactual,0.3,0.003837719298245614,NA
docs,docs,Belief Trump Mishandled Documents,Democratic,0,835,0.9155701754385965,Counterfactual,0.3,0.4654605263157895,"No
change"
docs,docs,Belief Trump Mishandled Documents,Democratic,1,70,0.07675438596491228,Counterfactual,0.3,0.9616228070175439,"More
likely"
docs,docs,Belief Trump Mishandled Documents,Neither,-1,9,0.023255813953488372,Counterfactual,0.3,0.011627906976744186,"Less
likely"
docs,docs,Belief Trump Mishandled Documents,Neither,0,357,0.9224806201550387,Counterfactual,0.3,0.4844961240310078,"No
change"
docs,docs,Belief Trump Mishandled Documents,Neither,1,21,0.05426356589147287,Counterfactual,0.3,0.9728682170542635,"More
likely"
general,vote,"Vote Choice, General Election",Democratic,-1,6,0.007263922518159807,Counterfactual,0.3,0.0036319612590799033,NA
general,vote,"Vote Choice, General Election",Democratic,0,813,0.9842615012106537,Counterfactual,0.3,0.4993946731234866,"No
change"
general,vote,"Vote Choice, General Election",Democratic,1,7,0.00847457627118644,Counterfactual,0.3,0.9957627118644067,"More
likely"
general,vote,"Vote Choice, General Election",Neither,-1,8,0.022408963585434174,Counterfactual,0.3,0.011204481792717087,"Less
likely"
general,vote,"Vote Choice, General Election",Neither,0,339,0.9495798319327731,Counterfactual,0.3,0.49719887955182074,"No
change"
general,vote,"Vote Choice, General Election",Neither,1,10,0.028011204481792718,Counterfactual,0.3,0.9859943977591037,"More
likely"
primary,vote,"Vote Choice, Republican Primary",Republican,-1,24,0.02476780185758514,Counterfactual,0.3,0.01238390092879257,"Less
likely"
primary,vote,"Vote Choice, Republican Primary",Republican,0,939,0.9690402476780186,Counterfactual,0.3,0.5092879256965943,"No
change"
primary,vote,"Vote Choice, Republican Primary",Republican,1,6,0.006191950464396285,Counterfactual,0.3,0.9969040247678017,"More
likely"
docs,docs,Belief Trump Mishandled Documents,Republican,-1,17,0.01822079314040729,Counterfactual,0.31,0.009110396570203644,"Less
likely"
docs,docs,Belief Trump Mishandled Documents,Republican,0,877,0.939978563772776,Counterfactual,0.31,0.48821007502679525,"No
change"
docs,docs,Belief Trump Mishandled Documents,Republican,1,39,0.04180064308681672,Counterfactual,0.31,0.9790996784565916,"More
likely"
docs,docs,Belief Trump Mishandled Documents,Democratic,-1,7,0.007675438596491228,Counterfactual,0.31,0.003837719298245614,NA
docs,docs,Belief Trump Mishandled Documents,Democratic,0,844,0.9254385964912281,Counterfactual,0.31,0.47039473684210525,"No
change"
docs,docs,Belief Trump Mishandled Documents,Democratic,1,61,0.0668859649122807,Counterfactual,0.31,0.9665570175438597,"More
likely"
docs,docs,Belief Trump Mishandled Documents,Neither,-1,9,0.023255813953488372,Counterfactual,0.31,0.011627906976744186,"Less
likely"
docs,docs,Belief Trump Mishandled Documents,Neither,0,357,0.9224806201550387,Counterfactual,0.31,0.4844961240310078,"No
change"
docs,docs,Belief Trump Mishandled Documents,Neither,1,21,0.05426356589147287,Counterfactual,0.31,0.9728682170542635,"More
likely"
general,vote,"Vote Choice, General Election",Democratic,-1,6,0.007263922518159807,Counterfactual,0.31,0.0036319612590799033,NA
general,vote,"Vote Choice, General Election",Democratic,0,813,0.9842615012106537,Counterfactual,0.31,0.4993946731234866,"No
change"
general,vote,"Vote Choice, General Election",Democratic,1,7,0.00847457627118644,Counterfactual,0.31,0.9957627118644067,"More
likely"
general,vote,"Vote Choice, General Election",Neither,-1,6,0.01680672268907563,Counterfactual,0.31,0.008403361344537815,"Less
likely"
general,vote,"Vote Choice, General Election",Neither,0,342,0.957983193277311,Counterfactual,0.31,0.49579831932773116,"No
change"
general,vote,"Vote Choice, General Election",Neither,1,9,0.025210084033613446,Counterfactual,0.31,0.9873949579831933,"More
likely"
primary,vote,"Vote Choice, Republican Primary",Republican,-1,21,0.021671826625386997,Counterfactual,0.31,0.010835913312693499,"Less
likely"
primary,vote,"Vote Choice, Republican Primary",Republican,0,942,0.9721362229102167,Counterfactual,0.31,0.5077399380804954,"No
change"
primary,vote,"Vote Choice, Republican Primary",Republican,1,6,0.006191950464396285,Counterfactual,0.31,0.9969040247678018,"More
likely"
docs,docs,Belief Trump Mishandled Documents,Republican,-1,14,0.015005359056806002,Counterfactual,0.32,0.007502679528403001,"Less
likely"
docs,docs,Belief Trump Mishandled Documents,Republican,0,884,0.947481243301179,Counterfactual,0.32,0.4887459807073955,"No
change"
docs,docs,Belief Trump Mishandled Documents,Republican,1,35,0.03751339764201501,Counterfactual,0.32,0.9812433011789925,"More
likely"
docs,docs,Belief Trump Mishandled Documents,Democratic,-1,7,0.007675438596491228,Counterfactual,0.32,0.003837719298245614,NA
docs,docs,Belief Trump Mishandled Documents,Democratic,0,847,0.9287280701754386,Counterfactual,0.32,0.4720394736842105,"No
change"
docs,docs,Belief Trump Mishandled Documents,Democratic,1,58,0.06359649122807018,Counterfactual,0.32,0.9682017543859649,"More
likely"
docs,docs,Belief Trump Mishandled Documents,Neither,-1,9,0.023255813953488372,Counterfactual,0.32,0.011627906976744186,"Less
likely"
docs,docs,Belief Trump Mishandled Documents,Neither,0,357,0.9224806201550387,Counterfactual,0.32,0.4844961240310078,"No
change"
docs,docs,Belief Trump Mishandled Documents,Neither,1,21,0.05426356589147287,Counterfactual,0.32,0.9728682170542635,"More
likely"
general,vote,"Vote Choice, General Election",Democratic,-1,6,0.007263922518159807,Counterfactual,0.32,0.0036319612590799033,NA
general,vote,"Vote Choice, General Election",Democratic,0,813,0.9842615012106537,Counterfactual,0.32,0.4993946731234866,"No
change"
general,vote,"Vote Choice, General Election",Democratic,1,7,0.00847457627118644,Counterfactual,0.32,0.9957627118644067,"More
likely"
general,vote,"Vote Choice, General Election",Neither,-1,6,0.01680672268907563,Counterfactual,0.32,0.008403361344537815,"Less
likely"
general,vote,"Vote Choice, General Election",Neither,0,342,0.957983193277311,Counterfactual,0.32,0.49579831932773116,"No
change"
general,vote,"Vote Choice, General Election",Neither,1,9,0.025210084033613446,Counterfactual,0.32,0.9873949579831933,"More
likely"
primary,vote,"Vote Choice, Republican Primary",Republican,-1,21,0.021671826625386997,Counterfactual,0.32,0.010835913312693499,"Less
likely"
primary,vote,"Vote Choice, Republican Primary",Republican,0,942,0.9721362229102167,Counterfactual,0.32,0.5077399380804954,"No
change"
primary,vote,"Vote Choice, Republican Primary",Republican,1,6,0.006191950464396285,Counterfactual,0.32,0.9969040247678018,"More
likely"
docs,docs,Belief Trump Mishandled Documents,Republican,-1,13,0.013933547695605574,Counterfactual,0.33,0.006966773847802787,"Less
likely"
docs,docs,Belief Trump Mishandled Documents,Republican,0,885,0.9485530546623794,Counterfactual,0.33,0.4882100750267953,"No
change"
docs,docs,Belief Trump Mishandled Documents,Republican,1,35,0.03751339764201501,Counterfactual,0.33,0.9812433011789925,"More
likely"
docs,docs,Belief Trump Mishandled Documents,Democratic,-1,7,0.007675438596491228,Counterfactual,0.33,0.003837719298245614,NA
docs,docs,Belief Trump Mishandled Documents,Democratic,0,849,0.930921052631579,Counterfactual,0.33,0.4731359649122807,"No
change"
docs,docs,Belief Trump Mishandled Documents,Democratic,1,56,0.06140350877192982,Counterfactual,0.33,0.9692982456140351,"More
likely"
docs,docs,Belief Trump Mishandled Documents,Neither,-1,9,0.023255813953488372,Counterfactual,0.33,0.011627906976744186,"Less
likely"
docs,docs,Belief Trump Mishandled Documents,Neither,0,357,0.9224806201550387,Counterfactual,0.33,0.4844961240310078,"No
change"
docs,docs,Belief Trump Mishandled Documents,Neither,1,21,0.05426356589147287,Counterfactual,0.33,0.9728682170542635,"More
likely"
general,vote,"Vote Choice, General Election",Democratic,-1,5,0.006053268765133172,Counterfactual,0.33,0.003026634382566586,NA
general,vote,"Vote Choice, General Election",Democratic,0,814,0.9854721549636803,Counterfactual,0.33,0.4987893462469733,"No
change"
general,vote,"Vote Choice, General Election",Democratic,1,7,0.00847457627118644,Counterfactual,0.33,0.9957627118644067,"More
likely"
general,vote,"Vote Choice, General Election",Neither,-1,6,0.01680672268907563,Counterfactual,0.33,0.008403361344537815,"Less
likely"
general,vote,"Vote Choice, General Election",Neither,0,342,0.957983193277311,Counterfactual,0.33,0.49579831932773116,"No
change"
general,vote,"Vote Choice, General Election",Neither,1,9,0.025210084033613446,Counterfactual,0.33,0.9873949579831933,"More
likely"
primary,vote,"Vote Choice, Republican Primary",Republican,-1,21,0.021671826625386997,Counterfactual,0.33,0.010835913312693499,"Less
likely"
primary,vote,"Vote Choice, Republican Primary",Republican,0,942,0.9721362229102167,Counterfactual,0.33,0.5077399380804954,"No
change"
primary,vote,"Vote Choice, Republican Primary",Republican,1,6,0.006191950464396285,Counterfactual,0.33,0.9969040247678018,"More
likely"
docs,docs,Belief Trump Mishandled Documents,Republican,-1,13,0.013933547695605574,Counterfactual,0.34,0.006966773847802787,"Less
likely"
docs,docs,Belief Trump Mishandled Documents,Republican,0,886,0.9496248660235799,Counterfactual,0.34,0.48874598070739556,"No
change"
docs,docs,Belief Trump Mishandled Documents,Republican,1,34,0.03644158628081458,Counterfactual,0.34,0.9817792068595927,"More
likely"
docs,docs,Belief Trump Mishandled Documents,Democratic,-1,7,0.007675438596491228,Counterfactual,0.34,0.003837719298245614,NA
docs,docs,Belief Trump Mishandled Documents,Democratic,0,849,0.930921052631579,Counterfactual,0.34,0.4731359649122807,"No
change"
docs,docs,Belief Trump Mishandled Documents,Democratic,1,56,0.06140350877192982,Counterfactual,0.34,0.9692982456140351,"More
likely"
docs,docs,Belief Trump Mishandled Documents,Neither,-1,9,0.023255813953488372,Counterfactual,0.34,0.011627906976744186,"Less
likely"
docs,docs,Belief Trump Mishandled Documents,Neither,0,358,0.9250645994832042,Counterfactual,0.34,0.4857881136950905,"No
change"
docs,docs,Belief Trump Mishandled Documents,Neither,1,20,0.05167958656330749,Counterfactual,0.34,0.9741602067183462,"More
likely"
general,vote,"Vote Choice, General Election",Democratic,-1,5,0.006053268765133172,Counterfactual,0.34,0.003026634382566586,NA
general,vote,"Vote Choice, General Election",Democratic,0,814,0.9854721549636803,Counterfactual,0.34,0.4987893462469733,"No
change"
general,vote,"Vote Choice, General Election",Democratic,1,7,0.00847457627118644,Counterfactual,0.34,0.9957627118644067,"More
likely"
general,vote,"Vote Choice, General Election",Neither,-1,6,0.01680672268907563,Counterfactual,0.34,0.008403361344537815,"Less
likely"
general,vote,"Vote Choice, General Election",Neither,0,342,0.957983193277311,Counterfactual,0.34,0.49579831932773116,"No
change"
general,vote,"Vote Choice, General Election",Neither,1,9,0.025210084033613446,Counterfactual,0.34,0.9873949579831933,"More
likely"
primary,vote,"Vote Choice, Republican Primary",Republican,-1,21,0.021671826625386997,Counterfactual,0.34,0.010835913312693499,"Less
likely"
primary,vote,"Vote Choice, Republican Primary",Republican,0,942,0.9721362229102167,Counterfactual,0.34,0.5077399380804954,"No
change"
primary,vote,"Vote Choice, Republican Primary",Republican,1,6,0.006191950464396285,Counterfactual,0.34,0.9969040247678018,"More
likely"
docs,docs,Belief Trump Mishandled Documents,Republican,-1,12,0.012861736334405145,Counterfactual,0.35000000000000003,0.006430868167202572,"Less
likely"
docs,docs,Belief Trump Mishandled Documents,Republican,0,890,0.9539121114683816,Counterfactual,0.35000000000000003,0.48981779206859594,"No
change"
docs,docs,Belief Trump Mishandled Documents,Republican,1,31,0.03322615219721329,Counterfactual,0.35000000000000003,0.9833869239013934,"More
likely"
docs,docs,Belief Trump Mishandled Documents,Democratic,-1,7,0.007675438596491228,Counterfactual,0.35000000000000003,0.003837719298245614,NA
docs,docs,Belief Trump Mishandled Documents,Democratic,0,850,0.9320175438596491,Counterfactual,0.35000000000000003,0.47368421052631576,"No
change"
docs,docs,Belief Trump Mishandled Documents,Democratic,1,55,0.06030701754385965,Counterfactual,0.35000000000000003,0.9698464912280702,"More
likely"
docs,docs,Belief Trump Mishandled Documents,Neither,-1,9,0.023255813953488372,Counterfactual,0.35000000000000003,0.011627906976744186,"Less
likely"
docs,docs,Belief Trump Mishandled Documents,Neither,0,360,0.9302325581395349,Counterfactual,0.35000000000000003,0.48837209302325585,"No
change"
docs,docs,Belief Trump Mishandled Documents,Neither,1,18,0.046511627906976744,Counterfactual,0.35000000000000003,0.9767441860465116,"More
likely"
general,vote,"Vote Choice, General Election",Democratic,-1,5,0.006053268765133172,Counterfactual,0.35000000000000003,0.003026634382566586,NA
general,vote,"Vote Choice, General Election",Democratic,0,814,0.9854721549636803,Counterfactual,0.35000000000000003,0.4987893462469733,"No
change"
general,vote,"Vote Choice, General Election",Democratic,1,7,0.00847457627118644,Counterfactual,0.35000000000000003,0.9957627118644067,"More
likely"
general,vote,"Vote Choice, General Election",Neither,-1,6,0.01680672268907563,Counterfactual,0.35000000000000003,0.008403361344537815,"Less
likely"
general,vote,"Vote Choice, General Election",Neither,0,342,0.957983193277311,Counterfactual,0.35000000000000003,0.49579831932773116,"No
change"
general,vote,"Vote Choice, General Election",Neither,1,9,0.025210084033613446,Counterfactual,0.35000000000000003,0.9873949579831933,"More
likely"
primary,vote,"Vote Choice, Republican Primary",Republican,-1,20,0.02063983488132095,Counterfactual,0.35000000000000003,0.010319917440660475,"Less
likely"
primary,vote,"Vote Choice, Republican Primary",Republican,0,944,0.9742002063983488,Counterfactual,0.35000000000000003,0.5077399380804953,"No
change"
primary,vote,"Vote Choice, Republican Primary",Republican,1,5,0.005159958720330237,Counterfactual,0.35000000000000003,0.9974200206398349,"More
likely"
docs,docs,Belief Trump Mishandled Documents,Republican,-1,12,0.012861736334405145,Counterfactual,0.36,0.006430868167202572,"Less
likely"
docs,docs,Belief Trump Mishandled Documents,Republican,0,891,0.954983922829582,Counterfactual,0.36,0.4903536977491961,"No
change"
docs,docs,Belief Trump Mishandled Documents,Republican,1,30,0.03215434083601286,Counterfactual,0.36,0.9839228295819936,"More
likely"
docs,docs,Belief Trump Mishandled Documents,Democratic,-1,7,0.007675438596491228,Counterfactual,0.36,0.003837719298245614,NA
docs,docs,Belief Trump Mishandled Documents,Democratic,0,850,0.9320175438596491,Counterfactual,0.36,0.47368421052631576,"No
change"
docs,docs,Belief Trump Mishandled Documents,Democratic,1,55,0.06030701754385965,Counterfactual,0.36,0.9698464912280702,"More
likely"
docs,docs,Belief Trump Mishandled Documents,Neither,-1,9,0.023255813953488372,Counterfactual,0.36,0.011627906976744186,"Less
likely"
docs,docs,Belief Trump Mishandled Documents,Neither,0,361,0.9328165374677002,Counterfactual,0.36,0.4896640826873385,"No
change"
docs,docs,Belief Trump Mishandled Documents,Neither,1,17,0.04392764857881137,Counterfactual,0.36,0.9780361757105943,"More
likely"
general,vote,"Vote Choice, General Election",Democratic,-1,5,0.006053268765133172,Counterfactual,0.36,0.003026634382566586,NA
general,vote,"Vote Choice, General Election",Democratic,0,814,0.9854721549636803,Counterfactual,0.36,0.4987893462469733,"No
change"
general,vote,"Vote Choice, General Election",Democratic,1,7,0.00847457627118644,Counterfactual,0.36,0.9957627118644067,"More
likely"
general,vote,"Vote Choice, General Election",Neither,-1,6,0.01680672268907563,Counterfactual,0.36,0.008403361344537815,"Less
likely"
general,vote,"Vote Choice, General Election",Neither,0,342,0.957983193277311,Counterfactual,0.36,0.49579831932773116,"No
change"
general,vote,"Vote Choice, General Election",Neither,1,9,0.025210084033613446,Counterfactual,0.36,0.9873949579831933,"More
likely"
primary,vote,"Vote Choice, Republican Primary",Republican,-1,20,0.02063983488132095,Counterfactual,0.36,0.010319917440660475,"Less
likely"
primary,vote,"Vote Choice, Republican Primary",Republican,0,944,0.9742002063983488,Counterfactual,0.36,0.5077399380804953,"No
change"
primary,vote,"Vote Choice, Republican Primary",Republican,1,5,0.005159958720330237,Counterfactual,0.36,0.9974200206398349,"More
likely"
docs,docs,Belief Trump Mishandled Documents,Republican,-1,12,0.012861736334405145,Counterfactual,0.37,0.006430868167202572,"Less
likely"
docs,docs,Belief Trump Mishandled Documents,Republican,0,892,0.9560557341907824,Counterfactual,0.37,0.4908896034297963,"No
change"
docs,docs,Belief Trump Mishandled Documents,Republican,1,29,0.031082529474812434,Counterfactual,0.37,0.9844587352625936,"More
likely"
docs,docs,Belief Trump Mishandled Documents,Democratic,-1,7,0.007675438596491228,Counterfactual,0.37,0.003837719298245614,NA
docs,docs,Belief Trump Mishandled Documents,Democratic,0,852,0.9342105263157895,Counterfactual,0.37,0.47478070175438597,"No
change"
docs,docs,Belief Trump Mishandled Documents,Democratic,1,53,0.0581140350877193,Counterfactual,0.37,0.9709429824561403,"More
likely"
docs,docs,Belief Trump Mishandled Documents,Neither,-1,8,0.020671834625323,Counterfactual,0.37,0.0103359173126615,"Less
likely"
docs,docs,Belief Trump Mishandled Documents,Neither,0,363,0.937984496124031,Counterfactual,0.37,0.48966408268733846,"No
change"
docs,docs,Belief Trump Mishandled Documents,Neither,1,16,0.041343669250646,Counterfactual,0.37,0.979328165374677,"More
likely"
general,vote,"Vote Choice, General Election",Democratic,-1,5,0.006053268765133172,Counterfactual,0.37,0.003026634382566586,NA
general,vote,"Vote Choice, General Election",Democratic,0,814,0.9854721549636803,Counterfactual,0.37,0.4987893462469733,"No
change"
general,vote,"Vote Choice, General Election",Democratic,1,7,0.00847457627118644,Counterfactual,0.37,0.9957627118644067,"More
likely"
general,vote,"Vote Choice, General Election",Neither,-1,6,0.01680672268907563,Counterfactual,0.37,0.008403361344537815,"Less
likely"
general,vote,"Vote Choice, General Election",Neither,0,342,0.957983193277311,Counterfactual,0.37,0.49579831932773116,"No
change"
general,vote,"Vote Choice, General Election",Neither,1,9,0.025210084033613446,Counterfactual,0.37,0.9873949579831933,"More
likely"
primary,vote,"Vote Choice, Republican Primary",Republican,-1,18,0.018575851393188854,Counterfactual,0.37,0.009287925696594427,"Less
likely"
primary,vote,"Vote Choice, Republican Primary",Republican,0,946,0.9762641898864809,Counterfactual,0.37,0.5067079463364292,"No
change"
primary,vote,"Vote Choice, Republican Primary",Republican,1,5,0.005159958720330237,Counterfactual,0.37,0.9974200206398349,"More
likely"
docs,docs,Belief Trump Mishandled Documents,Republican,-1,12,0.012861736334405145,Counterfactual,0.38,0.006430868167202572,"Less
likely"
docs,docs,Belief Trump Mishandled Documents,Republican,0,892,0.9560557341907824,Counterfactual,0.38,0.4908896034297963,"No
change"
docs,docs,Belief Trump Mishandled Documents,Republican,1,29,0.031082529474812434,Counterfactual,0.38,0.9844587352625936,"More
likely"
docs,docs,Belief Trump Mishandled Documents,Democratic,-1,6,0.006578947368421052,Counterfactual,0.38,0.003289473684210526,NA
docs,docs,Belief Trump Mishandled Documents,Democratic,0,857,0.9396929824561403,Counterfactual,0.38,0.47642543859649117,"No
change"
docs,docs,Belief Trump Mishandled Documents,Democratic,1,49,0.0537280701754386,Counterfactual,0.38,0.9731359649122806,"More
likely"
docs,docs,Belief Trump Mishandled Documents,Neither,-1,8,0.020671834625323,Counterfactual,0.38,0.0103359173126615,"Less
likely"
docs,docs,Belief Trump Mishandled Documents,Neither,0,363,0.937984496124031,Counterfactual,0.38,0.48966408268733846,"No
change"
docs,docs,Belief Trump Mishandled Documents,Neither,1,16,0.041343669250646,Counterfactual,0.38,0.979328165374677,"More
likely"
general,vote,"Vote Choice, General Election",Democratic,-1,5,0.006053268765133172,Counterfactual,0.38,0.003026634382566586,NA
general,vote,"Vote Choice, General Election",Democratic,0,815,0.986682808716707,Counterfactual,0.38,0.4993946731234866,"No
change"
general,vote,"Vote Choice, General Election",Democratic,1,6,0.007263922518159807,Counterfactual,0.38,0.99636803874092,"More
likely"
general,vote,"Vote Choice, General Election",Neither,-1,6,0.01680672268907563,Counterfactual,0.38,0.008403361344537815,"Less
likely"
general,vote,"Vote Choice, General Election",Neither,0,342,0.957983193277311,Counterfactual,0.38,0.49579831932773116,"No
change"
general,vote,"Vote Choice, General Election",Neither,1,9,0.025210084033613446,Counterfactual,0.38,0.9873949579831933,"More
likely"
primary,vote,"Vote Choice, Republican Primary",Republican,-1,18,0.018575851393188854,Counterfactual,0.38,0.009287925696594427,"Less
likely"
primary,vote,"Vote Choice, Republican Primary",Republican,0,946,0.9762641898864809,Counterfactual,0.38,0.5067079463364292,"No
change"
primary,vote,"Vote Choice, Republican Primary",Republican,1,5,0.005159958720330237,Counterfactual,0.38,0.9974200206398349,"More
likely"
docs,docs,Belief Trump Mishandled Documents,Republican,-1,12,0.012861736334405145,Counterfactual,0.39,0.006430868167202572,"Less
likely"
docs,docs,Belief Trump Mishandled Documents,Republican,0,894,0.9581993569131833,Counterfactual,0.39,0.49196141479099675,"No
change"
docs,docs,Belief Trump Mishandled Documents,Republican,1,27,0.028938906752411574,Counterfactual,0.39,0.9855305466237942,"More
likely"
docs,docs,Belief Trump Mishandled Documents,Democratic,-1,6,0.006578947368421052,Counterfactual,0.39,0.003289473684210526,NA
docs,docs,Belief Trump Mishandled Documents,Democratic,0,858,0.9407894736842105,Counterfactual,0.39,0.47697368421052627,"No
change"
docs,docs,Belief Trump Mishandled Documents,Democratic,1,48,0.05263157894736842,Counterfactual,0.39,0.9736842105263158,"More
likely"
docs,docs,Belief Trump Mishandled Documents,Neither,-1,8,0.020671834625323,Counterfactual,0.39,0.0103359173126615,"Less
likely"
docs,docs,Belief Trump Mishandled Documents,Neither,0,363,0.937984496124031,Counterfactual,0.39,0.48966408268733846,"No
change"
docs,docs,Belief Trump Mishandled Documents,Neither,1,16,0.041343669250646,Counterfactual,0.39,0.979328165374677,"More
likely"
general,vote,"Vote Choice, General Election",Democratic,-1,4,0.004842615012106538,Counterfactual,0.39,0.002421307506053269,NA
general,vote,"Vote Choice, General Election",Democratic,0,819,0.9915254237288136,Counterfactual,0.39,0.5006053268765134,"No
change"
general,vote,"Vote Choice, General Election",Democratic,1,3,0.0036319612590799033,Counterfactual,0.39,0.9981840193704601,"More
likely"
general,vote,"Vote Choice, General Election",Neither,-1,6,0.01680672268907563,Counterfactual,0.39,0.008403361344537815,"Less
likely"
general,vote,"Vote Choice, General Election",Neither,0,343,0.9607843137254902,Counterfactual,0.39,0.4971988795518208,"No
change"
general,vote,"Vote Choice, General Election",Neither,1,8,0.022408963585434174,Counterfactual,0.39,0.988795518207283,"More
likely"
primary,vote,"Vote Choice, Republican Primary",Republican,-1,17,0.017543859649122806,Counterfactual,0.39,0.008771929824561403,"Less
likely"
primary,vote,"Vote Choice, Republican Primary",Republican,0,947,0.977296181630547,Counterfactual,0.39,0.5061919504643964,"No
change"
primary,vote,"Vote Choice, Republican Primary",Republican,1,5,0.005159958720330237,Counterfactual,0.39,0.9974200206398349,"More
likely"
docs,docs,Belief Trump Mishandled Documents,Republican,-1,12,0.012861736334405145,Counterfactual,0.4,0.006430868167202572,"Less
likely"
docs,docs,Belief Trump Mishandled Documents,Republican,0,895,0.9592711682743837,Counterfactual,0.4,0.492497320471597,"No
change"
docs,docs,Belief Trump Mishandled Documents,Republican,1,26,0.027867095391211148,Counterfactual,0.4,0.9860664523043944,"More
likely"
docs,docs,Belief Trump Mishandled Documents,Democratic,-1,6,0.006578947368421052,Counterfactual,0.4,0.003289473684210526,NA
docs,docs,Belief Trump Mishandled Documents,Democratic,0,861,0.944078947368421,Counterfactual,0.4,0.4786184210526315,"No
change"
docs,docs,Belief Trump Mishandled Documents,Democratic,1,45,0.049342105263157895,Counterfactual,0.4,0.9753289473684209,"More
likely"
docs,docs,Belief Trump Mishandled Documents,Neither,-1,8,0.020671834625323,Counterfactual,0.4,0.0103359173126615,"Less
likely"
docs,docs,Belief Trump Mishandled Documents,Neither,0,363,0.937984496124031,Counterfactual,0.4,0.48966408268733846,"No
change"
docs,docs,Belief Trump Mishandled Documents,Neither,1,16,0.041343669250646,Counterfactual,0.4,0.979328165374677,"More
likely"
general,vote,"Vote Choice, General Election",Democratic,-1,4,0.004842615012106538,Counterfactual,0.4,0.002421307506053269,NA
general,vote,"Vote Choice, General Election",Democratic,0,819,0.9915254237288136,Counterfactual,0.4,0.5006053268765134,"No
change"
general,vote,"Vote Choice, General Election",Democratic,1,3,0.0036319612590799033,Counterfactual,0.4,0.9981840193704601,"More
likely"
general,vote,"Vote Choice, General Election",Neither,-1,6,0.01680672268907563,Counterfactual,0.4,0.008403361344537815,"Less
likely"
general,vote,"Vote Choice, General Election",Neither,0,343,0.9607843137254902,Counterfactual,0.4,0.4971988795518208,"No
change"
general,vote,"Vote Choice, General Election",Neither,1,8,0.022408963585434174,Counterfactual,0.4,0.988795518207283,"More
likely"
primary,vote,"Vote Choice, Republican Primary",Republican,-1,17,0.017543859649122806,Counterfactual,0.4,0.008771929824561403,"Less
likely"
primary,vote,"Vote Choice, Republican Primary",Republican,0,947,0.977296181630547,Counterfactual,0.4,0.5061919504643964,"No
change"
primary,vote,"Vote Choice, Republican Primary",Republican,1,5,0.005159958720330237,Counterfactual,0.4,0.9974200206398349,"More
likely"
docs,docs,Belief Trump Mishandled Documents,Republican,-1,11,0.011789924973204717,Counterfactual,0.41000000000000003,0.005894962486602358,"Less
likely"
docs,docs,Belief Trump Mishandled Documents,Republican,0,896,0.9603429796355841,Counterfactual,0.41000000000000003,0.4919614147909968,"No
change"
docs,docs,Belief Trump Mishandled Documents,Republican,1,26,0.027867095391211148,Counterfactual,0.41000000000000003,0.9860664523043944,"More
likely"
docs,docs,Belief Trump Mishandled Documents,Democratic,-1,5,0.005482456140350877,Counterfactual,0.41000000000000003,0.0027412280701754384,NA
docs,docs,Belief Trump Mishandled Documents,Democratic,0,868,0.9517543859649122,Counterfactual,0.41000000000000003,0.48135964912280704,"No
change"
docs,docs,Belief Trump Mishandled Documents,Democratic,1,39,0.04276315789473684,Counterfactual,0.41000000000000003,0.9786184210526315,"More
likely"
docs,docs,Belief Trump Mishandled Documents,Neither,-1,8,0.020671834625323,Counterfactual,0.41000000000000003,0.0103359173126615,"Less
likely"
docs,docs,Belief Trump Mishandled Documents,Neither,0,365,0.9431524547803618,Counterfactual,0.41000000000000003,0.49224806201550386,"No
change"
docs,docs,Belief Trump Mishandled Documents,Neither,1,14,0.03617571059431524,Counterfactual,0.41000000000000003,0.9819121447028424,"More
likely"
general,vote,"Vote Choice, General Election",Democratic,-1,3,0.0036319612590799033,Counterfactual,0.41000000000000003,0.0018159806295399517,NA
general,vote,"Vote Choice, General Election",Democratic,0,820,0.9927360774818402,Counterfactual,0.41000000000000003,0.5,"No
change"
general,vote,"Vote Choice, General Election",Democratic,1,3,0.0036319612590799033,Counterfactual,0.41000000000000003,0.9981840193704601,"More
likely"
general,vote,"Vote Choice, General Election",Neither,-1,6,0.01680672268907563,Counterfactual,0.41000000000000003,0.008403361344537815,"Less
likely"
general,vote,"Vote Choice, General Election",Neither,0,343,0.9607843137254902,Counterfactual,0.41000000000000003,0.4971988795518208,"No
change"
general,vote,"Vote Choice, General Election",Neither,1,8,0.022408963585434174,Counterfactual,0.41000000000000003,0.988795518207283,"More
likely"
primary,vote,"Vote Choice, Republican Primary",Republican,-1,15,0.015479876160990712,Counterfactual,0.41000000000000003,0.007739938080495356,"Less
likely"
primary,vote,"Vote Choice, Republican Primary",Republican,0,949,0.9793601651186791,Counterfactual,0.41000000000000003,0.5051599587203301,"No
change"
primary,vote,"Vote Choice, Republican Primary",Republican,1,5,0.005159958720330237,Counterfactual,0.41000000000000003,0.9974200206398349,"More
likely"
docs,docs,Belief Trump Mishandled Documents,Republican,-1,11,0.011789924973204717,Counterfactual,0.42,0.005894962486602358,"Less
likely"
docs,docs,Belief Trump Mishandled Documents,Republican,0,896,0.9603429796355841,Counterfactual,0.42,0.4919614147909968,"No
change"
docs,docs,Belief Trump Mishandled Documents,Republican,1,26,0.027867095391211148,Counterfactual,0.42,0.9860664523043944,"More
likely"
docs,docs,Belief Trump Mishandled Documents,Democratic,-1,5,0.005482456140350877,Counterfactual,0.42,0.0027412280701754384,NA
docs,docs,Belief Trump Mishandled Documents,Democratic,0,868,0.9517543859649122,Counterfactual,0.42,0.48135964912280704,"No
change"
docs,docs,Belief Trump Mishandled Documents,Democratic,1,39,0.04276315789473684,Counterfactual,0.42,0.9786184210526315,"More
likely"
docs,docs,Belief Trump Mishandled Documents,Neither,-1,8,0.020671834625323,Counterfactual,0.42,0.0103359173126615,"Less
likely"
docs,docs,Belief Trump Mishandled Documents,Neither,0,365,0.9431524547803618,Counterfactual,0.42,0.49224806201550386,"No
change"
docs,docs,Belief Trump Mishandled Documents,Neither,1,14,0.03617571059431524,Counterfactual,0.42,0.9819121447028424,"More
likely"
general,vote,"Vote Choice, General Election",Democratic,-1,3,0.0036319612590799033,Counterfactual,0.42,0.0018159806295399517,NA
general,vote,"Vote Choice, General Election",Democratic,0,820,0.9927360774818402,Counterfactual,0.42,0.5,"No
change"
general,vote,"Vote Choice, General Election",Democratic,1,3,0.0036319612590799033,Counterfactual,0.42,0.9981840193704601,"More
likely"
general,vote,"Vote Choice, General Election",Neither,-1,6,0.01680672268907563,Counterfactual,0.42,0.008403361344537815,"Less
likely"
general,vote,"Vote Choice, General Election",Neither,0,343,0.9607843137254902,Counterfactual,0.42,0.4971988795518208,"No
change"
general,vote,"Vote Choice, General Election",Neither,1,8,0.022408963585434174,Counterfactual,0.42,0.988795518207283,"More
likely"
primary,vote,"Vote Choice, Republican Primary",Republican,-1,15,0.015479876160990712,Counterfactual,0.42,0.007739938080495356,"Less
likely"
primary,vote,"Vote Choice, Republican Primary",Republican,0,949,0.9793601651186791,Counterfactual,0.42,0.5051599587203301,"No
change"
primary,vote,"Vote Choice, Republican Primary",Republican,1,5,0.005159958720330237,Counterfactual,0.42,0.9974200206398349,"More
likely"
docs,docs,Belief Trump Mishandled Documents,Republican,-1,11,0.011789924973204717,Counterfactual,0.43,0.005894962486602358,"Less
likely"
docs,docs,Belief Trump Mishandled Documents,Republican,0,897,0.9614147909967846,Counterfactual,0.43,0.49249732047159706,"No
change"
docs,docs,Belief Trump Mishandled Documents,Republican,1,25,0.02679528403001072,Counterfactual,0.43,0.9866023579849946,"More
likely"
docs,docs,Belief Trump Mishandled Documents,Democratic,-1,4,0.0043859649122807015,Counterfactual,0.43,0.0021929824561403508,NA
docs,docs,Belief Trump Mishandled Documents,Democratic,0,872,0.956140350877193,Counterfactual,0.43,0.4824561403508772,"No
change"
docs,docs,Belief Trump Mishandled Documents,Democratic,1,36,0.039473684210526314,Counterfactual,0.43,0.9802631578947368,"More
likely"
docs,docs,Belief Trump Mishandled Documents,Neither,-1,7,0.01808785529715762,Counterfactual,0.43,0.00904392764857881,"Less
likely"
docs,docs,Belief Trump Mishandled Documents,Neither,0,367,0.9483204134366925,Counterfactual,0.43,0.49224806201550386,"No
change"
docs,docs,Belief Trump Mishandled Documents,Neither,1,13,0.03359173126614987,Counterfactual,0.43,0.9832041343669251,"More
likely"
general,vote,"Vote Choice, General Election",Democratic,-1,3,0.0036319612590799033,Counterfactual,0.43,0.0018159806295399517,NA
general,vote,"Vote Choice, General Election",Democratic,0,820,0.9927360774818402,Counterfactual,0.43,0.5,"No
change"
general,vote,"Vote Choice, General Election",Democratic,1,3,0.0036319612590799033,Counterfactual,0.43,0.9981840193704601,"More
likely"
general,vote,"Vote Choice, General Election",Neither,-1,6,0.01680672268907563,Counterfactual,0.43,0.008403361344537815,"Less
likely"
general,vote,"Vote Choice, General Election",Neither,0,343,0.9607843137254902,Counterfactual,0.43,0.4971988795518208,"No
change"
general,vote,"Vote Choice, General Election",Neither,1,8,0.022408963585434174,Counterfactual,0.43,0.988795518207283,"More
likely"
primary,vote,"Vote Choice, Republican Primary",Republican,-1,14,0.014447884416924664,Counterfactual,0.43,0.007223942208462332,"Less
likely"
primary,vote,"Vote Choice, Republican Primary",Republican,0,950,0.9803921568627451,Counterfactual,0.43,0.5046439628482973,"No
change"
primary,vote,"Vote Choice, Republican Primary",Republican,1,5,0.005159958720330237,Counterfactual,0.43,0.9974200206398349,"More
likely"
docs,docs,Belief Trump Mishandled Documents,Republican,-1,11,0.011789924973204717,Counterfactual,0.44,0.005894962486602358,"Less
likely"
docs,docs,Belief Trump Mishandled Documents,Republican,0,897,0.9614147909967846,Counterfactual,0.44,0.49249732047159706,"No
change"
docs,docs,Belief Trump Mishandled Documents,Republican,1,25,0.02679528403001072,Counterfactual,0.44,0.9866023579849946,"More
likely"
docs,docs,Belief Trump Mishandled Documents,Democratic,-1,4,0.0043859649122807015,Counterfactual,0.44,0.0021929824561403508,NA
docs,docs,Belief Trump Mishandled Documents,Democratic,0,876,0.9605263157894737,Counterfactual,0.44,0.48464912280701755,"No
change"
docs,docs,Belief Trump Mishandled Documents,Democratic,1,32,0.03508771929824561,Counterfactual,0.44,0.9824561403508771,"More
likely"
docs,docs,Belief Trump Mishandled Documents,Neither,-1,7,0.01808785529715762,Counterfactual,0.44,0.00904392764857881,"Less
likely"
docs,docs,Belief Trump Mishandled Documents,Neither,0,367,0.9483204134366925,Counterfactual,0.44,0.49224806201550386,"No
change"
docs,docs,Belief Trump Mishandled Documents,Neither,1,13,0.03359173126614987,Counterfactual,0.44,0.9832041343669251,"More
likely"
general,vote,"Vote Choice, General Election",Democratic,-1,3,0.0036319612590799033,Counterfactual,0.44,0.0018159806295399517,NA
general,vote,"Vote Choice, General Election",Democratic,0,821,0.9939467312348669,Counterfactual,0.44,0.5006053268765134,"No
change"
general,vote,"Vote Choice, General Election",Democratic,1,2,0.002421307506053269,Counterfactual,0.44,0.9987893462469734,"More
likely"
general,vote,"Vote Choice, General Election",Neither,-1,6,0.01680672268907563,Counterfactual,0.44,0.008403361344537815,"Less
likely"
general,vote,"Vote Choice, General Election",Neither,0,344,0.9635854341736695,Counterfactual,0.44,0.4985994397759104,"No
change"
general,vote,"Vote Choice, General Election",Neither,1,7,0.0196078431372549,Counterfactual,0.44,0.9901960784313726,"More
likely"
primary,vote,"Vote Choice, Republican Primary",Republican,-1,14,0.014447884416924664,Counterfactual,0.44,0.007223942208462332,"Less
likely"
primary,vote,"Vote Choice, Republican Primary",Republican,0,950,0.9803921568627451,Counterfactual,0.44,0.5046439628482973,"No
change"
primary,vote,"Vote Choice, Republican Primary",Republican,1,5,0.005159958720330237,Counterfactual,0.44,0.9974200206398349,"More
likely"
docs,docs,Belief Trump Mishandled Documents,Republican,-1,11,0.011789924973204717,Counterfactual,0.45,0.005894962486602358,"Less
likely"
docs,docs,Belief Trump Mishandled Documents,Republican,0,898,0.962486602357985,Counterfactual,0.45,0.49303322615219725,"No
change"
docs,docs,Belief Trump Mishandled Documents,Republican,1,24,0.02572347266881029,Counterfactual,0.45,0.9871382636655949,"More
likely"
docs,docs,Belief Trump Mishandled Documents,Democratic,-1,4,0.0043859649122807015,Counterfactual,0.45,0.0021929824561403508,NA
docs,docs,Belief Trump Mishandled Documents,Democratic,0,876,0.9605263157894737,Counterfactual,0.45,0.48464912280701755,"No
change"
docs,docs,Belief Trump Mishandled Documents,Democratic,1,32,0.03508771929824561,Counterfactual,0.45,0.9824561403508771,"More
likely"
docs,docs,Belief Trump Mishandled Documents,Neither,-1,7,0.01808785529715762,Counterfactual,0.45,0.00904392764857881,"Less
likely"
docs,docs,Belief Trump Mishandled Documents,Neither,0,367,0.9483204134366925,Counterfactual,0.45,0.49224806201550386,"No
change"
docs,docs,Belief Trump Mishandled Documents,Neither,1,13,0.03359173126614987,Counterfactual,0.45,0.9832041343669251,"More
likely"
general,vote,"Vote Choice, General Election",Democratic,-1,3,0.0036319612590799033,Counterfactual,0.45,0.0018159806295399517,NA
general,vote,"Vote Choice, General Election",Democratic,0,821,0.9939467312348669,Counterfactual,0.45,0.5006053268765134,"No
change"
general,vote,"Vote Choice, General Election",Democratic,1,2,0.002421307506053269,Counterfactual,0.45,0.9987893462469734,"More
likely"
general,vote,"Vote Choice, General Election",Neither,-1,6,0.01680672268907563,Counterfactual,0.45,0.008403361344537815,"Less
likely"
general,vote,"Vote Choice, General Election",Neither,0,344,0.9635854341736695,Counterfactual,0.45,0.4985994397759104,"No
change"
general,vote,"Vote Choice, General Election",Neither,1,7,0.0196078431372549,Counterfactual,0.45,0.9901960784313726,"More
likely"
primary,vote,"Vote Choice, Republican Primary",Republican,-1,14,0.014447884416924664,Counterfactual,0.45,0.007223942208462332,"Less
likely"
primary,vote,"Vote Choice, Republican Primary",Republican,0,951,0.9814241486068112,Counterfactual,0.45,0.5051599587203303,"No
change"
primary,vote,"Vote Choice, Republican Primary",Republican,1,4,0.0041279669762641896,Counterfactual,0.45,0.9979360165118679,"More
likely"
docs,docs,Belief Trump Mishandled Documents,Republican,-1,10,0.010718113612004287,Counterfactual,0.46,0.0053590568060021436,"Less
likely"
docs,docs,Belief Trump Mishandled Documents,Republican,0,899,0.9635584137191854,Counterfactual,0.46,0.49249732047159694,"No
change"
docs,docs,Belief Trump Mishandled Documents,Republican,1,24,0.02572347266881029,Counterfactual,0.46,0.9871382636655948,"More
likely"
docs,docs,Belief Trump Mishandled Documents,Democratic,-1,4,0.0043859649122807015,Counterfactual,0.46,0.0021929824561403508,NA
docs,docs,Belief Trump Mishandled Documents,Democratic,0,878,0.9627192982456141,Counterfactual,0.46,0.48574561403508776,"No
change"
docs,docs,Belief Trump Mishandled Documents,Democratic,1,30,0.03289473684210526,Counterfactual,0.46,0.9835526315789473,"More
likely"
docs,docs,Belief Trump Mishandled Documents,Neither,-1,5,0.012919896640826873,Counterfactual,0.46,0.006459948320413436,"Less
likely"
docs,docs,Belief Trump Mishandled Documents,Neither,0,371,0.958656330749354,Counterfactual,0.46,0.4922480620155038,"No
change"
docs,docs,Belief Trump Mishandled Documents,Neither,1,11,0.028423772609819122,Counterfactual,0.46,0.9857881136950903,"More
likely"
general,vote,"Vote Choice, General Election",Democratic,-1,3,0.0036319612590799033,Counterfactual,0.46,0.0018159806295399517,NA
general,vote,"Vote Choice, General Election",Democratic,0,821,0.9939467312348669,Counterfactual,0.46,0.5006053268765134,"No
change"
general,vote,"Vote Choice, General Election",Democratic,1,2,0.002421307506053269,Counterfactual,0.46,0.9987893462469734,"More
likely"
general,vote,"Vote Choice, General Election",Neither,-1,6,0.01680672268907563,Counterfactual,0.46,0.008403361344537815,"Less
likely"
general,vote,"Vote Choice, General Election",Neither,0,344,0.9635854341736695,Counterfactual,0.46,0.4985994397759104,"No
change"
general,vote,"Vote Choice, General Election",Neither,1,7,0.0196078431372549,Counterfactual,0.46,0.9901960784313726,"More
likely"
primary,vote,"Vote Choice, Republican Primary",Republican,-1,14,0.014447884416924664,Counterfactual,0.46,0.007223942208462332,"Less
likely"
primary,vote,"Vote Choice, Republican Primary",Republican,0,951,0.9814241486068112,Counterfactual,0.46,0.5051599587203303,"No
change"
primary,vote,"Vote Choice, Republican Primary",Republican,1,4,0.0041279669762641896,Counterfactual,0.46,0.9979360165118679,"More
likely"
docs,docs,Belief Trump Mishandled Documents,Republican,-1,10,0.010718113612004287,Counterfactual,0.47000000000000003,0.0053590568060021436,"Less
likely"
docs,docs,Belief Trump Mishandled Documents,Republican,0,902,0.9667738478027867,Counterfactual,0.47000000000000003,0.4941050375133976,"No
change"
docs,docs,Belief Trump Mishandled Documents,Republican,1,21,0.022508038585209004,Counterfactual,0.47000000000000003,0.9887459807073955,"More
likely"
docs,docs,Belief Trump Mishandled Documents,Democratic,-1,3,0.003289473684210526,Counterfactual,0.47000000000000003,0.001644736842105263,NA
docs,docs,Belief Trump Mishandled Documents,Democratic,0,880,0.9649122807017544,Counterfactual,0.47000000000000003,0.4857456140350877,"No
change"
docs,docs,Belief Trump Mishandled Documents,Democratic,1,29,0.03179824561403509,Counterfactual,0.47000000000000003,0.9841008771929824,"More
likely"
docs,docs,Belief Trump Mishandled Documents,Neither,-1,5,0.012919896640826873,Counterfactual,0.47000000000000003,0.006459948320413436,"Less
likely"
docs,docs,Belief Trump Mishandled Documents,Neither,0,371,0.958656330749354,Counterfactual,0.47000000000000003,0.4922480620155038,"No
change"
docs,docs,Belief Trump Mishandled Documents,Neither,1,11,0.028423772609819122,Counterfactual,0.47000000000000003,0.9857881136950903,"More
likely"
general,vote,"Vote Choice, General Election",Democratic,-1,3,0.0036319612590799033,Counterfactual,0.47000000000000003,0.0018159806295399517,NA
general,vote,"Vote Choice, General Election",Democratic,0,821,0.9939467312348669,Counterfactual,0.47000000000000003,0.5006053268765134,"No
change"
general,vote,"Vote Choice, General Election",Democratic,1,2,0.002421307506053269,Counterfactual,0.47000000000000003,0.9987893462469734,"More
likely"
general,vote,"Vote Choice, General Election",Neither,-1,6,0.01680672268907563,Counterfactual,0.47000000000000003,0.008403361344537815,"Less
likely"
general,vote,"Vote Choice, General Election",Neither,0,344,0.9635854341736695,Counterfactual,0.47000000000000003,0.4985994397759104,"No
change"
general,vote,"Vote Choice, General Election",Neither,1,7,0.0196078431372549,Counterfactual,0.47000000000000003,0.9901960784313726,"More
likely"
primary,vote,"Vote Choice, Republican Primary",Republican,-1,13,0.013415892672858616,Counterfactual,0.47000000000000003,0.006707946336429308,"Less
likely"
primary,vote,"Vote Choice, Republican Primary",Republican,0,952,0.9824561403508771,Counterfactual,0.47000000000000003,0.5046439628482972,"No
change"
primary,vote,"Vote Choice, Republican Primary",Republican,1,4,0.0041279669762641896,Counterfactual,0.47000000000000003,0.9979360165118678,"More
likely"
docs,docs,Belief Trump Mishandled Documents,Republican,-1,10,0.010718113612004287,Counterfactual,0.48,0.0053590568060021436,"Less
likely"
docs,docs,Belief Trump Mishandled Documents,Republican,0,902,0.9667738478027867,Counterfactual,0.48,0.4941050375133976,"No
change"
docs,docs,Belief Trump Mishandled Documents,Republican,1,21,0.022508038585209004,Counterfactual,0.48,0.9887459807073955,"More
likely"
docs,docs,Belief Trump Mishandled Documents,Democratic,-1,3,0.003289473684210526,Counterfactual,0.48,0.001644736842105263,NA
docs,docs,Belief Trump Mishandled Documents,Democratic,0,880,0.9649122807017544,Counterfactual,0.48,0.4857456140350877,"No
change"
docs,docs,Belief Trump Mishandled Documents,Democratic,1,29,0.03179824561403509,Counterfactual,0.48,0.9841008771929824,"More
likely"
docs,docs,Belief Trump Mishandled Documents,Neither,-1,5,0.012919896640826873,Counterfactual,0.48,0.006459948320413436,"Less
likely"
docs,docs,Belief Trump Mishandled Documents,Neither,0,371,0.958656330749354,Counterfactual,0.48,0.4922480620155038,"No
change"
docs,docs,Belief Trump Mishandled Documents,Neither,1,11,0.028423772609819122,Counterfactual,0.48,0.9857881136950903,"More
likely"
general,vote,"Vote Choice, General Election",Democratic,-1,3,0.0036319612590799033,Counterfactual,0.48,0.0018159806295399517,NA
general,vote,"Vote Choice, General Election",Democratic,0,821,0.9939467312348669,Counterfactual,0.48,0.5006053268765134,"No
change"
general,vote,"Vote Choice, General Election",Democratic,1,2,0.002421307506053269,Counterfactual,0.48,0.9987893462469734,"More
likely"
general,vote,"Vote Choice, General Election",Neither,-1,6,0.01680672268907563,Counterfactual,0.48,0.008403361344537815,"Less
likely"
general,vote,"Vote Choice, General Election",Neither,0,344,0.9635854341736695,Counterfactual,0.48,0.4985994397759104,"No
change"
general,vote,"Vote Choice, General Election",Neither,1,7,0.0196078431372549,Counterfactual,0.48,0.9901960784313726,"More
likely"
primary,vote,"Vote Choice, Republican Primary",Republican,-1,13,0.013415892672858616,Counterfactual,0.48,0.006707946336429308,"Less
likely"
primary,vote,"Vote Choice, Republican Primary",Republican,0,952,0.9824561403508771,Counterfactual,0.48,0.5046439628482972,"No
change"
primary,vote,"Vote Choice, Republican Primary",Republican,1,4,0.0041279669762641896,Counterfactual,0.48,0.9979360165118678,"More
likely"
docs,docs,Belief Trump Mishandled Documents,Republican,-1,9,0.00964630225080386,Counterfactual,0.49,0.00482315112540193,"Less
likely"
docs,docs,Belief Trump Mishandled Documents,Republican,0,905,0.969989281886388,Counterfactual,0.49,0.4946409431939979,"No
change"
docs,docs,Belief Trump Mishandled Documents,Republican,1,19,0.020364415862808145,Counterfactual,0.49,0.9898177920685959,"More
likely"
docs,docs,Belief Trump Mishandled Documents,Democratic,-1,3,0.003289473684210526,Counterfactual,0.49,0.001644736842105263,NA
docs,docs,Belief Trump Mishandled Documents,Democratic,0,883,0.9682017543859649,Counterfactual,0.49,0.48739035087719296,"No
change"
docs,docs,Belief Trump Mishandled Documents,Democratic,1,26,0.02850877192982456,Counterfactual,0.49,0.9857456140350878,"More
likely"
docs,docs,Belief Trump Mishandled Documents,Neither,-1,5,0.012919896640826873,Counterfactual,0.49,0.006459948320413436,"Less
likely"
docs,docs,Belief Trump Mishandled Documents,Neither,0,371,0.958656330749354,Counterfactual,0.49,0.4922480620155038,"No
change"
docs,docs,Belief Trump Mishandled Documents,Neither,1,11,0.028423772609819122,Counterfactual,0.49,0.9857881136950903,"More
likely"
general,vote,"Vote Choice, General Election",Democratic,-1,3,0.0036319612590799033,Counterfactual,0.49,0.0018159806295399517,NA
general,vote,"Vote Choice, General Election",Democratic,0,821,0.9939467312348669,Counterfactual,0.49,0.5006053268765134,"No
change"
general,vote,"Vote Choice, General Election",Democratic,1,2,0.002421307506053269,Counterfactual,0.49,0.9987893462469734,"More
likely"
general,vote,"Vote Choice, General Election",Neither,-1,6,0.01680672268907563,Counterfactual,0.49,0.008403361344537815,"Less
likely"
general,vote,"Vote Choice, General Election",Neither,0,344,0.9635854341736695,Counterfactual,0.49,0.4985994397759104,"No
change"
general,vote,"Vote Choice, General Election",Neither,1,7,0.0196078431372549,Counterfactual,0.49,0.9901960784313726,"More
likely"
primary,vote,"Vote Choice, Republican Primary",Republican,-1,13,0.013415892672858616,Counterfactual,0.49,0.006707946336429308,"Less
likely"
primary,vote,"Vote Choice, Republican Primary",Republican,0,952,0.9824561403508771,Counterfactual,0.49,0.5046439628482972,"No
change"
primary,vote,"Vote Choice, Republican Primary",Republican,1,4,0.0041279669762641896,Counterfactual,0.49,0.9979360165118678,"More
likely"
docs,docs,Belief Trump Mishandled Documents,Republican,-1,8,0.00857449088960343,Counterfactual,0.5,0.004287245444801715,"Less
likely"
docs,docs,Belief Trump Mishandled Documents,Republican,0,908,0.9732047159699893,Counterfactual,0.5,0.495176848874598,"No
change"
docs,docs,Belief Trump Mishandled Documents,Republican,1,17,0.01822079314040729,Counterfactual,0.5,0.9908896034297963,"More
likely"
docs,docs,Belief Trump Mishandled Documents,Democratic,-1,3,0.003289473684210526,Counterfactual,0.5,0.001644736842105263,NA
docs,docs,Belief Trump Mishandled Documents,Democratic,0,886,0.9714912280701754,Counterfactual,0.5,0.4890350877192982,"No
change"
docs,docs,Belief Trump Mishandled Documents,Democratic,1,23,0.025219298245614034,Counterfactual,0.5,0.987390350877193,"More
likely"
docs,docs,Belief Trump Mishandled Documents,Neither,-1,4,0.0103359173126615,Counterfactual,0.5,0.00516795865633075,"Less
likely"
docs,docs,Belief Trump Mishandled Documents,Neither,0,372,0.9612403100775194,Counterfactual,0.5,0.4909560723514212,"No
change"
docs,docs,Belief Trump Mishandled Documents,Neither,1,11,0.028423772609819122,Counterfactual,0.5,0.9857881136950905,"More
likely"
general,vote,"Vote Choice, General Election",Democratic,-1,3,0.0036319612590799033,Counterfactual,0.5,0.0018159806295399517,NA
general,vote,"Vote Choice, General Election",Democratic,0,821,0.9939467312348669,Counterfactual,0.5,0.5006053268765134,"No
change"
general,vote,"Vote Choice, General Election",Democratic,1,2,0.002421307506053269,Counterfactual,0.5,0.9987893462469734,"More
likely"
general,vote,"Vote Choice, General Election",Neither,-1,6,0.01680672268907563,Counterfactual,0.5,0.008403361344537815,"Less
likely"
general,vote,"Vote Choice, General Election",Neither,0,345,0.9663865546218487,Counterfactual,0.5,0.5,"No
change"
general,vote,"Vote Choice, General Election",Neither,1,6,0.01680672268907563,Counterfactual,0.5,0.9915966386554622,"More
likely"
primary,vote,"Vote Choice, Republican Primary",Republican,-1,12,0.01238390092879257,Counterfactual,0.5,0.006191950464396285,"Less
likely"
primary,vote,"Vote Choice, Republican Primary",Republican,0,953,0.9834881320949432,Counterfactual,0.5,0.5041279669762642,"No
change"
primary,vote,"Vote Choice, Republican Primary",Republican,1,4,0.0041279669762641896,Counterfactual,0.5,0.9979360165118679,"More
likely"
