"topic","topic2","Topic","party","sign","N","P","measure","threshold","label_Y_position","Label"
"docs","docs","Belief Trump Mishandled Docs","Republican",-1,430,0.424901185770751,"Change",-0.01,0.212450592885375,"Less
likely"
"docs","docs","Belief Trump Mishandled Docs","Republican",0,436,0.430830039525692,"Change",-0.01,0.640316205533597,"No
change"
"docs","docs","Belief Trump Mishandled Docs","Republican",1,146,0.144268774703557,"Change",-0.01,0.927865612648221,"More
likely"
"docs","docs","Belief Trump Mishandled Docs","Democrat",-1,52,0.0528455284552846,"Change",-0.01,0.0264227642276423,NA
"docs","docs","Belief Trump Mishandled Docs","Democrat",0,154,0.15650406504065,"Change",-0.01,0.13109756097561,"No
change"
"docs","docs","Belief Trump Mishandled Docs","Democrat",1,778,0.790650406504065,"Change",-0.01,0.604674796747968,"More
likely"
"docs","docs","Belief Trump Mishandled Docs","Independent",-1,61,0.163978494623656,"Change",-0.01,0.081989247311828,"Less
likely"
"docs","docs","Belief Trump Mishandled Docs","Independent",0,155,0.416666666666667,"Change",-0.01,0.372311827956989,"No
change"
"docs","docs","Belief Trump Mishandled Docs","Independent",1,156,0.419354838709677,"Change",-0.01,0.790322580645161,"More
likely"
"general","vote","Vote Choice, General Election","Republican",-1,21,0.185840707964602,"     Change",-0.01,0.0929203539823009,"Less
likely"
"general","vote","Vote Choice, General Election","Republican",0,52,0.460176991150442,"     Change",-0.01,0.415929203539823,"No
change"
"general","vote","Vote Choice, General Election","Republican",1,40,0.353982300884956,"     Change",-0.01,0.823008849557522,"More
likely"
"general","vote","Vote Choice, General Election","Democrat",-1,609,0.643763213530655,"     Change",-0.01,0.321881606765328,NA
"general","vote","Vote Choice, General Election","Democrat",0,283,0.299154334038055,"     Change",-0.01,0.793340380549683,"No
change"
"general","vote","Vote Choice, General Election","Democrat",1,54,0.0570824524312896,"     Change",-0.01,0.971458773784355,"More
likely"
"general","vote","Vote Choice, General Election","Independent",-1,112,0.358974358974359,"     Change",-0.01,0.17948717948718,"Less
likely"
"general","vote","Vote Choice, General Election","Independent",0,140,0.448717948717949,"     Change",-0.01,0.583333333333333,"No
change"
"general","vote","Vote Choice, General Election","Independent",1,60,0.192307692307692,"     Change",-0.01,0.903846153846154,"More
likely"
"primary","vote","Vote Choice, Republican Primary","Republican",-1,131,0.145232815964523,"     Change",-0.01,0.0726164079822616,"Less
likely"
"primary","vote","Vote Choice, Republican Primary","Republican",0,380,0.421286031042129,"     Change",-0.01,0.355875831485588,"No
change"
"primary","vote","Vote Choice, Republican Primary","Republican",1,391,0.433481152993348,"     Change",-0.01,0.783259423503326,"More
likely"
"primary","vote","Vote Choice, Republican Primary","Democrat",-1,22,0.55,"     Change",-0.01,0.275,NA
"primary","vote","Vote Choice, Republican Primary","Democrat",0,12,0.3,"     Change",-0.01,0.7,"No
change"
"primary","vote","Vote Choice, Republican Primary","Democrat",1,6,0.15,"     Change",-0.01,0.925,"More
likely"
"primary","vote","Vote Choice, Republican Primary","Independent",-1,18,0.321428571428571,"     Change",-0.01,0.160714285714286,"Less
likely"
"primary","vote","Vote Choice, Republican Primary","Independent",0,26,0.464285714285714,"     Change",-0.01,0.553571428571429,"No
change"
"primary","vote","Vote Choice, Republican Primary","Independent",1,12,0.214285714285714,"     Change",-0.01,0.892857142857143,"More
likely"
"docs","docs","Belief Trump Mishandled Docs","Republican",-1,430,0.424901185770751,"Change",-0.02,0.212450592885375,"Less
likely"
"docs","docs","Belief Trump Mishandled Docs","Republican",0,436,0.430830039525692,"Change",-0.02,0.640316205533597,"No
change"
"docs","docs","Belief Trump Mishandled Docs","Republican",1,146,0.144268774703557,"Change",-0.02,0.927865612648221,"More
likely"
"docs","docs","Belief Trump Mishandled Docs","Democrat",-1,52,0.0528455284552846,"Change",-0.02,0.0264227642276423,NA
"docs","docs","Belief Trump Mishandled Docs","Democrat",0,154,0.15650406504065,"Change",-0.02,0.13109756097561,"No
change"
"docs","docs","Belief Trump Mishandled Docs","Democrat",1,778,0.790650406504065,"Change",-0.02,0.604674796747968,"More
likely"
"docs","docs","Belief Trump Mishandled Docs","Independent",-1,61,0.163978494623656,"Change",-0.02,0.081989247311828,"Less
likely"
"docs","docs","Belief Trump Mishandled Docs","Independent",0,155,0.416666666666667,"Change",-0.02,0.372311827956989,"No
change"
"docs","docs","Belief Trump Mishandled Docs","Independent",1,156,0.419354838709677,"Change",-0.02,0.790322580645161,"More
likely"
"general","vote","Vote Choice, General Election","Republican",-1,21,0.185840707964602,"     Change",-0.02,0.0929203539823009,"Less
likely"
"general","vote","Vote Choice, General Election","Republican",0,52,0.460176991150442,"     Change",-0.02,0.415929203539823,"No
change"
"general","vote","Vote Choice, General Election","Republican",1,40,0.353982300884956,"     Change",-0.02,0.823008849557522,"More
likely"
"general","vote","Vote Choice, General Election","Democrat",-1,609,0.643763213530655,"     Change",-0.02,0.321881606765328,NA
"general","vote","Vote Choice, General Election","Democrat",0,283,0.299154334038055,"     Change",-0.02,0.793340380549683,"No
change"
"general","vote","Vote Choice, General Election","Democrat",1,54,0.0570824524312896,"     Change",-0.02,0.971458773784355,"More
likely"
"general","vote","Vote Choice, General Election","Independent",-1,112,0.358974358974359,"     Change",-0.02,0.17948717948718,"Less
likely"
"general","vote","Vote Choice, General Election","Independent",0,140,0.448717948717949,"     Change",-0.02,0.583333333333333,"No
change"
"general","vote","Vote Choice, General Election","Independent",1,60,0.192307692307692,"     Change",-0.02,0.903846153846154,"More
likely"
"primary","vote","Vote Choice, Republican Primary","Republican",-1,131,0.145232815964523,"     Change",-0.02,0.0726164079822616,"Less
likely"
"primary","vote","Vote Choice, Republican Primary","Republican",0,380,0.421286031042129,"     Change",-0.02,0.355875831485588,"No
change"
"primary","vote","Vote Choice, Republican Primary","Republican",1,391,0.433481152993348,"     Change",-0.02,0.783259423503326,"More
likely"
"primary","vote","Vote Choice, Republican Primary","Democrat",-1,22,0.55,"     Change",-0.02,0.275,NA
"primary","vote","Vote Choice, Republican Primary","Democrat",0,12,0.3,"     Change",-0.02,0.7,"No
change"
"primary","vote","Vote Choice, Republican Primary","Democrat",1,6,0.15,"     Change",-0.02,0.925,"More
likely"
"primary","vote","Vote Choice, Republican Primary","Independent",-1,18,0.321428571428571,"     Change",-0.02,0.160714285714286,"Less
likely"
"primary","vote","Vote Choice, Republican Primary","Independent",0,26,0.464285714285714,"     Change",-0.02,0.553571428571429,"No
change"
"primary","vote","Vote Choice, Republican Primary","Independent",1,12,0.214285714285714,"     Change",-0.02,0.892857142857143,"More
likely"
"docs","docs","Belief Trump Mishandled Docs","Republican",-1,430,0.424901185770751,"Change",-0.03,0.212450592885375,"Less
likely"
"docs","docs","Belief Trump Mishandled Docs","Republican",0,436,0.430830039525692,"Change",-0.03,0.640316205533597,"No
change"
"docs","docs","Belief Trump Mishandled Docs","Republican",1,146,0.144268774703557,"Change",-0.03,0.927865612648221,"More
likely"
"docs","docs","Belief Trump Mishandled Docs","Democrat",-1,52,0.0528455284552846,"Change",-0.03,0.0264227642276423,NA
"docs","docs","Belief Trump Mishandled Docs","Democrat",0,154,0.15650406504065,"Change",-0.03,0.13109756097561,"No
change"
"docs","docs","Belief Trump Mishandled Docs","Democrat",1,778,0.790650406504065,"Change",-0.03,0.604674796747968,"More
likely"
"docs","docs","Belief Trump Mishandled Docs","Independent",-1,61,0.163978494623656,"Change",-0.03,0.081989247311828,"Less
likely"
"docs","docs","Belief Trump Mishandled Docs","Independent",0,155,0.416666666666667,"Change",-0.03,0.372311827956989,"No
change"
"docs","docs","Belief Trump Mishandled Docs","Independent",1,156,0.419354838709677,"Change",-0.03,0.790322580645161,"More
likely"
"general","vote","Vote Choice, General Election","Republican",-1,21,0.185840707964602,"     Change",-0.03,0.0929203539823009,"Less
likely"
"general","vote","Vote Choice, General Election","Republican",0,52,0.460176991150442,"     Change",-0.03,0.415929203539823,"No
change"
"general","vote","Vote Choice, General Election","Republican",1,40,0.353982300884956,"     Change",-0.03,0.823008849557522,"More
likely"
"general","vote","Vote Choice, General Election","Democrat",-1,609,0.643763213530655,"     Change",-0.03,0.321881606765328,NA
"general","vote","Vote Choice, General Election","Democrat",0,283,0.299154334038055,"     Change",-0.03,0.793340380549683,"No
change"
"general","vote","Vote Choice, General Election","Democrat",1,54,0.0570824524312896,"     Change",-0.03,0.971458773784355,"More
likely"
"general","vote","Vote Choice, General Election","Independent",-1,112,0.358974358974359,"     Change",-0.03,0.17948717948718,"Less
likely"
"general","vote","Vote Choice, General Election","Independent",0,140,0.448717948717949,"     Change",-0.03,0.583333333333333,"No
change"
"general","vote","Vote Choice, General Election","Independent",1,60,0.192307692307692,"     Change",-0.03,0.903846153846154,"More
likely"
"primary","vote","Vote Choice, Republican Primary","Republican",-1,131,0.145232815964523,"     Change",-0.03,0.0726164079822616,"Less
likely"
"primary","vote","Vote Choice, Republican Primary","Republican",0,380,0.421286031042129,"     Change",-0.03,0.355875831485588,"No
change"
"primary","vote","Vote Choice, Republican Primary","Republican",1,391,0.433481152993348,"     Change",-0.03,0.783259423503326,"More
likely"
"primary","vote","Vote Choice, Republican Primary","Democrat",-1,22,0.55,"     Change",-0.03,0.275,NA
"primary","vote","Vote Choice, Republican Primary","Democrat",0,12,0.3,"     Change",-0.03,0.7,"No
change"
"primary","vote","Vote Choice, Republican Primary","Democrat",1,6,0.15,"     Change",-0.03,0.925,"More
likely"
"primary","vote","Vote Choice, Republican Primary","Independent",-1,18,0.321428571428571,"     Change",-0.03,0.160714285714286,"Less
likely"
"primary","vote","Vote Choice, Republican Primary","Independent",0,26,0.464285714285714,"     Change",-0.03,0.553571428571429,"No
change"
"primary","vote","Vote Choice, Republican Primary","Independent",1,12,0.214285714285714,"     Change",-0.03,0.892857142857143,"More
likely"
"docs","docs","Belief Trump Mishandled Docs","Republican",-1,430,0.424901185770751,"Change",-0.04,0.212450592885375,"Less
likely"
"docs","docs","Belief Trump Mishandled Docs","Republican",0,436,0.430830039525692,"Change",-0.04,0.640316205533597,"No
change"
"docs","docs","Belief Trump Mishandled Docs","Republican",1,146,0.144268774703557,"Change",-0.04,0.927865612648221,"More
likely"
"docs","docs","Belief Trump Mishandled Docs","Democrat",-1,52,0.0528455284552846,"Change",-0.04,0.0264227642276423,NA
"docs","docs","Belief Trump Mishandled Docs","Democrat",0,154,0.15650406504065,"Change",-0.04,0.13109756097561,"No
change"
"docs","docs","Belief Trump Mishandled Docs","Democrat",1,778,0.790650406504065,"Change",-0.04,0.604674796747968,"More
likely"
"docs","docs","Belief Trump Mishandled Docs","Independent",-1,61,0.163978494623656,"Change",-0.04,0.081989247311828,"Less
likely"
"docs","docs","Belief Trump Mishandled Docs","Independent",0,155,0.416666666666667,"Change",-0.04,0.372311827956989,"No
change"
"docs","docs","Belief Trump Mishandled Docs","Independent",1,156,0.419354838709677,"Change",-0.04,0.790322580645161,"More
likely"
"general","vote","Vote Choice, General Election","Republican",-1,21,0.185840707964602,"     Change",-0.04,0.0929203539823009,"Less
likely"
"general","vote","Vote Choice, General Election","Republican",0,52,0.460176991150442,"     Change",-0.04,0.415929203539823,"No
change"
"general","vote","Vote Choice, General Election","Republican",1,40,0.353982300884956,"     Change",-0.04,0.823008849557522,"More
likely"
"general","vote","Vote Choice, General Election","Democrat",-1,609,0.643763213530655,"     Change",-0.04,0.321881606765328,NA
"general","vote","Vote Choice, General Election","Democrat",0,283,0.299154334038055,"     Change",-0.04,0.793340380549683,"No
change"
"general","vote","Vote Choice, General Election","Democrat",1,54,0.0570824524312896,"     Change",-0.04,0.971458773784355,"More
likely"
"general","vote","Vote Choice, General Election","Independent",-1,112,0.358974358974359,"     Change",-0.04,0.17948717948718,"Less
likely"
"general","vote","Vote Choice, General Election","Independent",0,140,0.448717948717949,"     Change",-0.04,0.583333333333333,"No
change"
"general","vote","Vote Choice, General Election","Independent",1,60,0.192307692307692,"     Change",-0.04,0.903846153846154,"More
likely"
"primary","vote","Vote Choice, Republican Primary","Republican",-1,131,0.145232815964523,"     Change",-0.04,0.0726164079822616,"Less
likely"
"primary","vote","Vote Choice, Republican Primary","Republican",0,380,0.421286031042129,"     Change",-0.04,0.355875831485588,"No
change"
"primary","vote","Vote Choice, Republican Primary","Republican",1,391,0.433481152993348,"     Change",-0.04,0.783259423503326,"More
likely"
"primary","vote","Vote Choice, Republican Primary","Democrat",-1,22,0.55,"     Change",-0.04,0.275,NA
"primary","vote","Vote Choice, Republican Primary","Democrat",0,12,0.3,"     Change",-0.04,0.7,"No
change"
"primary","vote","Vote Choice, Republican Primary","Democrat",1,6,0.15,"     Change",-0.04,0.925,"More
likely"
"primary","vote","Vote Choice, Republican Primary","Independent",-1,18,0.321428571428571,"     Change",-0.04,0.160714285714286,"Less
likely"
"primary","vote","Vote Choice, Republican Primary","Independent",0,26,0.464285714285714,"     Change",-0.04,0.553571428571429,"No
change"
"primary","vote","Vote Choice, Republican Primary","Independent",1,12,0.214285714285714,"     Change",-0.04,0.892857142857143,"More
likely"
"docs","docs","Belief Trump Mishandled Docs","Republican",-1,430,0.424901185770751,"Change",-0.05,0.212450592885375,"Less
likely"
"docs","docs","Belief Trump Mishandled Docs","Republican",0,436,0.430830039525692,"Change",-0.05,0.640316205533597,"No
change"
"docs","docs","Belief Trump Mishandled Docs","Republican",1,146,0.144268774703557,"Change",-0.05,0.927865612648221,"More
likely"
"docs","docs","Belief Trump Mishandled Docs","Democrat",-1,52,0.0528455284552846,"Change",-0.05,0.0264227642276423,NA
"docs","docs","Belief Trump Mishandled Docs","Democrat",0,154,0.15650406504065,"Change",-0.05,0.13109756097561,"No
change"
"docs","docs","Belief Trump Mishandled Docs","Democrat",1,778,0.790650406504065,"Change",-0.05,0.604674796747968,"More
likely"
"docs","docs","Belief Trump Mishandled Docs","Independent",-1,61,0.163978494623656,"Change",-0.05,0.081989247311828,"Less
likely"
"docs","docs","Belief Trump Mishandled Docs","Independent",0,155,0.416666666666667,"Change",-0.05,0.372311827956989,"No
change"
"docs","docs","Belief Trump Mishandled Docs","Independent",1,156,0.419354838709677,"Change",-0.05,0.790322580645161,"More
likely"
"general","vote","Vote Choice, General Election","Republican",-1,21,0.185840707964602,"     Change",-0.05,0.0929203539823009,"Less
likely"
"general","vote","Vote Choice, General Election","Republican",0,52,0.460176991150442,"     Change",-0.05,0.415929203539823,"No
change"
"general","vote","Vote Choice, General Election","Republican",1,40,0.353982300884956,"     Change",-0.05,0.823008849557522,"More
likely"
"general","vote","Vote Choice, General Election","Democrat",-1,609,0.643763213530655,"     Change",-0.05,0.321881606765328,NA
"general","vote","Vote Choice, General Election","Democrat",0,283,0.299154334038055,"     Change",-0.05,0.793340380549683,"No
change"
"general","vote","Vote Choice, General Election","Democrat",1,54,0.0570824524312896,"     Change",-0.05,0.971458773784355,"More
likely"
"general","vote","Vote Choice, General Election","Independent",-1,112,0.358974358974359,"     Change",-0.05,0.17948717948718,"Less
likely"
"general","vote","Vote Choice, General Election","Independent",0,140,0.448717948717949,"     Change",-0.05,0.583333333333333,"No
change"
"general","vote","Vote Choice, General Election","Independent",1,60,0.192307692307692,"     Change",-0.05,0.903846153846154,"More
likely"
"primary","vote","Vote Choice, Republican Primary","Republican",-1,131,0.145232815964523,"     Change",-0.05,0.0726164079822616,"Less
likely"
"primary","vote","Vote Choice, Republican Primary","Republican",0,380,0.421286031042129,"     Change",-0.05,0.355875831485588,"No
change"
"primary","vote","Vote Choice, Republican Primary","Republican",1,391,0.433481152993348,"     Change",-0.05,0.783259423503326,"More
likely"
"primary","vote","Vote Choice, Republican Primary","Democrat",-1,22,0.55,"     Change",-0.05,0.275,NA
"primary","vote","Vote Choice, Republican Primary","Democrat",0,12,0.3,"     Change",-0.05,0.7,"No
change"
"primary","vote","Vote Choice, Republican Primary","Democrat",1,6,0.15,"     Change",-0.05,0.925,"More
likely"
"primary","vote","Vote Choice, Republican Primary","Independent",-1,18,0.321428571428571,"     Change",-0.05,0.160714285714286,"Less
likely"
"primary","vote","Vote Choice, Republican Primary","Independent",0,26,0.464285714285714,"     Change",-0.05,0.553571428571429,"No
change"
"primary","vote","Vote Choice, Republican Primary","Independent",1,12,0.214285714285714,"     Change",-0.05,0.892857142857143,"More
likely"
"docs","docs","Belief Trump Mishandled Docs","Republican",-1,430,0.424901185770751,"Change",-0.06,0.212450592885375,"Less
likely"
"docs","docs","Belief Trump Mishandled Docs","Republican",0,436,0.430830039525692,"Change",-0.06,0.640316205533597,"No
change"
"docs","docs","Belief Trump Mishandled Docs","Republican",1,146,0.144268774703557,"Change",-0.06,0.927865612648221,"More
likely"
"docs","docs","Belief Trump Mishandled Docs","Democrat",-1,52,0.0528455284552846,"Change",-0.06,0.0264227642276423,NA
"docs","docs","Belief Trump Mishandled Docs","Democrat",0,154,0.15650406504065,"Change",-0.06,0.13109756097561,"No
change"
"docs","docs","Belief Trump Mishandled Docs","Democrat",1,778,0.790650406504065,"Change",-0.06,0.604674796747968,"More
likely"
"docs","docs","Belief Trump Mishandled Docs","Independent",-1,61,0.163978494623656,"Change",-0.06,0.081989247311828,"Less
likely"
"docs","docs","Belief Trump Mishandled Docs","Independent",0,155,0.416666666666667,"Change",-0.06,0.372311827956989,"No
change"
"docs","docs","Belief Trump Mishandled Docs","Independent",1,156,0.419354838709677,"Change",-0.06,0.790322580645161,"More
likely"
"general","vote","Vote Choice, General Election","Republican",-1,21,0.185840707964602,"     Change",-0.06,0.0929203539823009,"Less
likely"
"general","vote","Vote Choice, General Election","Republican",0,52,0.460176991150442,"     Change",-0.06,0.415929203539823,"No
change"
"general","vote","Vote Choice, General Election","Republican",1,40,0.353982300884956,"     Change",-0.06,0.823008849557522,"More
likely"
"general","vote","Vote Choice, General Election","Democrat",-1,609,0.643763213530655,"     Change",-0.06,0.321881606765328,NA
"general","vote","Vote Choice, General Election","Democrat",0,283,0.299154334038055,"     Change",-0.06,0.793340380549683,"No
change"
"general","vote","Vote Choice, General Election","Democrat",1,54,0.0570824524312896,"     Change",-0.06,0.971458773784355,"More
likely"
"general","vote","Vote Choice, General Election","Independent",-1,112,0.358974358974359,"     Change",-0.06,0.17948717948718,"Less
likely"
"general","vote","Vote Choice, General Election","Independent",0,140,0.448717948717949,"     Change",-0.06,0.583333333333333,"No
change"
"general","vote","Vote Choice, General Election","Independent",1,60,0.192307692307692,"     Change",-0.06,0.903846153846154,"More
likely"
"primary","vote","Vote Choice, Republican Primary","Republican",-1,131,0.145232815964523,"     Change",-0.06,0.0726164079822616,"Less
likely"
"primary","vote","Vote Choice, Republican Primary","Republican",0,380,0.421286031042129,"     Change",-0.06,0.355875831485588,"No
change"
"primary","vote","Vote Choice, Republican Primary","Republican",1,391,0.433481152993348,"     Change",-0.06,0.783259423503326,"More
likely"
"primary","vote","Vote Choice, Republican Primary","Democrat",-1,22,0.55,"     Change",-0.06,0.275,NA
"primary","vote","Vote Choice, Republican Primary","Democrat",0,12,0.3,"     Change",-0.06,0.7,"No
change"
"primary","vote","Vote Choice, Republican Primary","Democrat",1,6,0.15,"     Change",-0.06,0.925,"More
likely"
"primary","vote","Vote Choice, Republican Primary","Independent",-1,18,0.321428571428571,"     Change",-0.06,0.160714285714286,"Less
likely"
"primary","vote","Vote Choice, Republican Primary","Independent",0,26,0.464285714285714,"     Change",-0.06,0.553571428571429,"No
change"
"primary","vote","Vote Choice, Republican Primary","Independent",1,12,0.214285714285714,"     Change",-0.06,0.892857142857143,"More
likely"
"docs","docs","Belief Trump Mishandled Docs","Republican",-1,430,0.424901185770751,"Change",-0.07,0.212450592885375,"Less
likely"
"docs","docs","Belief Trump Mishandled Docs","Republican",0,436,0.430830039525692,"Change",-0.07,0.640316205533597,"No
change"
"docs","docs","Belief Trump Mishandled Docs","Republican",1,146,0.144268774703557,"Change",-0.07,0.927865612648221,"More
likely"
"docs","docs","Belief Trump Mishandled Docs","Democrat",-1,52,0.0528455284552846,"Change",-0.07,0.0264227642276423,NA
"docs","docs","Belief Trump Mishandled Docs","Democrat",0,154,0.15650406504065,"Change",-0.07,0.13109756097561,"No
change"
"docs","docs","Belief Trump Mishandled Docs","Democrat",1,778,0.790650406504065,"Change",-0.07,0.604674796747968,"More
likely"
"docs","docs","Belief Trump Mishandled Docs","Independent",-1,61,0.163978494623656,"Change",-0.07,0.081989247311828,"Less
likely"
"docs","docs","Belief Trump Mishandled Docs","Independent",0,155,0.416666666666667,"Change",-0.07,0.372311827956989,"No
change"
"docs","docs","Belief Trump Mishandled Docs","Independent",1,156,0.419354838709677,"Change",-0.07,0.790322580645161,"More
likely"
"general","vote","Vote Choice, General Election","Republican",-1,21,0.185840707964602,"     Change",-0.07,0.0929203539823009,"Less
likely"
"general","vote","Vote Choice, General Election","Republican",0,52,0.460176991150442,"     Change",-0.07,0.415929203539823,"No
change"
"general","vote","Vote Choice, General Election","Republican",1,40,0.353982300884956,"     Change",-0.07,0.823008849557522,"More
likely"
"general","vote","Vote Choice, General Election","Democrat",-1,609,0.643763213530655,"     Change",-0.07,0.321881606765328,NA
"general","vote","Vote Choice, General Election","Democrat",0,283,0.299154334038055,"     Change",-0.07,0.793340380549683,"No
change"
"general","vote","Vote Choice, General Election","Democrat",1,54,0.0570824524312896,"     Change",-0.07,0.971458773784355,"More
likely"
"general","vote","Vote Choice, General Election","Independent",-1,112,0.358974358974359,"     Change",-0.07,0.17948717948718,"Less
likely"
"general","vote","Vote Choice, General Election","Independent",0,140,0.448717948717949,"     Change",-0.07,0.583333333333333,"No
change"
"general","vote","Vote Choice, General Election","Independent",1,60,0.192307692307692,"     Change",-0.07,0.903846153846154,"More
likely"
"primary","vote","Vote Choice, Republican Primary","Republican",-1,131,0.145232815964523,"     Change",-0.07,0.0726164079822616,"Less
likely"
"primary","vote","Vote Choice, Republican Primary","Republican",0,380,0.421286031042129,"     Change",-0.07,0.355875831485588,"No
change"
"primary","vote","Vote Choice, Republican Primary","Republican",1,391,0.433481152993348,"     Change",-0.07,0.783259423503326,"More
likely"
"primary","vote","Vote Choice, Republican Primary","Democrat",-1,22,0.55,"     Change",-0.07,0.275,NA
"primary","vote","Vote Choice, Republican Primary","Democrat",0,12,0.3,"     Change",-0.07,0.7,"No
change"
"primary","vote","Vote Choice, Republican Primary","Democrat",1,6,0.15,"     Change",-0.07,0.925,"More
likely"
"primary","vote","Vote Choice, Republican Primary","Independent",-1,18,0.321428571428571,"     Change",-0.07,0.160714285714286,"Less
likely"
"primary","vote","Vote Choice, Republican Primary","Independent",0,26,0.464285714285714,"     Change",-0.07,0.553571428571429,"No
change"
"primary","vote","Vote Choice, Republican Primary","Independent",1,12,0.214285714285714,"     Change",-0.07,0.892857142857143,"More
likely"
"docs","docs","Belief Trump Mishandled Docs","Republican",-1,430,0.424901185770751,"Change",-0.08,0.212450592885375,"Less
likely"
"docs","docs","Belief Trump Mishandled Docs","Republican",0,436,0.430830039525692,"Change",-0.08,0.640316205533597,"No
change"
"docs","docs","Belief Trump Mishandled Docs","Republican",1,146,0.144268774703557,"Change",-0.08,0.927865612648221,"More
likely"
"docs","docs","Belief Trump Mishandled Docs","Democrat",-1,52,0.0528455284552846,"Change",-0.08,0.0264227642276423,NA
"docs","docs","Belief Trump Mishandled Docs","Democrat",0,154,0.15650406504065,"Change",-0.08,0.13109756097561,"No
change"
"docs","docs","Belief Trump Mishandled Docs","Democrat",1,778,0.790650406504065,"Change",-0.08,0.604674796747968,"More
likely"
"docs","docs","Belief Trump Mishandled Docs","Independent",-1,61,0.163978494623656,"Change",-0.08,0.081989247311828,"Less
likely"
"docs","docs","Belief Trump Mishandled Docs","Independent",0,155,0.416666666666667,"Change",-0.08,0.372311827956989,"No
change"
"docs","docs","Belief Trump Mishandled Docs","Independent",1,156,0.419354838709677,"Change",-0.08,0.790322580645161,"More
likely"
"general","vote","Vote Choice, General Election","Republican",-1,21,0.185840707964602,"     Change",-0.08,0.0929203539823009,"Less
likely"
"general","vote","Vote Choice, General Election","Republican",0,52,0.460176991150442,"     Change",-0.08,0.415929203539823,"No
change"
"general","vote","Vote Choice, General Election","Republican",1,40,0.353982300884956,"     Change",-0.08,0.823008849557522,"More
likely"
"general","vote","Vote Choice, General Election","Democrat",-1,609,0.643763213530655,"     Change",-0.08,0.321881606765328,NA
"general","vote","Vote Choice, General Election","Democrat",0,283,0.299154334038055,"     Change",-0.08,0.793340380549683,"No
change"
"general","vote","Vote Choice, General Election","Democrat",1,54,0.0570824524312896,"     Change",-0.08,0.971458773784355,"More
likely"
"general","vote","Vote Choice, General Election","Independent",-1,112,0.358974358974359,"     Change",-0.08,0.17948717948718,"Less
likely"
"general","vote","Vote Choice, General Election","Independent",0,140,0.448717948717949,"     Change",-0.08,0.583333333333333,"No
change"
"general","vote","Vote Choice, General Election","Independent",1,60,0.192307692307692,"     Change",-0.08,0.903846153846154,"More
likely"
"primary","vote","Vote Choice, Republican Primary","Republican",-1,131,0.145232815964523,"     Change",-0.08,0.0726164079822616,"Less
likely"
"primary","vote","Vote Choice, Republican Primary","Republican",0,380,0.421286031042129,"     Change",-0.08,0.355875831485588,"No
change"
"primary","vote","Vote Choice, Republican Primary","Republican",1,391,0.433481152993348,"     Change",-0.08,0.783259423503326,"More
likely"
"primary","vote","Vote Choice, Republican Primary","Democrat",-1,22,0.55,"     Change",-0.08,0.275,NA
"primary","vote","Vote Choice, Republican Primary","Democrat",0,12,0.3,"     Change",-0.08,0.7,"No
change"
"primary","vote","Vote Choice, Republican Primary","Democrat",1,6,0.15,"     Change",-0.08,0.925,"More
likely"
"primary","vote","Vote Choice, Republican Primary","Independent",-1,18,0.321428571428571,"     Change",-0.08,0.160714285714286,"Less
likely"
"primary","vote","Vote Choice, Republican Primary","Independent",0,26,0.464285714285714,"     Change",-0.08,0.553571428571429,"No
change"
"primary","vote","Vote Choice, Republican Primary","Independent",1,12,0.214285714285714,"     Change",-0.08,0.892857142857143,"More
likely"
"docs","docs","Belief Trump Mishandled Docs","Republican",-1,430,0.424901185770751,"Change",-0.09,0.212450592885375,"Less
likely"
"docs","docs","Belief Trump Mishandled Docs","Republican",0,436,0.430830039525692,"Change",-0.09,0.640316205533597,"No
change"
"docs","docs","Belief Trump Mishandled Docs","Republican",1,146,0.144268774703557,"Change",-0.09,0.927865612648221,"More
likely"
"docs","docs","Belief Trump Mishandled Docs","Democrat",-1,52,0.0528455284552846,"Change",-0.09,0.0264227642276423,NA
"docs","docs","Belief Trump Mishandled Docs","Democrat",0,154,0.15650406504065,"Change",-0.09,0.13109756097561,"No
change"
"docs","docs","Belief Trump Mishandled Docs","Democrat",1,778,0.790650406504065,"Change",-0.09,0.604674796747968,"More
likely"
"docs","docs","Belief Trump Mishandled Docs","Independent",-1,61,0.163978494623656,"Change",-0.09,0.081989247311828,"Less
likely"
"docs","docs","Belief Trump Mishandled Docs","Independent",0,155,0.416666666666667,"Change",-0.09,0.372311827956989,"No
change"
"docs","docs","Belief Trump Mishandled Docs","Independent",1,156,0.419354838709677,"Change",-0.09,0.790322580645161,"More
likely"
"general","vote","Vote Choice, General Election","Republican",-1,21,0.185840707964602,"     Change",-0.09,0.0929203539823009,"Less
likely"
"general","vote","Vote Choice, General Election","Republican",0,52,0.460176991150442,"     Change",-0.09,0.415929203539823,"No
change"
"general","vote","Vote Choice, General Election","Republican",1,40,0.353982300884956,"     Change",-0.09,0.823008849557522,"More
likely"
"general","vote","Vote Choice, General Election","Democrat",-1,609,0.643763213530655,"     Change",-0.09,0.321881606765328,NA
"general","vote","Vote Choice, General Election","Democrat",0,283,0.299154334038055,"     Change",-0.09,0.793340380549683,"No
change"
"general","vote","Vote Choice, General Election","Democrat",1,54,0.0570824524312896,"     Change",-0.09,0.971458773784355,"More
likely"
"general","vote","Vote Choice, General Election","Independent",-1,112,0.358974358974359,"     Change",-0.09,0.17948717948718,"Less
likely"
"general","vote","Vote Choice, General Election","Independent",0,140,0.448717948717949,"     Change",-0.09,0.583333333333333,"No
change"
"general","vote","Vote Choice, General Election","Independent",1,60,0.192307692307692,"     Change",-0.09,0.903846153846154,"More
likely"
"primary","vote","Vote Choice, Republican Primary","Republican",-1,131,0.145232815964523,"     Change",-0.09,0.0726164079822616,"Less
likely"
"primary","vote","Vote Choice, Republican Primary","Republican",0,380,0.421286031042129,"     Change",-0.09,0.355875831485588,"No
change"
"primary","vote","Vote Choice, Republican Primary","Republican",1,391,0.433481152993348,"     Change",-0.09,0.783259423503326,"More
likely"
"primary","vote","Vote Choice, Republican Primary","Democrat",-1,22,0.55,"     Change",-0.09,0.275,NA
"primary","vote","Vote Choice, Republican Primary","Democrat",0,12,0.3,"     Change",-0.09,0.7,"No
change"
"primary","vote","Vote Choice, Republican Primary","Democrat",1,6,0.15,"     Change",-0.09,0.925,"More
likely"
"primary","vote","Vote Choice, Republican Primary","Independent",-1,18,0.321428571428571,"     Change",-0.09,0.160714285714286,"Less
likely"
"primary","vote","Vote Choice, Republican Primary","Independent",0,26,0.464285714285714,"     Change",-0.09,0.553571428571429,"No
change"
"primary","vote","Vote Choice, Republican Primary","Independent",1,12,0.214285714285714,"     Change",-0.09,0.892857142857143,"More
likely"
"docs","docs","Belief Trump Mishandled Docs","Republican",-1,430,0.424901185770751,"Change",-0.1,0.212450592885375,"Less
likely"
"docs","docs","Belief Trump Mishandled Docs","Republican",0,436,0.430830039525692,"Change",-0.1,0.640316205533597,"No
change"
"docs","docs","Belief Trump Mishandled Docs","Republican",1,146,0.144268774703557,"Change",-0.1,0.927865612648221,"More
likely"
"docs","docs","Belief Trump Mishandled Docs","Democrat",-1,52,0.0528455284552846,"Change",-0.1,0.0264227642276423,NA
"docs","docs","Belief Trump Mishandled Docs","Democrat",0,154,0.15650406504065,"Change",-0.1,0.13109756097561,"No
change"
"docs","docs","Belief Trump Mishandled Docs","Democrat",1,778,0.790650406504065,"Change",-0.1,0.604674796747968,"More
likely"
"docs","docs","Belief Trump Mishandled Docs","Independent",-1,61,0.163978494623656,"Change",-0.1,0.081989247311828,"Less
likely"
"docs","docs","Belief Trump Mishandled Docs","Independent",0,155,0.416666666666667,"Change",-0.1,0.372311827956989,"No
change"
"docs","docs","Belief Trump Mishandled Docs","Independent",1,156,0.419354838709677,"Change",-0.1,0.790322580645161,"More
likely"
"general","vote","Vote Choice, General Election","Republican",-1,21,0.185840707964602,"     Change",-0.1,0.0929203539823009,"Less
likely"
"general","vote","Vote Choice, General Election","Republican",0,52,0.460176991150442,"     Change",-0.1,0.415929203539823,"No
change"
"general","vote","Vote Choice, General Election","Republican",1,40,0.353982300884956,"     Change",-0.1,0.823008849557522,"More
likely"
"general","vote","Vote Choice, General Election","Democrat",-1,609,0.643763213530655,"     Change",-0.1,0.321881606765328,NA
"general","vote","Vote Choice, General Election","Democrat",0,283,0.299154334038055,"     Change",-0.1,0.793340380549683,"No
change"
"general","vote","Vote Choice, General Election","Democrat",1,54,0.0570824524312896,"     Change",-0.1,0.971458773784355,"More
likely"
"general","vote","Vote Choice, General Election","Independent",-1,112,0.358974358974359,"     Change",-0.1,0.17948717948718,"Less
likely"
"general","vote","Vote Choice, General Election","Independent",0,140,0.448717948717949,"     Change",-0.1,0.583333333333333,"No
change"
"general","vote","Vote Choice, General Election","Independent",1,60,0.192307692307692,"     Change",-0.1,0.903846153846154,"More
likely"
"primary","vote","Vote Choice, Republican Primary","Republican",-1,131,0.145232815964523,"     Change",-0.1,0.0726164079822616,"Less
likely"
"primary","vote","Vote Choice, Republican Primary","Republican",0,380,0.421286031042129,"     Change",-0.1,0.355875831485588,"No
change"
"primary","vote","Vote Choice, Republican Primary","Republican",1,391,0.433481152993348,"     Change",-0.1,0.783259423503326,"More
likely"
"primary","vote","Vote Choice, Republican Primary","Democrat",-1,22,0.55,"     Change",-0.1,0.275,NA
"primary","vote","Vote Choice, Republican Primary","Democrat",0,12,0.3,"     Change",-0.1,0.7,"No
change"
"primary","vote","Vote Choice, Republican Primary","Democrat",1,6,0.15,"     Change",-0.1,0.925,"More
likely"
"primary","vote","Vote Choice, Republican Primary","Independent",-1,18,0.321428571428571,"     Change",-0.1,0.160714285714286,"Less
likely"
"primary","vote","Vote Choice, Republican Primary","Independent",0,26,0.464285714285714,"     Change",-0.1,0.553571428571429,"No
change"
"primary","vote","Vote Choice, Republican Primary","Independent",1,12,0.214285714285714,"     Change",-0.1,0.892857142857143,"More
likely"
"docs","docs","Belief Trump Mishandled Docs","Republican",-1,430,0.424901185770751,"Change",-0.11,0.212450592885375,"Less
likely"
"docs","docs","Belief Trump Mishandled Docs","Republican",0,436,0.430830039525692,"Change",-0.11,0.640316205533597,"No
change"
"docs","docs","Belief Trump Mishandled Docs","Republican",1,146,0.144268774703557,"Change",-0.11,0.927865612648221,"More
likely"
"docs","docs","Belief Trump Mishandled Docs","Democrat",-1,52,0.0528455284552846,"Change",-0.11,0.0264227642276423,NA
"docs","docs","Belief Trump Mishandled Docs","Democrat",0,154,0.15650406504065,"Change",-0.11,0.13109756097561,"No
change"
"docs","docs","Belief Trump Mishandled Docs","Democrat",1,778,0.790650406504065,"Change",-0.11,0.604674796747968,"More
likely"
"docs","docs","Belief Trump Mishandled Docs","Independent",-1,61,0.163978494623656,"Change",-0.11,0.081989247311828,"Less
likely"
"docs","docs","Belief Trump Mishandled Docs","Independent",0,155,0.416666666666667,"Change",-0.11,0.372311827956989,"No
change"
"docs","docs","Belief Trump Mishandled Docs","Independent",1,156,0.419354838709677,"Change",-0.11,0.790322580645161,"More
likely"
"general","vote","Vote Choice, General Election","Republican",-1,21,0.185840707964602,"     Change",-0.11,0.0929203539823009,"Less
likely"
"general","vote","Vote Choice, General Election","Republican",0,52,0.460176991150442,"     Change",-0.11,0.415929203539823,"No
change"
"general","vote","Vote Choice, General Election","Republican",1,40,0.353982300884956,"     Change",-0.11,0.823008849557522,"More
likely"
"general","vote","Vote Choice, General Election","Democrat",-1,609,0.643763213530655,"     Change",-0.11,0.321881606765328,NA
"general","vote","Vote Choice, General Election","Democrat",0,283,0.299154334038055,"     Change",-0.11,0.793340380549683,"No
change"
"general","vote","Vote Choice, General Election","Democrat",1,54,0.0570824524312896,"     Change",-0.11,0.971458773784355,"More
likely"
"general","vote","Vote Choice, General Election","Independent",-1,112,0.358974358974359,"     Change",-0.11,0.17948717948718,"Less
likely"
"general","vote","Vote Choice, General Election","Independent",0,140,0.448717948717949,"     Change",-0.11,0.583333333333333,"No
change"
"general","vote","Vote Choice, General Election","Independent",1,60,0.192307692307692,"     Change",-0.11,0.903846153846154,"More
likely"
"primary","vote","Vote Choice, Republican Primary","Republican",-1,131,0.145232815964523,"     Change",-0.11,0.0726164079822616,"Less
likely"
"primary","vote","Vote Choice, Republican Primary","Republican",0,380,0.421286031042129,"     Change",-0.11,0.355875831485588,"No
change"
"primary","vote","Vote Choice, Republican Primary","Republican",1,391,0.433481152993348,"     Change",-0.11,0.783259423503326,"More
likely"
"primary","vote","Vote Choice, Republican Primary","Democrat",-1,22,0.55,"     Change",-0.11,0.275,NA
"primary","vote","Vote Choice, Republican Primary","Democrat",0,12,0.3,"     Change",-0.11,0.7,"No
change"
"primary","vote","Vote Choice, Republican Primary","Democrat",1,6,0.15,"     Change",-0.11,0.925,"More
likely"
"primary","vote","Vote Choice, Republican Primary","Independent",-1,18,0.321428571428571,"     Change",-0.11,0.160714285714286,"Less
likely"
"primary","vote","Vote Choice, Republican Primary","Independent",0,26,0.464285714285714,"     Change",-0.11,0.553571428571429,"No
change"
"primary","vote","Vote Choice, Republican Primary","Independent",1,12,0.214285714285714,"     Change",-0.11,0.892857142857143,"More
likely"
"docs","docs","Belief Trump Mishandled Docs","Republican",-1,430,0.424901185770751,"Change",-0.12,0.212450592885375,"Less
likely"
"docs","docs","Belief Trump Mishandled Docs","Republican",0,436,0.430830039525692,"Change",-0.12,0.640316205533597,"No
change"
"docs","docs","Belief Trump Mishandled Docs","Republican",1,146,0.144268774703557,"Change",-0.12,0.927865612648221,"More
likely"
"docs","docs","Belief Trump Mishandled Docs","Democrat",-1,52,0.0528455284552846,"Change",-0.12,0.0264227642276423,NA
"docs","docs","Belief Trump Mishandled Docs","Democrat",0,154,0.15650406504065,"Change",-0.12,0.13109756097561,"No
change"
"docs","docs","Belief Trump Mishandled Docs","Democrat",1,778,0.790650406504065,"Change",-0.12,0.604674796747968,"More
likely"
"docs","docs","Belief Trump Mishandled Docs","Independent",-1,61,0.163978494623656,"Change",-0.12,0.081989247311828,"Less
likely"
"docs","docs","Belief Trump Mishandled Docs","Independent",0,155,0.416666666666667,"Change",-0.12,0.372311827956989,"No
change"
"docs","docs","Belief Trump Mishandled Docs","Independent",1,156,0.419354838709677,"Change",-0.12,0.790322580645161,"More
likely"
"general","vote","Vote Choice, General Election","Republican",-1,21,0.185840707964602,"     Change",-0.12,0.0929203539823009,"Less
likely"
"general","vote","Vote Choice, General Election","Republican",0,52,0.460176991150442,"     Change",-0.12,0.415929203539823,"No
change"
"general","vote","Vote Choice, General Election","Republican",1,40,0.353982300884956,"     Change",-0.12,0.823008849557522,"More
likely"
"general","vote","Vote Choice, General Election","Democrat",-1,609,0.643763213530655,"     Change",-0.12,0.321881606765328,NA
"general","vote","Vote Choice, General Election","Democrat",0,283,0.299154334038055,"     Change",-0.12,0.793340380549683,"No
change"
"general","vote","Vote Choice, General Election","Democrat",1,54,0.0570824524312896,"     Change",-0.12,0.971458773784355,"More
likely"
"general","vote","Vote Choice, General Election","Independent",-1,112,0.358974358974359,"     Change",-0.12,0.17948717948718,"Less
likely"
"general","vote","Vote Choice, General Election","Independent",0,140,0.448717948717949,"     Change",-0.12,0.583333333333333,"No
change"
"general","vote","Vote Choice, General Election","Independent",1,60,0.192307692307692,"     Change",-0.12,0.903846153846154,"More
likely"
"primary","vote","Vote Choice, Republican Primary","Republican",-1,131,0.145232815964523,"     Change",-0.12,0.0726164079822616,"Less
likely"
"primary","vote","Vote Choice, Republican Primary","Republican",0,380,0.421286031042129,"     Change",-0.12,0.355875831485588,"No
change"
"primary","vote","Vote Choice, Republican Primary","Republican",1,391,0.433481152993348,"     Change",-0.12,0.783259423503326,"More
likely"
"primary","vote","Vote Choice, Republican Primary","Democrat",-1,22,0.55,"     Change",-0.12,0.275,NA
"primary","vote","Vote Choice, Republican Primary","Democrat",0,12,0.3,"     Change",-0.12,0.7,"No
change"
"primary","vote","Vote Choice, Republican Primary","Democrat",1,6,0.15,"     Change",-0.12,0.925,"More
likely"
"primary","vote","Vote Choice, Republican Primary","Independent",-1,18,0.321428571428571,"     Change",-0.12,0.160714285714286,"Less
likely"
"primary","vote","Vote Choice, Republican Primary","Independent",0,26,0.464285714285714,"     Change",-0.12,0.553571428571429,"No
change"
"primary","vote","Vote Choice, Republican Primary","Independent",1,12,0.214285714285714,"     Change",-0.12,0.892857142857143,"More
likely"
"docs","docs","Belief Trump Mishandled Docs","Republican",-1,430,0.424901185770751,"Change",-0.13,0.212450592885375,"Less
likely"
"docs","docs","Belief Trump Mishandled Docs","Republican",0,436,0.430830039525692,"Change",-0.13,0.640316205533597,"No
change"
"docs","docs","Belief Trump Mishandled Docs","Republican",1,146,0.144268774703557,"Change",-0.13,0.927865612648221,"More
likely"
"docs","docs","Belief Trump Mishandled Docs","Democrat",-1,52,0.0528455284552846,"Change",-0.13,0.0264227642276423,NA
"docs","docs","Belief Trump Mishandled Docs","Democrat",0,154,0.15650406504065,"Change",-0.13,0.13109756097561,"No
change"
"docs","docs","Belief Trump Mishandled Docs","Democrat",1,778,0.790650406504065,"Change",-0.13,0.604674796747968,"More
likely"
"docs","docs","Belief Trump Mishandled Docs","Independent",-1,61,0.163978494623656,"Change",-0.13,0.081989247311828,"Less
likely"
"docs","docs","Belief Trump Mishandled Docs","Independent",0,155,0.416666666666667,"Change",-0.13,0.372311827956989,"No
change"
"docs","docs","Belief Trump Mishandled Docs","Independent",1,156,0.419354838709677,"Change",-0.13,0.790322580645161,"More
likely"
"general","vote","Vote Choice, General Election","Republican",-1,21,0.185840707964602,"     Change",-0.13,0.0929203539823009,"Less
likely"
"general","vote","Vote Choice, General Election","Republican",0,52,0.460176991150442,"     Change",-0.13,0.415929203539823,"No
change"
"general","vote","Vote Choice, General Election","Republican",1,40,0.353982300884956,"     Change",-0.13,0.823008849557522,"More
likely"
"general","vote","Vote Choice, General Election","Democrat",-1,609,0.643763213530655,"     Change",-0.13,0.321881606765328,NA
"general","vote","Vote Choice, General Election","Democrat",0,283,0.299154334038055,"     Change",-0.13,0.793340380549683,"No
change"
"general","vote","Vote Choice, General Election","Democrat",1,54,0.0570824524312896,"     Change",-0.13,0.971458773784355,"More
likely"
"general","vote","Vote Choice, General Election","Independent",-1,112,0.358974358974359,"     Change",-0.13,0.17948717948718,"Less
likely"
"general","vote","Vote Choice, General Election","Independent",0,140,0.448717948717949,"     Change",-0.13,0.583333333333333,"No
change"
"general","vote","Vote Choice, General Election","Independent",1,60,0.192307692307692,"     Change",-0.13,0.903846153846154,"More
likely"
"primary","vote","Vote Choice, Republican Primary","Republican",-1,131,0.145232815964523,"     Change",-0.13,0.0726164079822616,"Less
likely"
"primary","vote","Vote Choice, Republican Primary","Republican",0,380,0.421286031042129,"     Change",-0.13,0.355875831485588,"No
change"
"primary","vote","Vote Choice, Republican Primary","Republican",1,391,0.433481152993348,"     Change",-0.13,0.783259423503326,"More
likely"
"primary","vote","Vote Choice, Republican Primary","Democrat",-1,22,0.55,"     Change",-0.13,0.275,NA
"primary","vote","Vote Choice, Republican Primary","Democrat",0,12,0.3,"     Change",-0.13,0.7,"No
change"
"primary","vote","Vote Choice, Republican Primary","Democrat",1,6,0.15,"     Change",-0.13,0.925,"More
likely"
"primary","vote","Vote Choice, Republican Primary","Independent",-1,18,0.321428571428571,"     Change",-0.13,0.160714285714286,"Less
likely"
"primary","vote","Vote Choice, Republican Primary","Independent",0,26,0.464285714285714,"     Change",-0.13,0.553571428571429,"No
change"
"primary","vote","Vote Choice, Republican Primary","Independent",1,12,0.214285714285714,"     Change",-0.13,0.892857142857143,"More
likely"
"docs","docs","Belief Trump Mishandled Docs","Republican",-1,430,0.424901185770751,"Change",-0.14,0.212450592885375,"Less
likely"
"docs","docs","Belief Trump Mishandled Docs","Republican",0,436,0.430830039525692,"Change",-0.14,0.640316205533597,"No
change"
"docs","docs","Belief Trump Mishandled Docs","Republican",1,146,0.144268774703557,"Change",-0.14,0.927865612648221,"More
likely"
"docs","docs","Belief Trump Mishandled Docs","Democrat",-1,52,0.0528455284552846,"Change",-0.14,0.0264227642276423,NA
"docs","docs","Belief Trump Mishandled Docs","Democrat",0,154,0.15650406504065,"Change",-0.14,0.13109756097561,"No
change"
"docs","docs","Belief Trump Mishandled Docs","Democrat",1,778,0.790650406504065,"Change",-0.14,0.604674796747968,"More
likely"
"docs","docs","Belief Trump Mishandled Docs","Independent",-1,61,0.163978494623656,"Change",-0.14,0.081989247311828,"Less
likely"
"docs","docs","Belief Trump Mishandled Docs","Independent",0,155,0.416666666666667,"Change",-0.14,0.372311827956989,"No
change"
"docs","docs","Belief Trump Mishandled Docs","Independent",1,156,0.419354838709677,"Change",-0.14,0.790322580645161,"More
likely"
"general","vote","Vote Choice, General Election","Republican",-1,21,0.185840707964602,"     Change",-0.14,0.0929203539823009,"Less
likely"
"general","vote","Vote Choice, General Election","Republican",0,52,0.460176991150442,"     Change",-0.14,0.415929203539823,"No
change"
"general","vote","Vote Choice, General Election","Republican",1,40,0.353982300884956,"     Change",-0.14,0.823008849557522,"More
likely"
"general","vote","Vote Choice, General Election","Democrat",-1,609,0.643763213530655,"     Change",-0.14,0.321881606765328,NA
"general","vote","Vote Choice, General Election","Democrat",0,283,0.299154334038055,"     Change",-0.14,0.793340380549683,"No
change"
"general","vote","Vote Choice, General Election","Democrat",1,54,0.0570824524312896,"     Change",-0.14,0.971458773784355,"More
likely"
"general","vote","Vote Choice, General Election","Independent",-1,112,0.358974358974359,"     Change",-0.14,0.17948717948718,"Less
likely"
"general","vote","Vote Choice, General Election","Independent",0,140,0.448717948717949,"     Change",-0.14,0.583333333333333,"No
change"
"general","vote","Vote Choice, General Election","Independent",1,60,0.192307692307692,"     Change",-0.14,0.903846153846154,"More
likely"
"primary","vote","Vote Choice, Republican Primary","Republican",-1,131,0.145232815964523,"     Change",-0.14,0.0726164079822616,"Less
likely"
"primary","vote","Vote Choice, Republican Primary","Republican",0,380,0.421286031042129,"     Change",-0.14,0.355875831485588,"No
change"
"primary","vote","Vote Choice, Republican Primary","Republican",1,391,0.433481152993348,"     Change",-0.14,0.783259423503326,"More
likely"
"primary","vote","Vote Choice, Republican Primary","Democrat",-1,22,0.55,"     Change",-0.14,0.275,NA
"primary","vote","Vote Choice, Republican Primary","Democrat",0,12,0.3,"     Change",-0.14,0.7,"No
change"
"primary","vote","Vote Choice, Republican Primary","Democrat",1,6,0.15,"     Change",-0.14,0.925,"More
likely"
"primary","vote","Vote Choice, Republican Primary","Independent",-1,18,0.321428571428571,"     Change",-0.14,0.160714285714286,"Less
likely"
"primary","vote","Vote Choice, Republican Primary","Independent",0,26,0.464285714285714,"     Change",-0.14,0.553571428571429,"No
change"
"primary","vote","Vote Choice, Republican Primary","Independent",1,12,0.214285714285714,"     Change",-0.14,0.892857142857143,"More
likely"
"docs","docs","Belief Trump Mishandled Docs","Republican",-1,430,0.424901185770751,"Change",-0.15,0.212450592885375,"Less
likely"
"docs","docs","Belief Trump Mishandled Docs","Republican",0,436,0.430830039525692,"Change",-0.15,0.640316205533597,"No
change"
"docs","docs","Belief Trump Mishandled Docs","Republican",1,146,0.144268774703557,"Change",-0.15,0.927865612648221,"More
likely"
"docs","docs","Belief Trump Mishandled Docs","Democrat",-1,52,0.0528455284552846,"Change",-0.15,0.0264227642276423,NA
"docs","docs","Belief Trump Mishandled Docs","Democrat",0,154,0.15650406504065,"Change",-0.15,0.13109756097561,"No
change"
"docs","docs","Belief Trump Mishandled Docs","Democrat",1,778,0.790650406504065,"Change",-0.15,0.604674796747968,"More
likely"
"docs","docs","Belief Trump Mishandled Docs","Independent",-1,61,0.163978494623656,"Change",-0.15,0.081989247311828,"Less
likely"
"docs","docs","Belief Trump Mishandled Docs","Independent",0,155,0.416666666666667,"Change",-0.15,0.372311827956989,"No
change"
"docs","docs","Belief Trump Mishandled Docs","Independent",1,156,0.419354838709677,"Change",-0.15,0.790322580645161,"More
likely"
"general","vote","Vote Choice, General Election","Republican",-1,21,0.185840707964602,"     Change",-0.15,0.0929203539823009,"Less
likely"
"general","vote","Vote Choice, General Election","Republican",0,52,0.460176991150442,"     Change",-0.15,0.415929203539823,"No
change"
"general","vote","Vote Choice, General Election","Republican",1,40,0.353982300884956,"     Change",-0.15,0.823008849557522,"More
likely"
"general","vote","Vote Choice, General Election","Democrat",-1,609,0.643763213530655,"     Change",-0.15,0.321881606765328,NA
"general","vote","Vote Choice, General Election","Democrat",0,283,0.299154334038055,"     Change",-0.15,0.793340380549683,"No
change"
"general","vote","Vote Choice, General Election","Democrat",1,54,0.0570824524312896,"     Change",-0.15,0.971458773784355,"More
likely"
"general","vote","Vote Choice, General Election","Independent",-1,112,0.358974358974359,"     Change",-0.15,0.17948717948718,"Less
likely"
"general","vote","Vote Choice, General Election","Independent",0,140,0.448717948717949,"     Change",-0.15,0.583333333333333,"No
change"
"general","vote","Vote Choice, General Election","Independent",1,60,0.192307692307692,"     Change",-0.15,0.903846153846154,"More
likely"
"primary","vote","Vote Choice, Republican Primary","Republican",-1,131,0.145232815964523,"     Change",-0.15,0.0726164079822616,"Less
likely"
"primary","vote","Vote Choice, Republican Primary","Republican",0,380,0.421286031042129,"     Change",-0.15,0.355875831485588,"No
change"
"primary","vote","Vote Choice, Republican Primary","Republican",1,391,0.433481152993348,"     Change",-0.15,0.783259423503326,"More
likely"
"primary","vote","Vote Choice, Republican Primary","Democrat",-1,22,0.55,"     Change",-0.15,0.275,NA
"primary","vote","Vote Choice, Republican Primary","Democrat",0,12,0.3,"     Change",-0.15,0.7,"No
change"
"primary","vote","Vote Choice, Republican Primary","Democrat",1,6,0.15,"     Change",-0.15,0.925,"More
likely"
"primary","vote","Vote Choice, Republican Primary","Independent",-1,18,0.321428571428571,"     Change",-0.15,0.160714285714286,"Less
likely"
"primary","vote","Vote Choice, Republican Primary","Independent",0,26,0.464285714285714,"     Change",-0.15,0.553571428571429,"No
change"
"primary","vote","Vote Choice, Republican Primary","Independent",1,12,0.214285714285714,"     Change",-0.15,0.892857142857143,"More
likely"
"docs","docs","Belief Trump Mishandled Docs","Republican",-1,430,0.424901185770751,"Change",-0.16,0.212450592885375,"Less
likely"
"docs","docs","Belief Trump Mishandled Docs","Republican",0,436,0.430830039525692,"Change",-0.16,0.640316205533597,"No
change"
"docs","docs","Belief Trump Mishandled Docs","Republican",1,146,0.144268774703557,"Change",-0.16,0.927865612648221,"More
likely"
"docs","docs","Belief Trump Mishandled Docs","Democrat",-1,52,0.0528455284552846,"Change",-0.16,0.0264227642276423,NA
"docs","docs","Belief Trump Mishandled Docs","Democrat",0,154,0.15650406504065,"Change",-0.16,0.13109756097561,"No
change"
"docs","docs","Belief Trump Mishandled Docs","Democrat",1,778,0.790650406504065,"Change",-0.16,0.604674796747968,"More
likely"
"docs","docs","Belief Trump Mishandled Docs","Independent",-1,61,0.163978494623656,"Change",-0.16,0.081989247311828,"Less
likely"
"docs","docs","Belief Trump Mishandled Docs","Independent",0,155,0.416666666666667,"Change",-0.16,0.372311827956989,"No
change"
"docs","docs","Belief Trump Mishandled Docs","Independent",1,156,0.419354838709677,"Change",-0.16,0.790322580645161,"More
likely"
"general","vote","Vote Choice, General Election","Republican",-1,21,0.185840707964602,"     Change",-0.16,0.0929203539823009,"Less
likely"
"general","vote","Vote Choice, General Election","Republican",0,52,0.460176991150442,"     Change",-0.16,0.415929203539823,"No
change"
"general","vote","Vote Choice, General Election","Republican",1,40,0.353982300884956,"     Change",-0.16,0.823008849557522,"More
likely"
"general","vote","Vote Choice, General Election","Democrat",-1,609,0.643763213530655,"     Change",-0.16,0.321881606765328,NA
"general","vote","Vote Choice, General Election","Democrat",0,283,0.299154334038055,"     Change",-0.16,0.793340380549683,"No
change"
"general","vote","Vote Choice, General Election","Democrat",1,54,0.0570824524312896,"     Change",-0.16,0.971458773784355,"More
likely"
"general","vote","Vote Choice, General Election","Independent",-1,112,0.358974358974359,"     Change",-0.16,0.17948717948718,"Less
likely"
"general","vote","Vote Choice, General Election","Independent",0,140,0.448717948717949,"     Change",-0.16,0.583333333333333,"No
change"
"general","vote","Vote Choice, General Election","Independent",1,60,0.192307692307692,"     Change",-0.16,0.903846153846154,"More
likely"
"primary","vote","Vote Choice, Republican Primary","Republican",-1,131,0.145232815964523,"     Change",-0.16,0.0726164079822616,"Less
likely"
"primary","vote","Vote Choice, Republican Primary","Republican",0,380,0.421286031042129,"     Change",-0.16,0.355875831485588,"No
change"
"primary","vote","Vote Choice, Republican Primary","Republican",1,391,0.433481152993348,"     Change",-0.16,0.783259423503326,"More
likely"
"primary","vote","Vote Choice, Republican Primary","Democrat",-1,22,0.55,"     Change",-0.16,0.275,NA
"primary","vote","Vote Choice, Republican Primary","Democrat",0,12,0.3,"     Change",-0.16,0.7,"No
change"
"primary","vote","Vote Choice, Republican Primary","Democrat",1,6,0.15,"     Change",-0.16,0.925,"More
likely"
"primary","vote","Vote Choice, Republican Primary","Independent",-1,18,0.321428571428571,"     Change",-0.16,0.160714285714286,"Less
likely"
"primary","vote","Vote Choice, Republican Primary","Independent",0,26,0.464285714285714,"     Change",-0.16,0.553571428571429,"No
change"
"primary","vote","Vote Choice, Republican Primary","Independent",1,12,0.214285714285714,"     Change",-0.16,0.892857142857143,"More
likely"
"docs","docs","Belief Trump Mishandled Docs","Republican",-1,137,0.149237472766885,"Counterfactual",0,0.0746187363834423,"Less
likely"
"docs","docs","Belief Trump Mishandled Docs","Republican",0,487,0.530501089324619,"Counterfactual",0,0.414488017429194,"No
change"
"docs","docs","Belief Trump Mishandled Docs","Republican",1,294,0.320261437908497,"Counterfactual",0,0.839869281045752,"More
likely"
"docs","docs","Belief Trump Mishandled Docs","Democrat",-1,115,0.123922413793103,"Counterfactual",0,0.0619612068965517,NA
"docs","docs","Belief Trump Mishandled Docs","Democrat",0,490,0.52801724137931,"Counterfactual",0,0.387931034482759,"No
change"
"docs","docs","Belief Trump Mishandled Docs","Democrat",1,323,0.348060344827586,"Counterfactual",0,0.825969827586207,"More
likely"
"docs","docs","Belief Trump Mishandled Docs","Independent",-1,60,0.169971671388102,"Counterfactual",0,0.084985835694051,"Less
likely"
"docs","docs","Belief Trump Mishandled Docs","Independent",0,179,0.507082152974504,"Counterfactual",0,0.423512747875354,"No
change"
"docs","docs","Belief Trump Mishandled Docs","Independent",1,114,0.322946175637394,"Counterfactual",0,0.838526912181303,"More
likely"
"general","vote","Vote Choice, General Election","Republican",-1,18,0.18,"Counterfactual",0,0.09,"Less
likely"
"general","vote","Vote Choice, General Election","Republican",0,59,0.59,"Counterfactual",0,0.475,"No
change"
"general","vote","Vote Choice, General Election","Republican",1,23,0.23,"Counterfactual",0,0.885,"More
likely"
"general","vote","Vote Choice, General Election","Democrat",-1,105,0.131909547738693,"Counterfactual",0,0.0659547738693467,NA
"general","vote","Vote Choice, General Election","Democrat",0,609,0.765075376884422,"Counterfactual",0,0.514447236180904,"No
change"
"general","vote","Vote Choice, General Election","Democrat",1,82,0.103015075376884,"Counterfactual",0,0.948492462311558,"More
likely"
"general","vote","Vote Choice, General Election","Independent",-1,45,0.170454545454545,"Counterfactual",0,0.0852272727272727,"Less
likely"
"general","vote","Vote Choice, General Election","Independent",0,165,0.625,"Counterfactual",0,0.482954545454545,"No
change"
"general","vote","Vote Choice, General Election","Independent",1,54,0.204545454545455,"Counterfactual",0,0.897727272727273,"More
likely"
"primary","vote","Vote Choice, Republican Primary","Republican",-1,160,0.186046511627907,"Counterfactual",0,0.0930232558139535,"Less
likely"
"primary","vote","Vote Choice, Republican Primary","Republican",0,596,0.693023255813954,"Counterfactual",0,0.532558139534884,"No
change"
"primary","vote","Vote Choice, Republican Primary","Republican",1,104,0.12093023255814,"Counterfactual",0,0.93953488372093,"More
likely"
"primary","vote","Vote Choice, Republican Primary","Democrat",-1,4,0.0930232558139535,"Counterfactual",0,0.0465116279069767,NA
"primary","vote","Vote Choice, Republican Primary","Democrat",0,32,0.744186046511628,"Counterfactual",0,0.465116279069767,"No
change"
"primary","vote","Vote Choice, Republican Primary","Democrat",1,7,0.162790697674419,"Counterfactual",0,0.918604651162791,"More
likely"
"primary","vote","Vote Choice, Republican Primary","Independent",-1,9,0.15,"Counterfactual",0,0.075,"Less
likely"
"primary","vote","Vote Choice, Republican Primary","Independent",0,46,0.766666666666667,"Counterfactual",0,0.533333333333333,"No
change"
"primary","vote","Vote Choice, Republican Primary","Independent",1,5,0.0833333333333333,"Counterfactual",0,0.958333333333333,"More
likely"
"docs","docs","Belief Trump Mishandled Docs","Republican",-1,133,0.144880174291939,"Counterfactual",0.01,0.0724400871459695,"Less
likely"
"docs","docs","Belief Trump Mishandled Docs","Republican",0,498,0.542483660130719,"Counterfactual",0.01,0.416122004357298,"No
change"
"docs","docs","Belief Trump Mishandled Docs","Republican",1,287,0.312636165577342,"Counterfactual",0.01,0.843681917211329,"More
likely"
"docs","docs","Belief Trump Mishandled Docs","Democrat",-1,114,0.122844827586207,"Counterfactual",0.01,0.0614224137931034,NA
"docs","docs","Belief Trump Mishandled Docs","Democrat",0,491,0.529094827586207,"Counterfactual",0.01,0.38739224137931,"No
change"
"docs","docs","Belief Trump Mishandled Docs","Democrat",1,323,0.348060344827586,"Counterfactual",0.01,0.825969827586207,"More
likely"
"docs","docs","Belief Trump Mishandled Docs","Independent",-1,60,0.169971671388102,"Counterfactual",0.01,0.084985835694051,"Less
likely"
"docs","docs","Belief Trump Mishandled Docs","Independent",0,183,0.518413597733711,"Counterfactual",0.01,0.429178470254958,"No
change"
"docs","docs","Belief Trump Mishandled Docs","Independent",1,110,0.311614730878187,"Counterfactual",0.01,0.844192634560907,"More
likely"
"general","vote","Vote Choice, General Election","Republican",-1,18,0.18,"Counterfactual",0.01,0.09,"Less
likely"
"general","vote","Vote Choice, General Election","Republican",0,59,0.59,"Counterfactual",0.01,0.475,"No
change"
"general","vote","Vote Choice, General Election","Republican",1,23,0.23,"Counterfactual",0.01,0.885,"More
likely"
"general","vote","Vote Choice, General Election","Democrat",-1,101,0.126884422110553,"Counterfactual",0.01,0.0634422110552764,NA
"general","vote","Vote Choice, General Election","Democrat",0,614,0.771356783919598,"Counterfactual",0.01,0.512562814070352,"No
change"
"general","vote","Vote Choice, General Election","Democrat",1,81,0.101758793969849,"Counterfactual",0.01,0.949120603015075,"More
likely"
"general","vote","Vote Choice, General Election","Independent",-1,43,0.162878787878788,"Counterfactual",0.01,0.0814393939393939,"Less
likely"
"general","vote","Vote Choice, General Election","Independent",0,169,0.640151515151515,"Counterfactual",0.01,0.482954545454545,"No
change"
"general","vote","Vote Choice, General Election","Independent",1,52,0.196969696969697,"Counterfactual",0.01,0.901515151515151,"More
likely"
"primary","vote","Vote Choice, Republican Primary","Republican",-1,157,0.182558139534884,"Counterfactual",0.01,0.0912790697674419,"Less
likely"
"primary","vote","Vote Choice, Republican Primary","Republican",0,603,0.701162790697674,"Counterfactual",0.01,0.533139534883721,"No
change"
"primary","vote","Vote Choice, Republican Primary","Republican",1,100,0.116279069767442,"Counterfactual",0.01,0.941860465116279,"More
likely"
"primary","vote","Vote Choice, Republican Primary","Democrat",-1,4,0.0930232558139535,"Counterfactual",0.01,0.0465116279069767,NA
"primary","vote","Vote Choice, Republican Primary","Democrat",0,32,0.744186046511628,"Counterfactual",0.01,0.465116279069767,"No
change"
"primary","vote","Vote Choice, Republican Primary","Democrat",1,7,0.162790697674419,"Counterfactual",0.01,0.918604651162791,"More
likely"
"primary","vote","Vote Choice, Republican Primary","Independent",-1,9,0.15,"Counterfactual",0.01,0.075,"Less
likely"
"primary","vote","Vote Choice, Republican Primary","Independent",0,46,0.766666666666667,"Counterfactual",0.01,0.533333333333333,"No
change"
"primary","vote","Vote Choice, Republican Primary","Independent",1,5,0.0833333333333333,"Counterfactual",0.01,0.958333333333333,"More
likely"
"docs","docs","Belief Trump Mishandled Docs","Republican",-1,101,0.110021786492375,"Counterfactual",0.02,0.0550108932461874,"Less
likely"
"docs","docs","Belief Trump Mishandled Docs","Republican",0,579,0.630718954248366,"Counterfactual",0.02,0.425381263616558,"No
change"
"docs","docs","Belief Trump Mishandled Docs","Republican",1,238,0.259259259259259,"Counterfactual",0.02,0.87037037037037,"More
likely"
"docs","docs","Belief Trump Mishandled Docs","Democrat",-1,76,0.0818965517241379,"Counterfactual",0.02,0.040948275862069,NA
"docs","docs","Belief Trump Mishandled Docs","Democrat",0,578,0.622844827586207,"Counterfactual",0.02,0.393318965517241,"No
change"
"docs","docs","Belief Trump Mishandled Docs","Democrat",1,274,0.295258620689655,"Counterfactual",0.02,0.852370689655172,"More
likely"
"docs","docs","Belief Trump Mishandled Docs","Independent",-1,46,0.130311614730878,"Counterfactual",0.02,0.0651558073654391,"Less
likely"
"docs","docs","Belief Trump Mishandled Docs","Independent",0,212,0.60056657223796,"Counterfactual",0.02,0.430594900849858,"No
change"
"docs","docs","Belief Trump Mishandled Docs","Independent",1,95,0.269121813031161,"Counterfactual",0.02,0.865439093484419,"More
likely"
"general","vote","Vote Choice, General Election","Republican",-1,17,0.17,"Counterfactual",0.02,0.085,"Less
likely"
"general","vote","Vote Choice, General Election","Republican",0,65,0.65,"Counterfactual",0.02,0.495,"No
change"
"general","vote","Vote Choice, General Election","Republican",1,18,0.18,"Counterfactual",0.02,0.91,"More
likely"
"general","vote","Vote Choice, General Election","Democrat",-1,63,0.0791457286432161,"Counterfactual",0.02,0.039572864321608,NA
"general","vote","Vote Choice, General Election","Democrat",0,690,0.866834170854271,"Counterfactual",0.02,0.512562814070352,"No
change"
"general","vote","Vote Choice, General Election","Democrat",1,43,0.0540201005025126,"Counterfactual",0.02,0.972989949748744,"More
likely"
"general","vote","Vote Choice, General Election","Independent",-1,30,0.113636363636364,"Counterfactual",0.02,0.0568181818181818,"Less
likely"
"general","vote","Vote Choice, General Election","Independent",0,196,0.742424242424242,"Counterfactual",0.02,0.484848484848485,"No
change"
"general","vote","Vote Choice, General Election","Independent",1,38,0.143939393939394,"Counterfactual",0.02,0.928030303030303,"More
likely"
"primary","vote","Vote Choice, Republican Primary","Republican",-1,111,0.12906976744186,"Counterfactual",0.02,0.0645348837209302,"Less
likely"
"primary","vote","Vote Choice, Republican Primary","Republican",0,674,0.783720930232558,"Counterfactual",0.02,0.52093023255814,"No
change"
"primary","vote","Vote Choice, Republican Primary","Republican",1,75,0.0872093023255814,"Counterfactual",0.02,0.956395348837209,"More
likely"
"primary","vote","Vote Choice, Republican Primary","Democrat",-1,3,0.0697674418604651,"Counterfactual",0.02,0.0348837209302326,NA
"primary","vote","Vote Choice, Republican Primary","Democrat",0,35,0.813953488372093,"Counterfactual",0.02,0.476744186046512,"No
change"
"primary","vote","Vote Choice, Republican Primary","Democrat",1,5,0.116279069767442,"Counterfactual",0.02,0.941860465116279,"More
likely"
"primary","vote","Vote Choice, Republican Primary","Independent",-1,6,0.1,"Counterfactual",0.02,0.05,"Less
likely"
"primary","vote","Vote Choice, Republican Primary","Independent",0,49,0.816666666666667,"Counterfactual",0.02,0.508333333333333,"No
change"
"primary","vote","Vote Choice, Republican Primary","Independent",1,5,0.0833333333333333,"Counterfactual",0.02,0.958333333333333,"More
likely"
"docs","docs","Belief Trump Mishandled Docs","Republican",-1,89,0.0969498910675381,"Counterfactual",0.03,0.0484749455337691,"Less
likely"
"docs","docs","Belief Trump Mishandled Docs","Republican",0,614,0.668845315904139,"Counterfactual",0.03,0.431372549019608,"No
change"
"docs","docs","Belief Trump Mishandled Docs","Republican",1,215,0.234204793028322,"Counterfactual",0.03,0.882897603485839,"More
likely"
"docs","docs","Belief Trump Mishandled Docs","Democrat",-1,64,0.0689655172413793,"Counterfactual",0.03,0.0344827586206897,NA
"docs","docs","Belief Trump Mishandled Docs","Democrat",0,613,0.660560344827586,"Counterfactual",0.03,0.399245689655172,"No
change"
"docs","docs","Belief Trump Mishandled Docs","Democrat",1,251,0.270474137931034,"Counterfactual",0.03,0.864762931034483,"More
likely"
"docs","docs","Belief Trump Mishandled Docs","Independent",-1,40,0.113314447592068,"Counterfactual",0.03,0.056657223796034,"Less
likely"
"docs","docs","Belief Trump Mishandled Docs","Independent",0,225,0.637393767705382,"Counterfactual",0.03,0.432011331444759,"No
change"
"docs","docs","Belief Trump Mishandled Docs","Independent",1,88,0.24929178470255,"Counterfactual",0.03,0.875354107648725,"More
likely"
"general","vote","Vote Choice, General Election","Republican",-1,13,0.13,"Counterfactual",0.03,0.065,"Less
likely"
"general","vote","Vote Choice, General Election","Republican",0,71,0.71,"Counterfactual",0.03,0.485,"No
change"
"general","vote","Vote Choice, General Election","Republican",1,16,0.16,"Counterfactual",0.03,0.92,"More
likely"
"general","vote","Vote Choice, General Election","Democrat",-1,48,0.0603015075376884,"Counterfactual",0.03,0.0301507537688442,NA
"general","vote","Vote Choice, General Election","Democrat",0,719,0.903266331658292,"Counterfactual",0.03,0.511934673366834,"No
change"
"general","vote","Vote Choice, General Election","Democrat",1,29,0.0364321608040201,"Counterfactual",0.03,0.98178391959799,"More
likely"
"general","vote","Vote Choice, General Election","Independent",-1,24,0.0909090909090909,"Counterfactual",0.03,0.0454545454545455,"Less
likely"
"general","vote","Vote Choice, General Election","Independent",0,204,0.772727272727273,"Counterfactual",0.03,0.477272727272727,"No
change"
"general","vote","Vote Choice, General Election","Independent",1,36,0.136363636363636,"Counterfactual",0.03,0.931818181818182,"More
likely"
"primary","vote","Vote Choice, Republican Primary","Republican",-1,97,0.112790697674419,"Counterfactual",0.03,0.0563953488372093,"Less
likely"
"primary","vote","Vote Choice, Republican Primary","Republican",0,704,0.818604651162791,"Counterfactual",0.03,0.522093023255814,"No
change"
"primary","vote","Vote Choice, Republican Primary","Republican",1,59,0.0686046511627907,"Counterfactual",0.03,0.965697674418605,"More
likely"
"primary","vote","Vote Choice, Republican Primary","Democrat",-1,3,0.0697674418604651,"Counterfactual",0.03,0.0348837209302326,NA
"primary","vote","Vote Choice, Republican Primary","Democrat",0,37,0.86046511627907,"Counterfactual",0.03,0.5,"No
change"
"primary","vote","Vote Choice, Republican Primary","Democrat",1,3,0.0697674418604651,"Counterfactual",0.03,0.965116279069767,"More
likely"
"primary","vote","Vote Choice, Republican Primary","Independent",-1,5,0.0833333333333333,"Counterfactual",0.03,0.0416666666666667,"Less
likely"
"primary","vote","Vote Choice, Republican Primary","Independent",0,50,0.833333333333333,"Counterfactual",0.03,0.5,"No
change"
"primary","vote","Vote Choice, Republican Primary","Independent",1,5,0.0833333333333333,"Counterfactual",0.03,0.958333333333333,"More
likely"
"docs","docs","Belief Trump Mishandled Docs","Republican",-1,79,0.0860566448801743,"Counterfactual",0.04,0.0430283224400871,"Less
likely"
"docs","docs","Belief Trump Mishandled Docs","Republican",0,640,0.697167755991285,"Counterfactual",0.04,0.434640522875817,"No
change"
"docs","docs","Belief Trump Mishandled Docs","Republican",1,199,0.21677559912854,"Counterfactual",0.04,0.89161220043573,"More
likely"
"docs","docs","Belief Trump Mishandled Docs","Democrat",-1,51,0.0549568965517241,"Counterfactual",0.04,0.0274784482758621,NA
"docs","docs","Belief Trump Mishandled Docs","Democrat",0,635,0.68426724137931,"Counterfactual",0.04,0.397090517241379,"No
change"
"docs","docs","Belief Trump Mishandled Docs","Democrat",1,242,0.260775862068966,"Counterfactual",0.04,0.869612068965517,"More
likely"
"docs","docs","Belief Trump Mishandled Docs","Independent",-1,35,0.0991501416430595,"Counterfactual",0.04,0.0495750708215297,"Less
likely"
"docs","docs","Belief Trump Mishandled Docs","Independent",0,242,0.685552407932011,"Counterfactual",0.04,0.441926345609065,"No
change"
"docs","docs","Belief Trump Mishandled Docs","Independent",1,76,0.215297450424929,"Counterfactual",0.04,0.892351274787535,"More
likely"
"general","vote","Vote Choice, General Election","Republican",-1,13,0.13,"Counterfactual",0.04,0.065,"Less
likely"
"general","vote","Vote Choice, General Election","Republican",0,71,0.71,"Counterfactual",0.04,0.485,"No
change"
"general","vote","Vote Choice, General Election","Republican",1,16,0.16,"Counterfactual",0.04,0.92,"More
likely"
"general","vote","Vote Choice, General Election","Democrat",-1,35,0.0439698492462312,"Counterfactual",0.04,0.0219849246231156,NA
"general","vote","Vote Choice, General Election","Democrat",0,734,0.922110552763819,"Counterfactual",0.04,0.505025125628141,"No
change"
"general","vote","Vote Choice, General Election","Democrat",1,27,0.0339195979899497,"Counterfactual",0.04,0.983040201005025,"More
likely"
"general","vote","Vote Choice, General Election","Independent",-1,24,0.0909090909090909,"Counterfactual",0.04,0.0454545454545455,"Less
likely"
"general","vote","Vote Choice, General Election","Independent",0,212,0.803030303030303,"Counterfactual",0.04,0.492424242424242,"No
change"
"general","vote","Vote Choice, General Election","Independent",1,28,0.106060606060606,"Counterfactual",0.04,0.946969696969697,"More
likely"
"primary","vote","Vote Choice, Republican Primary","Republican",-1,84,0.0976744186046512,"Counterfactual",0.04,0.0488372093023256,"Less
likely"
"primary","vote","Vote Choice, Republican Primary","Republican",0,730,0.848837209302326,"Counterfactual",0.04,0.522093023255814,"No
change"
"primary","vote","Vote Choice, Republican Primary","Republican",1,46,0.0534883720930233,"Counterfactual",0.04,0.973255813953488,"More
likely"
"primary","vote","Vote Choice, Republican Primary","Democrat",-1,2,0.0465116279069767,"Counterfactual",0.04,0.0232558139534884,NA
"primary","vote","Vote Choice, Republican Primary","Democrat",0,38,0.883720930232558,"Counterfactual",0.04,0.488372093023256,"No
change"
"primary","vote","Vote Choice, Republican Primary","Democrat",1,3,0.0697674418604651,"Counterfactual",0.04,0.965116279069767,"More
likely"
"primary","vote","Vote Choice, Republican Primary","Independent",-1,4,0.0666666666666667,"Counterfactual",0.04,0.0333333333333333,"Less
likely"
"primary","vote","Vote Choice, Republican Primary","Independent",0,53,0.883333333333333,"Counterfactual",0.04,0.508333333333333,"No
change"
"primary","vote","Vote Choice, Republican Primary","Independent",1,3,0.05,"Counterfactual",0.04,0.975,"More
likely"
"docs","docs","Belief Trump Mishandled Docs","Republican",-1,67,0.0729847494553377,"Counterfactual",0.05,0.0364923747276688,"Less
likely"
"docs","docs","Belief Trump Mishandled Docs","Republican",0,666,0.725490196078431,"Counterfactual",0.05,0.435729847494553,"No
change"
"docs","docs","Belief Trump Mishandled Docs","Republican",1,185,0.201525054466231,"Counterfactual",0.05,0.899237472766885,"More
likely"
"docs","docs","Belief Trump Mishandled Docs","Democrat",-1,44,0.0474137931034483,"Counterfactual",0.05,0.0237068965517241,NA
"docs","docs","Belief Trump Mishandled Docs","Democrat",0,653,0.703663793103448,"Counterfactual",0.05,0.399245689655172,"No
change"
"docs","docs","Belief Trump Mishandled Docs","Democrat",1,231,0.248922413793103,"Counterfactual",0.05,0.875538793103448,"More
likely"
"docs","docs","Belief Trump Mishandled Docs","Independent",-1,31,0.0878186968838527,"Counterfactual",0.05,0.0439093484419263,"Less
likely"
"docs","docs","Belief Trump Mishandled Docs","Independent",0,248,0.702549575070821,"Counterfactual",0.05,0.439093484419263,"No
change"
"docs","docs","Belief Trump Mishandled Docs","Independent",1,74,0.209631728045326,"Counterfactual",0.05,0.895184135977337,"More
likely"
"general","vote","Vote Choice, General Election","Republican",-1,11,0.11,"Counterfactual",0.05,0.055,"Less
likely"
"general","vote","Vote Choice, General Election","Republican",0,74,0.74,"Counterfactual",0.05,0.48,"No
change"
"general","vote","Vote Choice, General Election","Republican",1,15,0.15,"Counterfactual",0.05,0.925,"More
likely"
"general","vote","Vote Choice, General Election","Democrat",-1,32,0.0402010050251256,"Counterfactual",0.05,0.0201005025125628,NA
"general","vote","Vote Choice, General Election","Democrat",0,742,0.9321608040201,"Counterfactual",0.05,0.506281407035176,"No
change"
"general","vote","Vote Choice, General Election","Democrat",1,22,0.0276381909547739,"Counterfactual",0.05,0.986180904522613,"More
likely"
"general","vote","Vote Choice, General Election","Independent",-1,21,0.0795454545454545,"Counterfactual",0.05,0.0397727272727273,"Less
likely"
"general","vote","Vote Choice, General Election","Independent",0,219,0.829545454545455,"Counterfactual",0.05,0.494318181818182,"No
change"
"general","vote","Vote Choice, General Election","Independent",1,24,0.0909090909090909,"Counterfactual",0.05,0.954545454545455,"More
likely"
"primary","vote","Vote Choice, Republican Primary","Republican",-1,72,0.0837209302325581,"Counterfactual",0.05,0.0418604651162791,"Less
likely"
"primary","vote","Vote Choice, Republican Primary","Republican",0,748,0.869767441860465,"Counterfactual",0.05,0.518604651162791,"No
change"
"primary","vote","Vote Choice, Republican Primary","Republican",1,40,0.0465116279069767,"Counterfactual",0.05,0.976744186046511,"More
likely"
"primary","vote","Vote Choice, Republican Primary","Democrat",-1,2,0.0465116279069767,"Counterfactual",0.05,0.0232558139534884,NA
"primary","vote","Vote Choice, Republican Primary","Democrat",0,39,0.906976744186046,"Counterfactual",0.05,0.5,"No
change"
"primary","vote","Vote Choice, Republican Primary","Democrat",1,2,0.0465116279069767,"Counterfactual",0.05,0.976744186046511,"More
likely"
"primary","vote","Vote Choice, Republican Primary","Independent",-1,3,0.05,"Counterfactual",0.05,0.025,"Less
likely"
"primary","vote","Vote Choice, Republican Primary","Independent",0,55,0.916666666666667,"Counterfactual",0.05,0.508333333333333,"No
change"
"primary","vote","Vote Choice, Republican Primary","Independent",1,2,0.0333333333333333,"Counterfactual",0.05,0.983333333333333,"More
likely"
"docs","docs","Belief Trump Mishandled Docs","Republican",-1,59,0.0642701525054466,"Counterfactual",0.06,0.0321350762527233,"Less
likely"
"docs","docs","Belief Trump Mishandled Docs","Republican",0,681,0.741830065359477,"Counterfactual",0.06,0.435185185185185,"No
change"
"docs","docs","Belief Trump Mishandled Docs","Republican",1,178,0.193899782135076,"Counterfactual",0.06,0.903050108932462,"More
likely"
"docs","docs","Belief Trump Mishandled Docs","Democrat",-1,41,0.0441810344827586,"Counterfactual",0.06,0.0220905172413793,NA
"docs","docs","Belief Trump Mishandled Docs","Democrat",0,669,0.720905172413793,"Counterfactual",0.06,0.404633620689655,"No
change"
"docs","docs","Belief Trump Mishandled Docs","Democrat",1,218,0.234913793103448,"Counterfactual",0.06,0.882543103448276,"More
likely"
"docs","docs","Belief Trump Mishandled Docs","Independent",-1,28,0.0793201133144476,"Counterfactual",0.06,0.0396600566572238,"Less
likely"
"docs","docs","Belief Trump Mishandled Docs","Independent",0,258,0.730878186968839,"Counterfactual",0.06,0.444759206798867,"No
change"
"docs","docs","Belief Trump Mishandled Docs","Independent",1,67,0.189801699716714,"Counterfactual",0.06,0.905099150141643,"More
likely"
"general","vote","Vote Choice, General Election","Republican",-1,11,0.11,"Counterfactual",0.06,0.055,"Less
likely"
"general","vote","Vote Choice, General Election","Republican",0,75,0.75,"Counterfactual",0.06,0.485,"No
change"
"general","vote","Vote Choice, General Election","Republican",1,14,0.14,"Counterfactual",0.06,0.93,"More
likely"
"general","vote","Vote Choice, General Election","Democrat",-1,27,0.0339195979899497,"Counterfactual",0.06,0.0169597989949749,NA
"general","vote","Vote Choice, General Election","Democrat",0,750,0.942211055276382,"Counterfactual",0.06,0.505025125628141,"No
change"
"general","vote","Vote Choice, General Election","Democrat",1,19,0.0238693467336683,"Counterfactual",0.06,0.988065326633166,"More
likely"
"general","vote","Vote Choice, General Election","Independent",-1,20,0.0757575757575758,"Counterfactual",0.06,0.0378787878787879,"Less
likely"
"general","vote","Vote Choice, General Election","Independent",0,222,0.840909090909091,"Counterfactual",0.06,0.496212121212121,"No
change"
"general","vote","Vote Choice, General Election","Independent",1,22,0.0833333333333333,"Counterfactual",0.06,0.958333333333333,"More
likely"
"primary","vote","Vote Choice, Republican Primary","Republican",-1,66,0.0767441860465116,"Counterfactual",0.06,0.0383720930232558,"Less
likely"
"primary","vote","Vote Choice, Republican Primary","Republican",0,758,0.881395348837209,"Counterfactual",0.06,0.517441860465116,"No
change"
"primary","vote","Vote Choice, Republican Primary","Republican",1,36,0.0418604651162791,"Counterfactual",0.06,0.97906976744186,"More
likely"
"primary","vote","Vote Choice, Republican Primary","Democrat",-1,1,0.0232558139534884,"Counterfactual",0.06,0.0116279069767442,NA
"primary","vote","Vote Choice, Republican Primary","Democrat",0,40,0.930232558139535,"Counterfactual",0.06,0.488372093023256,"No
change"
"primary","vote","Vote Choice, Republican Primary","Democrat",1,2,0.0465116279069767,"Counterfactual",0.06,0.976744186046512,"More
likely"
"primary","vote","Vote Choice, Republican Primary","Independent",-1,2,0.0333333333333333,"Counterfactual",0.06,0.0166666666666667,"Less
likely"
"primary","vote","Vote Choice, Republican Primary","Independent",0,56,0.933333333333333,"Counterfactual",0.06,0.5,"No
change"
"primary","vote","Vote Choice, Republican Primary","Independent",1,2,0.0333333333333333,"Counterfactual",0.06,0.983333333333333,"More
likely"
"docs","docs","Belief Trump Mishandled Docs","Republican",-1,50,0.0544662309368192,"Counterfactual",0.07,0.0272331154684096,"Less
likely"
"docs","docs","Belief Trump Mishandled Docs","Republican",0,700,0.762527233115468,"Counterfactual",0.07,0.435729847494553,"No
change"
"docs","docs","Belief Trump Mishandled Docs","Republican",1,168,0.183006535947712,"Counterfactual",0.07,0.908496732026144,"More
likely"
"docs","docs","Belief Trump Mishandled Docs","Democrat",-1,33,0.0355603448275862,"Counterfactual",0.07,0.0177801724137931,NA
"docs","docs","Belief Trump Mishandled Docs","Democrat",0,681,0.733836206896552,"Counterfactual",0.07,0.402478448275862,"No
change"
"docs","docs","Belief Trump Mishandled Docs","Democrat",1,214,0.230603448275862,"Counterfactual",0.07,0.884698275862069,"More
likely"
"docs","docs","Belief Trump Mishandled Docs","Independent",-1,23,0.0651558073654391,"Counterfactual",0.07,0.0325779036827195,"Less
likely"
"docs","docs","Belief Trump Mishandled Docs","Independent",0,269,0.762039660056657,"Counterfactual",0.07,0.446175637393768,"No
change"
"docs","docs","Belief Trump Mishandled Docs","Independent",1,61,0.172804532577904,"Counterfactual",0.07,0.913597733711048,"More
likely"
"general","vote","Vote Choice, General Election","Republican",-1,10,0.1,"Counterfactual",0.07,0.05,"Less
likely"
"general","vote","Vote Choice, General Election","Republican",0,78,0.78,"Counterfactual",0.07,0.49,"No
change"
"general","vote","Vote Choice, General Election","Republican",1,12,0.12,"Counterfactual",0.07,0.94,"More
likely"
"general","vote","Vote Choice, General Election","Democrat",-1,22,0.0276381909547739,"Counterfactual",0.07,0.0138190954773869,NA
"general","vote","Vote Choice, General Election","Democrat",0,756,0.949748743718593,"Counterfactual",0.07,0.50251256281407,"No
change"
"general","vote","Vote Choice, General Election","Democrat",1,18,0.0226130653266332,"Counterfactual",0.07,0.988693467336683,"More
likely"
"general","vote","Vote Choice, General Election","Independent",-1,16,0.0606060606060606,"Counterfactual",0.07,0.0303030303030303,"Less
likely"
"general","vote","Vote Choice, General Election","Independent",0,226,0.856060606060606,"Counterfactual",0.07,0.488636363636364,"No
change"
"general","vote","Vote Choice, General Election","Independent",1,22,0.0833333333333333,"Counterfactual",0.07,0.958333333333333,"More
likely"
"primary","vote","Vote Choice, Republican Primary","Republican",-1,63,0.0732558139534884,"Counterfactual",0.07,0.0366279069767442,"Less
likely"
"primary","vote","Vote Choice, Republican Primary","Republican",0,766,0.890697674418605,"Counterfactual",0.07,0.518604651162791,"No
change"
"primary","vote","Vote Choice, Republican Primary","Republican",1,31,0.036046511627907,"Counterfactual",0.07,0.981976744186047,"More
likely"
"primary","vote","Vote Choice, Republican Primary","Democrat",-1,1,0.0232558139534884,"Counterfactual",0.07,0.0116279069767442,NA
"primary","vote","Vote Choice, Republican Primary","Democrat",0,40,0.930232558139535,"Counterfactual",0.07,0.488372093023256,"No
change"
"primary","vote","Vote Choice, Republican Primary","Democrat",1,2,0.0465116279069767,"Counterfactual",0.07,0.976744186046512,"More
likely"
"primary","vote","Vote Choice, Republican Primary","Independent",-1,2,0.0333333333333333,"Counterfactual",0.07,0.0166666666666667,"Less
likely"
"primary","vote","Vote Choice, Republican Primary","Independent",0,56,0.933333333333333,"Counterfactual",0.07,0.5,"No
change"
"primary","vote","Vote Choice, Republican Primary","Independent",1,2,0.0333333333333333,"Counterfactual",0.07,0.983333333333333,"More
likely"
"docs","docs","Belief Trump Mishandled Docs","Republican",-1,46,0.0501089324618736,"Counterfactual",0.08,0.0250544662309368,"Less
likely"
"docs","docs","Belief Trump Mishandled Docs","Republican",0,717,0.781045751633987,"Counterfactual",0.08,0.440631808278867,"No
change"
"docs","docs","Belief Trump Mishandled Docs","Republican",1,155,0.168845315904139,"Counterfactual",0.08,0.91557734204793,"More
likely"
"docs","docs","Belief Trump Mishandled Docs","Democrat",-1,32,0.0344827586206897,"Counterfactual",0.08,0.0172413793103448,NA
"docs","docs","Belief Trump Mishandled Docs","Democrat",0,686,0.739224137931034,"Counterfactual",0.08,0.404094827586207,"No
change"
"docs","docs","Belief Trump Mishandled Docs","Democrat",1,210,0.226293103448276,"Counterfactual",0.08,0.886853448275862,"More
likely"
"docs","docs","Belief Trump Mishandled Docs","Independent",-1,20,0.056657223796034,"Counterfactual",0.08,0.028328611898017,"Less
likely"
"docs","docs","Belief Trump Mishandled Docs","Independent",0,273,0.773371104815864,"Counterfactual",0.08,0.443342776203966,"No
change"
"docs","docs","Belief Trump Mishandled Docs","Independent",1,60,0.169971671388102,"Counterfactual",0.08,0.915014164305949,"More
likely"
"general","vote","Vote Choice, General Election","Republican",-1,10,0.1,"Counterfactual",0.08,0.05,"Less
likely"
"general","vote","Vote Choice, General Election","Republican",0,79,0.79,"Counterfactual",0.08,0.495,"No
change"
"general","vote","Vote Choice, General Election","Republican",1,11,0.11,"Counterfactual",0.08,0.945,"More
likely"
"general","vote","Vote Choice, General Election","Democrat",-1,21,0.0263819095477387,"Counterfactual",0.08,0.0131909547738693,NA
"general","vote","Vote Choice, General Election","Democrat",0,758,0.952261306532663,"Counterfactual",0.08,0.50251256281407,"No
change"
"general","vote","Vote Choice, General Election","Democrat",1,17,0.021356783919598,"Counterfactual",0.08,0.989321608040201,"More
likely"
"general","vote","Vote Choice, General Election","Independent",-1,16,0.0606060606060606,"Counterfactual",0.08,0.0303030303030303,"Less
likely"
"general","vote","Vote Choice, General Election","Independent",0,227,0.859848484848485,"Counterfactual",0.08,0.490530303030303,"No
change"
"general","vote","Vote Choice, General Election","Independent",1,21,0.0795454545454545,"Counterfactual",0.08,0.960227272727273,"More
likely"
"primary","vote","Vote Choice, Republican Primary","Republican",-1,56,0.0651162790697674,"Counterfactual",0.08,0.0325581395348837,"Less
likely"
"primary","vote","Vote Choice, Republican Primary","Republican",0,775,0.901162790697674,"Counterfactual",0.08,0.515697674418605,"No
change"
"primary","vote","Vote Choice, Republican Primary","Republican",1,29,0.0337209302325581,"Counterfactual",0.08,0.983139534883721,"More
likely"
"primary","vote","Vote Choice, Republican Primary","Democrat",-1,1,0.0232558139534884,"Counterfactual",0.08,0.0116279069767442,NA
"primary","vote","Vote Choice, Republican Primary","Democrat",0,40,0.930232558139535,"Counterfactual",0.08,0.488372093023256,"No
change"
"primary","vote","Vote Choice, Republican Primary","Democrat",1,2,0.0465116279069767,"Counterfactual",0.08,0.976744186046512,"More
likely"
"primary","vote","Vote Choice, Republican Primary","Independent",-1,2,0.0333333333333333,"Counterfactual",0.08,0.0166666666666667,"Less
likely"
"primary","vote","Vote Choice, Republican Primary","Independent",0,56,0.933333333333333,"Counterfactual",0.08,0.5,"No
change"
"primary","vote","Vote Choice, Republican Primary","Independent",1,2,0.0333333333333333,"Counterfactual",0.08,0.983333333333333,"More
likely"
"docs","docs","Belief Trump Mishandled Docs","Republican",-1,43,0.0468409586056645,"Counterfactual",0.09,0.0234204793028322,"Less
likely"
"docs","docs","Belief Trump Mishandled Docs","Republican",0,725,0.789760348583878,"Counterfactual",0.09,0.441721132897604,"No
change"
"docs","docs","Belief Trump Mishandled Docs","Republican",1,150,0.163398692810458,"Counterfactual",0.09,0.918300653594771,"More
likely"
"docs","docs","Belief Trump Mishandled Docs","Democrat",-1,30,0.0323275862068966,"Counterfactual",0.09,0.0161637931034483,NA
"docs","docs","Belief Trump Mishandled Docs","Democrat",0,696,0.75,"Counterfactual",0.09,0.407327586206897,"No
change"
"docs","docs","Belief Trump Mishandled Docs","Democrat",1,202,0.217672413793103,"Counterfactual",0.09,0.891163793103448,"More
likely"
"docs","docs","Belief Trump Mishandled Docs","Independent",-1,19,0.0538243626062323,"Counterfactual",0.09,0.0269121813031161,"Less
likely"
"docs","docs","Belief Trump Mishandled Docs","Independent",0,274,0.776203966005666,"Counterfactual",0.09,0.441926345609065,"No
change"
"docs","docs","Belief Trump Mishandled Docs","Independent",1,60,0.169971671388102,"Counterfactual",0.09,0.915014164305949,"More
likely"
"general","vote","Vote Choice, General Election","Republican",-1,10,0.1,"Counterfactual",0.09,0.05,"Less
likely"
"general","vote","Vote Choice, General Election","Republican",0,79,0.79,"Counterfactual",0.09,0.495,"No
change"
"general","vote","Vote Choice, General Election","Republican",1,11,0.11,"Counterfactual",0.09,0.945,"More
likely"
"general","vote","Vote Choice, General Election","Democrat",-1,20,0.0251256281407035,"Counterfactual",0.09,0.0125628140703518,NA
"general","vote","Vote Choice, General Election","Democrat",0,761,0.956030150753769,"Counterfactual",0.09,0.503140703517588,"No
change"
"general","vote","Vote Choice, General Election","Democrat",1,15,0.0188442211055276,"Counterfactual",0.09,0.990577889447236,"More
likely"
"general","vote","Vote Choice, General Election","Independent",-1,14,0.053030303030303,"Counterfactual",0.09,0.0265151515151515,"Less
likely"
"general","vote","Vote Choice, General Election","Independent",0,231,0.875,"Counterfactual",0.09,0.490530303030303,"No
change"
"general","vote","Vote Choice, General Election","Independent",1,19,0.071969696969697,"Counterfactual",0.09,0.964015151515151,"More
likely"
"primary","vote","Vote Choice, Republican Primary","Republican",-1,53,0.0616279069767442,"Counterfactual",0.09,0.0308139534883721,"Less
likely"
"primary","vote","Vote Choice, Republican Primary","Republican",0,779,0.905813953488372,"Counterfactual",0.09,0.51453488372093,"No
change"
"primary","vote","Vote Choice, Republican Primary","Republican",1,28,0.0325581395348837,"Counterfactual",0.09,0.983720930232558,"More
likely"
"primary","vote","Vote Choice, Republican Primary","Democrat",-1,1,0.0232558139534884,"Counterfactual",0.09,0.0116279069767442,NA
"primary","vote","Vote Choice, Republican Primary","Democrat",0,40,0.930232558139535,"Counterfactual",0.09,0.488372093023256,"No
change"
"primary","vote","Vote Choice, Republican Primary","Democrat",1,2,0.0465116279069767,"Counterfactual",0.09,0.976744186046512,"More
likely"
"primary","vote","Vote Choice, Republican Primary","Independent",-1,2,0.0333333333333333,"Counterfactual",0.09,0.0166666666666667,"Less
likely"
"primary","vote","Vote Choice, Republican Primary","Independent",0,56,0.933333333333333,"Counterfactual",0.09,0.5,"No
change"
"primary","vote","Vote Choice, Republican Primary","Independent",1,2,0.0333333333333333,"Counterfactual",0.09,0.983333333333333,"More
likely"
"docs","docs","Belief Trump Mishandled Docs","Republican",-1,40,0.0435729847494553,"Counterfactual",0.1,0.0217864923747277,"Less
likely"
"docs","docs","Belief Trump Mishandled Docs","Republican",0,738,0.803921568627451,"Counterfactual",0.1,0.445533769063181,"No
change"
"docs","docs","Belief Trump Mishandled Docs","Republican",1,140,0.152505446623094,"Counterfactual",0.1,0.923747276688453,"More
likely"
"docs","docs","Belief Trump Mishandled Docs","Democrat",-1,25,0.0269396551724138,"Counterfactual",0.1,0.0134698275862069,NA
"docs","docs","Belief Trump Mishandled Docs","Democrat",0,721,0.776939655172414,"Counterfactual",0.1,0.415409482758621,"No
change"
"docs","docs","Belief Trump Mishandled Docs","Democrat",1,182,0.196120689655172,"Counterfactual",0.1,0.901939655172414,"More
likely"
"docs","docs","Belief Trump Mishandled Docs","Independent",-1,16,0.0453257790368272,"Counterfactual",0.1,0.0226628895184136,"Less
likely"
"docs","docs","Belief Trump Mishandled Docs","Independent",0,282,0.798866855524079,"Counterfactual",0.1,0.444759206798867,"No
change"
"docs","docs","Belief Trump Mishandled Docs","Independent",1,55,0.155807365439093,"Counterfactual",0.1,0.922096317280453,"More
likely"
"general","vote","Vote Choice, General Election","Republican",-1,10,0.1,"Counterfactual",0.1,0.05,"Less
likely"
"general","vote","Vote Choice, General Election","Republican",0,81,0.81,"Counterfactual",0.1,0.505,"No
change"
"general","vote","Vote Choice, General Election","Republican",1,9,0.09,"Counterfactual",0.1,0.955,"More
likely"
"general","vote","Vote Choice, General Election","Democrat",-1,20,0.0251256281407035,"Counterfactual",0.1,0.0125628140703518,NA
"general","vote","Vote Choice, General Election","Democrat",0,762,0.957286432160804,"Counterfactual",0.1,0.503768844221105,"No
change"
"general","vote","Vote Choice, General Election","Democrat",1,14,0.0175879396984925,"Counterfactual",0.1,0.991206030150754,"More
likely"
"general","vote","Vote Choice, General Election","Independent",-1,13,0.0492424242424242,"Counterfactual",0.1,0.0246212121212121,"Less
likely"
"general","vote","Vote Choice, General Election","Independent",0,234,0.886363636363636,"Counterfactual",0.1,0.492424242424242,"No
change"
"general","vote","Vote Choice, General Election","Independent",1,17,0.0643939393939394,"Counterfactual",0.1,0.96780303030303,"More
likely"
"primary","vote","Vote Choice, Republican Primary","Republican",-1,48,0.0558139534883721,"Counterfactual",0.1,0.027906976744186,"Less
likely"
"primary","vote","Vote Choice, Republican Primary","Republican",0,786,0.913953488372093,"Counterfactual",0.1,0.512790697674419,"No
change"
"primary","vote","Vote Choice, Republican Primary","Republican",1,26,0.0302325581395349,"Counterfactual",0.1,0.984883720930233,"More
likely"
"primary","vote","Vote Choice, Republican Primary","Democrat",-1,1,0.0232558139534884,"Counterfactual",0.1,0.0116279069767442,NA
"primary","vote","Vote Choice, Republican Primary","Democrat",0,40,0.930232558139535,"Counterfactual",0.1,0.488372093023256,"No
change"
"primary","vote","Vote Choice, Republican Primary","Democrat",1,2,0.0465116279069767,"Counterfactual",0.1,0.976744186046512,"More
likely"
"primary","vote","Vote Choice, Republican Primary","Independent",-1,2,0.0333333333333333,"Counterfactual",0.1,0.0166666666666667,"Less
likely"
"primary","vote","Vote Choice, Republican Primary","Independent",0,56,0.933333333333333,"Counterfactual",0.1,0.5,"No
change"
"primary","vote","Vote Choice, Republican Primary","Independent",1,2,0.0333333333333333,"Counterfactual",0.1,0.983333333333333,"More
likely"
"docs","docs","Belief Trump Mishandled Docs","Republican",-1,39,0.042483660130719,"Counterfactual",0.11,0.0212418300653595,"Less
likely"
"docs","docs","Belief Trump Mishandled Docs","Republican",0,750,0.816993464052288,"Counterfactual",0.11,0.450980392156863,"No
change"
"docs","docs","Belief Trump Mishandled Docs","Republican",1,129,0.140522875816993,"Counterfactual",0.11,0.929738562091503,"More
likely"
"docs","docs","Belief Trump Mishandled Docs","Democrat",-1,24,0.0258620689655172,"Counterfactual",0.11,0.0129310344827586,NA
"docs","docs","Belief Trump Mishandled Docs","Democrat",0,724,0.780172413793103,"Counterfactual",0.11,0.415948275862069,"No
change"
"docs","docs","Belief Trump Mishandled Docs","Democrat",1,180,0.193965517241379,"Counterfactual",0.11,0.90301724137931,"More
likely"
"docs","docs","Belief Trump Mishandled Docs","Independent",-1,16,0.0453257790368272,"Counterfactual",0.11,0.0226628895184136,"Less
likely"
"docs","docs","Belief Trump Mishandled Docs","Independent",0,285,0.807365439093484,"Counterfactual",0.11,0.449008498583569,"No
change"
"docs","docs","Belief Trump Mishandled Docs","Independent",1,52,0.147308781869688,"Counterfactual",0.11,0.926345609065156,"More
likely"
"general","vote","Vote Choice, General Election","Republican",-1,9,0.09,"Counterfactual",0.11,0.045,"Less
likely"
"general","vote","Vote Choice, General Election","Republican",0,82,0.82,"Counterfactual",0.11,0.5,"No
change"
"general","vote","Vote Choice, General Election","Republican",1,9,0.09,"Counterfactual",0.11,0.955,"More
likely"
"general","vote","Vote Choice, General Election","Democrat",-1,17,0.021356783919598,"Counterfactual",0.11,0.010678391959799,NA
"general","vote","Vote Choice, General Election","Democrat",0,765,0.96105527638191,"Counterfactual",0.11,0.501884422110553,"No
change"
"general","vote","Vote Choice, General Election","Democrat",1,14,0.0175879396984925,"Counterfactual",0.11,0.991206030150754,"More
likely"
"general","vote","Vote Choice, General Election","Independent",-1,12,0.0454545454545455,"Counterfactual",0.11,0.0227272727272727,"Less
likely"
"general","vote","Vote Choice, General Election","Independent",0,236,0.893939393939394,"Counterfactual",0.11,0.492424242424242,"No
change"
"general","vote","Vote Choice, General Election","Independent",1,16,0.0606060606060606,"Counterfactual",0.11,0.96969696969697,"More
likely"
"primary","vote","Vote Choice, Republican Primary","Republican",-1,44,0.0511627906976744,"Counterfactual",0.11,0.0255813953488372,"Less
likely"
"primary","vote","Vote Choice, Republican Primary","Republican",0,791,0.919767441860465,"Counterfactual",0.11,0.511046511627907,"No
change"
"primary","vote","Vote Choice, Republican Primary","Republican",1,25,0.0290697674418605,"Counterfactual",0.11,0.98546511627907,"More
likely"
"primary","vote","Vote Choice, Republican Primary","Democrat",-1,1,0.0232558139534884,"Counterfactual",0.11,0.0116279069767442,NA
"primary","vote","Vote Choice, Republican Primary","Democrat",0,40,0.930232558139535,"Counterfactual",0.11,0.488372093023256,"No
change"
"primary","vote","Vote Choice, Republican Primary","Democrat",1,2,0.0465116279069767,"Counterfactual",0.11,0.976744186046512,"More
likely"
"primary","vote","Vote Choice, Republican Primary","Independent",-1,2,0.0333333333333333,"Counterfactual",0.11,0.0166666666666667,"Less
likely"
"primary","vote","Vote Choice, Republican Primary","Independent",0,56,0.933333333333333,"Counterfactual",0.11,0.5,"No
change"
"primary","vote","Vote Choice, Republican Primary","Independent",1,2,0.0333333333333333,"Counterfactual",0.11,0.983333333333333,"More
likely"
"docs","docs","Belief Trump Mishandled Docs","Republican",-1,37,0.0403050108932462,"Counterfactual",0.12,0.0201525054466231,"Less
likely"
"docs","docs","Belief Trump Mishandled Docs","Republican",0,759,0.826797385620915,"Counterfactual",0.12,0.453703703703704,"No
change"
"docs","docs","Belief Trump Mishandled Docs","Republican",1,122,0.132897603485839,"Counterfactual",0.12,0.93355119825708,"More
likely"
"docs","docs","Belief Trump Mishandled Docs","Democrat",-1,23,0.0247844827586207,"Counterfactual",0.12,0.0123922413793103,NA
"docs","docs","Belief Trump Mishandled Docs","Democrat",0,734,0.790948275862069,"Counterfactual",0.12,0.420258620689655,"No
change"
"docs","docs","Belief Trump Mishandled Docs","Democrat",1,171,0.18426724137931,"Counterfactual",0.12,0.907866379310345,"More
likely"
"docs","docs","Belief Trump Mishandled Docs","Independent",-1,16,0.0453257790368272,"Counterfactual",0.12,0.0226628895184136,"Less
likely"
"docs","docs","Belief Trump Mishandled Docs","Independent",0,286,0.810198300283286,"Counterfactual",0.12,0.45042492917847,"No
change"
"docs","docs","Belief Trump Mishandled Docs","Independent",1,51,0.144475920679887,"Counterfactual",0.12,0.927762039660057,"More
likely"
"general","vote","Vote Choice, General Election","Republican",-1,9,0.09,"Counterfactual",0.12,0.045,"Less
likely"
"general","vote","Vote Choice, General Election","Republican",0,82,0.82,"Counterfactual",0.12,0.5,"No
change"
"general","vote","Vote Choice, General Election","Republican",1,9,0.09,"Counterfactual",0.12,0.955,"More
likely"
"general","vote","Vote Choice, General Election","Democrat",-1,15,0.0188442211055276,"Counterfactual",0.12,0.00942211055276382,NA
"general","vote","Vote Choice, General Election","Democrat",0,767,0.96356783919598,"Counterfactual",0.12,0.500628140703518,"No
change"
"general","vote","Vote Choice, General Election","Democrat",1,14,0.0175879396984925,"Counterfactual",0.12,0.991206030150754,"More
likely"
"general","vote","Vote Choice, General Election","Independent",-1,12,0.0454545454545455,"Counterfactual",0.12,0.0227272727272727,"Less
likely"
"general","vote","Vote Choice, General Election","Independent",0,236,0.893939393939394,"Counterfactual",0.12,0.492424242424242,"No
change"
"general","vote","Vote Choice, General Election","Independent",1,16,0.0606060606060606,"Counterfactual",0.12,0.96969696969697,"More
likely"
"primary","vote","Vote Choice, Republican Primary","Republican",-1,43,0.05,"Counterfactual",0.12,0.025,"Less
likely"
"primary","vote","Vote Choice, Republican Primary","Republican",0,794,0.923255813953488,"Counterfactual",0.12,0.511627906976744,"No
change"
"primary","vote","Vote Choice, Republican Primary","Republican",1,23,0.0267441860465116,"Counterfactual",0.12,0.986627906976744,"More
likely"
"primary","vote","Vote Choice, Republican Primary","Democrat",-1,1,0.0232558139534884,"Counterfactual",0.12,0.0116279069767442,NA
"primary","vote","Vote Choice, Republican Primary","Democrat",0,40,0.930232558139535,"Counterfactual",0.12,0.488372093023256,"No
change"
"primary","vote","Vote Choice, Republican Primary","Democrat",1,2,0.0465116279069767,"Counterfactual",0.12,0.976744186046512,"More
likely"
"primary","vote","Vote Choice, Republican Primary","Independent",-1,2,0.0333333333333333,"Counterfactual",0.12,0.0166666666666667,"Less
likely"
"primary","vote","Vote Choice, Republican Primary","Independent",0,56,0.933333333333333,"Counterfactual",0.12,0.5,"No
change"
"primary","vote","Vote Choice, Republican Primary","Independent",1,2,0.0333333333333333,"Counterfactual",0.12,0.983333333333333,"More
likely"
"docs","docs","Belief Trump Mishandled Docs","Republican",-1,34,0.037037037037037,"Counterfactual",0.13,0.0185185185185185,"Less
likely"
"docs","docs","Belief Trump Mishandled Docs","Republican",0,767,0.835511982570806,"Counterfactual",0.13,0.45479302832244,"No
change"
"docs","docs","Belief Trump Mishandled Docs","Republican",1,117,0.127450980392157,"Counterfactual",0.13,0.936274509803922,"More
likely"
"docs","docs","Belief Trump Mishandled Docs","Democrat",-1,21,0.0226293103448276,"Counterfactual",0.13,0.0113146551724138,NA
"docs","docs","Belief Trump Mishandled Docs","Democrat",0,738,0.795258620689655,"Counterfactual",0.13,0.420258620689655,"No
change"
"docs","docs","Belief Trump Mishandled Docs","Democrat",1,169,0.182112068965517,"Counterfactual",0.13,0.908943965517241,"More
likely"
"docs","docs","Belief Trump Mishandled Docs","Independent",-1,13,0.0368271954674221,"Counterfactual",0.13,0.018413597733711,"Less
likely"
"docs","docs","Belief Trump Mishandled Docs","Independent",0,290,0.821529745042493,"Counterfactual",0.13,0.447592067988669,"No
change"
"docs","docs","Belief Trump Mishandled Docs","Independent",1,50,0.141643059490085,"Counterfactual",0.13,0.929178470254957,"More
likely"
"general","vote","Vote Choice, General Election","Republican",-1,9,0.09,"Counterfactual",0.13,0.045,"Less
likely"
"general","vote","Vote Choice, General Election","Republican",0,82,0.82,"Counterfactual",0.13,0.5,"No
change"
"general","vote","Vote Choice, General Election","Republican",1,9,0.09,"Counterfactual",0.13,0.955,"More
likely"
"general","vote","Vote Choice, General Election","Democrat",-1,15,0.0188442211055276,"Counterfactual",0.13,0.00942211055276382,NA
"general","vote","Vote Choice, General Election","Democrat",0,767,0.96356783919598,"Counterfactual",0.13,0.500628140703518,"No
change"
"general","vote","Vote Choice, General Election","Democrat",1,14,0.0175879396984925,"Counterfactual",0.13,0.991206030150754,"More
likely"
"general","vote","Vote Choice, General Election","Independent",-1,12,0.0454545454545455,"Counterfactual",0.13,0.0227272727272727,"Less
likely"
"general","vote","Vote Choice, General Election","Independent",0,238,0.901515151515151,"Counterfactual",0.13,0.496212121212121,"No
change"
"general","vote","Vote Choice, General Election","Independent",1,14,0.053030303030303,"Counterfactual",0.13,0.973484848484848,"More
likely"
"primary","vote","Vote Choice, Republican Primary","Republican",-1,42,0.0488372093023256,"Counterfactual",0.13,0.0244186046511628,"Less
likely"
"primary","vote","Vote Choice, Republican Primary","Republican",0,795,0.924418604651163,"Counterfactual",0.13,0.511046511627907,"No
change"
"primary","vote","Vote Choice, Republican Primary","Republican",1,23,0.0267441860465116,"Counterfactual",0.13,0.986627906976744,"More
likely"
"primary","vote","Vote Choice, Republican Primary","Democrat",-1,1,0.0232558139534884,"Counterfactual",0.13,0.0116279069767442,NA
"primary","vote","Vote Choice, Republican Primary","Democrat",0,40,0.930232558139535,"Counterfactual",0.13,0.488372093023256,"No
change"
"primary","vote","Vote Choice, Republican Primary","Democrat",1,2,0.0465116279069767,"Counterfactual",0.13,0.976744186046512,"More
likely"
"primary","vote","Vote Choice, Republican Primary","Independent",-1,2,0.0333333333333333,"Counterfactual",0.13,0.0166666666666667,"Less
likely"
"primary","vote","Vote Choice, Republican Primary","Independent",0,56,0.933333333333333,"Counterfactual",0.13,0.5,"No
change"
"primary","vote","Vote Choice, Republican Primary","Independent",1,2,0.0333333333333333,"Counterfactual",0.13,0.983333333333333,"More
likely"
"docs","docs","Belief Trump Mishandled Docs","Republican",-1,33,0.0359477124183007,"Counterfactual",0.14,0.0179738562091503,"Less
likely"
"docs","docs","Belief Trump Mishandled Docs","Republican",0,772,0.840958605664488,"Counterfactual",0.14,0.456427015250545,"No
change"
"docs","docs","Belief Trump Mishandled Docs","Republican",1,113,0.123093681917211,"Counterfactual",0.14,0.938453159041394,"More
likely"
"docs","docs","Belief Trump Mishandled Docs","Democrat",-1,18,0.0193965517241379,"Counterfactual",0.14,0.00969827586206897,NA
"docs","docs","Belief Trump Mishandled Docs","Democrat",0,749,0.807112068965517,"Counterfactual",0.14,0.422952586206897,"No
change"
"docs","docs","Belief Trump Mishandled Docs","Democrat",1,161,0.173491379310345,"Counterfactual",0.14,0.913254310344828,"More
likely"
"docs","docs","Belief Trump Mishandled Docs","Independent",-1,13,0.0368271954674221,"Counterfactual",0.14,0.018413597733711,"Less
likely"
"docs","docs","Belief Trump Mishandled Docs","Independent",0,293,0.830028328611898,"Counterfactual",0.14,0.451841359773371,"No
change"
"docs","docs","Belief Trump Mishandled Docs","Independent",1,47,0.13314447592068,"Counterfactual",0.14,0.93342776203966,"More
likely"
"general","vote","Vote Choice, General Election","Republican",-1,8,0.08,"Counterfactual",0.14,0.04,"Less
likely"
"general","vote","Vote Choice, General Election","Republican",0,83,0.83,"Counterfactual",0.14,0.495,"No
change"
"general","vote","Vote Choice, General Election","Republican",1,9,0.09,"Counterfactual",0.14,0.955,"More
likely"
"general","vote","Vote Choice, General Election","Democrat",-1,14,0.0175879396984925,"Counterfactual",0.14,0.00879396984924623,NA
"general","vote","Vote Choice, General Election","Democrat",0,768,0.964824120603015,"Counterfactual",0.14,0.5,"No
change"
"general","vote","Vote Choice, General Election","Democrat",1,14,0.0175879396984925,"Counterfactual",0.14,0.991206030150754,"More
likely"
"general","vote","Vote Choice, General Election","Independent",-1,12,0.0454545454545455,"Counterfactual",0.14,0.0227272727272727,"Less
likely"
"general","vote","Vote Choice, General Election","Independent",0,239,0.90530303030303,"Counterfactual",0.14,0.498106060606061,"No
change"
"general","vote","Vote Choice, General Election","Independent",1,13,0.0492424242424242,"Counterfactual",0.14,0.975378787878788,"More
likely"
"primary","vote","Vote Choice, Republican Primary","Republican",-1,42,0.0488372093023256,"Counterfactual",0.14,0.0244186046511628,"Less
likely"
"primary","vote","Vote Choice, Republican Primary","Republican",0,798,0.927906976744186,"Counterfactual",0.14,0.512790697674419,"No
change"
"primary","vote","Vote Choice, Republican Primary","Republican",1,20,0.0232558139534884,"Counterfactual",0.14,0.988372093023256,"More
likely"
"primary","vote","Vote Choice, Republican Primary","Democrat",-1,1,0.0232558139534884,"Counterfactual",0.14,0.0116279069767442,NA
"primary","vote","Vote Choice, Republican Primary","Democrat",0,41,0.953488372093023,"Counterfactual",0.14,0.5,"No
change"
"primary","vote","Vote Choice, Republican Primary","Democrat",1,1,0.0232558139534884,"Counterfactual",0.14,0.988372093023256,"More
likely"
"primary","vote","Vote Choice, Republican Primary","Independent",-1,2,0.0333333333333333,"Counterfactual",0.14,0.0166666666666667,"Less
likely"
"primary","vote","Vote Choice, Republican Primary","Independent",0,57,0.95,"Counterfactual",0.14,0.508333333333333,"No
change"
"primary","vote","Vote Choice, Republican Primary","Independent",1,1,0.0166666666666667,"Counterfactual",0.14,0.991666666666667,"More
likely"
"docs","docs","Belief Trump Mishandled Docs","Republican",-1,31,0.0337690631808279,"Counterfactual",0.15,0.0168845315904139,"Less
likely"
"docs","docs","Belief Trump Mishandled Docs","Republican",0,780,0.849673202614379,"Counterfactual",0.15,0.458605664488017,"No
change"
"docs","docs","Belief Trump Mishandled Docs","Republican",1,107,0.116557734204793,"Counterfactual",0.15,0.941721132897603,"More
likely"
"docs","docs","Belief Trump Mishandled Docs","Democrat",-1,16,0.0172413793103448,"Counterfactual",0.15,0.00862068965517241,NA
"docs","docs","Belief Trump Mishandled Docs","Democrat",0,755,0.813577586206897,"Counterfactual",0.15,0.424030172413793,"No
change"
"docs","docs","Belief Trump Mishandled Docs","Democrat",1,157,0.169181034482759,"Counterfactual",0.15,0.915409482758621,"More
likely"
"docs","docs","Belief Trump Mishandled Docs","Independent",-1,13,0.0368271954674221,"Counterfactual",0.15,0.018413597733711,"Less
likely"
"docs","docs","Belief Trump Mishandled Docs","Independent",0,293,0.830028328611898,"Counterfactual",0.15,0.451841359773371,"No
change"
"docs","docs","Belief Trump Mishandled Docs","Independent",1,47,0.13314447592068,"Counterfactual",0.15,0.93342776203966,"More
likely"
"general","vote","Vote Choice, General Election","Republican",-1,8,0.08,"Counterfactual",0.15,0.04,"Less
likely"
"general","vote","Vote Choice, General Election","Republican",0,83,0.83,"Counterfactual",0.15,0.495,"No
change"
"general","vote","Vote Choice, General Election","Republican",1,9,0.09,"Counterfactual",0.15,0.955,"More
likely"
"general","vote","Vote Choice, General Election","Democrat",-1,12,0.0150753768844221,"Counterfactual",0.15,0.00753768844221105,NA
"general","vote","Vote Choice, General Election","Democrat",0,770,0.967336683417085,"Counterfactual",0.15,0.498743718592965,"No
change"
"general","vote","Vote Choice, General Election","Democrat",1,14,0.0175879396984925,"Counterfactual",0.15,0.991206030150754,"More
likely"
"general","vote","Vote Choice, General Election","Independent",-1,12,0.0454545454545455,"Counterfactual",0.15,0.0227272727272727,"Less
likely"
"general","vote","Vote Choice, General Election","Independent",0,240,0.909090909090909,"Counterfactual",0.15,0.5,"No
change"
"general","vote","Vote Choice, General Election","Independent",1,12,0.0454545454545455,"Counterfactual",0.15,0.977272727272727,"More
likely"
"primary","vote","Vote Choice, Republican Primary","Republican",-1,41,0.0476744186046512,"Counterfactual",0.15,0.0238372093023256,"Less
likely"
"primary","vote","Vote Choice, Republican Primary","Republican",0,799,0.92906976744186,"Counterfactual",0.15,0.512209302325581,"No
change"
"primary","vote","Vote Choice, Republican Primary","Republican",1,20,0.0232558139534884,"Counterfactual",0.15,0.988372093023256,"More
likely"
"primary","vote","Vote Choice, Republican Primary","Democrat",-1,1,0.0232558139534884,"Counterfactual",0.15,0.0116279069767442,NA
"primary","vote","Vote Choice, Republican Primary","Democrat",0,41,0.953488372093023,"Counterfactual",0.15,0.5,"No
change"
"primary","vote","Vote Choice, Republican Primary","Democrat",1,1,0.0232558139534884,"Counterfactual",0.15,0.988372093023256,"More
likely"
"primary","vote","Vote Choice, Republican Primary","Independent",-1,2,0.0333333333333333,"Counterfactual",0.15,0.0166666666666667,"Less
likely"
"primary","vote","Vote Choice, Republican Primary","Independent",0,57,0.95,"Counterfactual",0.15,0.508333333333333,"No
change"
"primary","vote","Vote Choice, Republican Primary","Independent",1,1,0.0166666666666667,"Counterfactual",0.15,0.991666666666667,"More
likely"
"docs","docs","Belief Trump Mishandled Docs","Republican",-1,30,0.0326797385620915,"Counterfactual",0.16,0.0163398692810458,"Less
likely"
"docs","docs","Belief Trump Mishandled Docs","Republican",0,798,0.869281045751634,"Counterfactual",0.16,0.467320261437909,"No
change"
"docs","docs","Belief Trump Mishandled Docs","Republican",1,90,0.0980392156862745,"Counterfactual",0.16,0.950980392156863,"More
likely"
"docs","docs","Belief Trump Mishandled Docs","Democrat",-1,15,0.0161637931034483,"Counterfactual",0.16,0.00808189655172414,NA
"docs","docs","Belief Trump Mishandled Docs","Democrat",0,768,0.827586206896552,"Counterfactual",0.16,0.429956896551724,"No
change"
"docs","docs","Belief Trump Mishandled Docs","Democrat",1,145,0.15625,"Counterfactual",0.16,0.921875,"More
likely"
"docs","docs","Belief Trump Mishandled Docs","Independent",-1,12,0.0339943342776204,"Counterfactual",0.16,0.0169971671388102,"Less
likely"
"docs","docs","Belief Trump Mishandled Docs","Independent",0,295,0.835694050991501,"Counterfactual",0.16,0.451841359773371,"No
change"
"docs","docs","Belief Trump Mishandled Docs","Independent",1,46,0.130311614730878,"Counterfactual",0.16,0.934844192634561,"More
likely"
"general","vote","Vote Choice, General Election","Republican",-1,8,0.08,"Counterfactual",0.16,0.04,"Less
likely"
"general","vote","Vote Choice, General Election","Republican",0,84,0.84,"Counterfactual",0.16,0.5,"No
change"
"general","vote","Vote Choice, General Election","Republican",1,8,0.08,"Counterfactual",0.16,0.96,"More
likely"
"general","vote","Vote Choice, General Election","Democrat",-1,12,0.0150753768844221,"Counterfactual",0.16,0.00753768844221105,NA
"general","vote","Vote Choice, General Election","Democrat",0,771,0.968592964824121,"Counterfactual",0.16,0.499371859296482,"No
change"
"general","vote","Vote Choice, General Election","Democrat",1,13,0.0163316582914573,"Counterfactual",0.16,0.991834170854271,"More
likely"
"general","vote","Vote Choice, General Election","Independent",-1,8,0.0303030303030303,"Counterfactual",0.16,0.0151515151515152,"Less
likely"
"general","vote","Vote Choice, General Election","Independent",0,244,0.924242424242424,"Counterfactual",0.16,0.492424242424242,"No
change"
"general","vote","Vote Choice, General Election","Independent",1,12,0.0454545454545455,"Counterfactual",0.16,0.977272727272727,"More
likely"
"primary","vote","Vote Choice, Republican Primary","Republican",-1,38,0.0441860465116279,"Counterfactual",0.16,0.022093023255814,"Less
likely"
"primary","vote","Vote Choice, Republican Primary","Republican",0,804,0.934883720930233,"Counterfactual",0.16,0.511627906976744,"No
change"
"primary","vote","Vote Choice, Republican Primary","Republican",1,18,0.0209302325581395,"Counterfactual",0.16,0.98953488372093,"More
likely"
"primary","vote","Vote Choice, Republican Primary","Democrat",-1,1,0.0232558139534884,"Counterfactual",0.16,0.0116279069767442,NA
"primary","vote","Vote Choice, Republican Primary","Democrat",0,41,0.953488372093023,"Counterfactual",0.16,0.5,"No
change"
"primary","vote","Vote Choice, Republican Primary","Democrat",1,1,0.0232558139534884,"Counterfactual",0.16,0.988372093023256,"More
likely"
"primary","vote","Vote Choice, Republican Primary","Independent",-1,1,0.0166666666666667,"Counterfactual",0.16,0.00833333333333333,"Less
likely"
"primary","vote","Vote Choice, Republican Primary","Independent",0,58,0.966666666666667,"Counterfactual",0.16,0.5,"No
change"
"primary","vote","Vote Choice, Republican Primary","Independent",1,1,0.0166666666666667,"Counterfactual",0.16,0.991666666666667,"More
likely"
"docs","docs","Belief Trump Mishandled Docs","Republican",-1,29,0.0315904139433551,"Counterfactual",0.17,0.0157952069716776,"Less
likely"
"docs","docs","Belief Trump Mishandled Docs","Republican",0,804,0.875816993464052,"Counterfactual",0.17,0.469498910675381,"No
change"
"docs","docs","Belief Trump Mishandled Docs","Republican",1,85,0.0925925925925926,"Counterfactual",0.17,0.953703703703704,"More
likely"
"docs","docs","Belief Trump Mishandled Docs","Democrat",-1,15,0.0161637931034483,"Counterfactual",0.17,0.00808189655172414,NA
"docs","docs","Belief Trump Mishandled Docs","Democrat",0,777,0.837284482758621,"Counterfactual",0.17,0.434806034482759,"No
change"
"docs","docs","Belief Trump Mishandled Docs","Democrat",1,136,0.146551724137931,"Counterfactual",0.17,0.926724137931034,"More
likely"
"docs","docs","Belief Trump Mishandled Docs","Independent",-1,10,0.028328611898017,"Counterfactual",0.17,0.0141643059490085,"Less
likely"
"docs","docs","Belief Trump Mishandled Docs","Independent",0,297,0.841359773371105,"Counterfactual",0.17,0.449008498583569,"No
change"
"docs","docs","Belief Trump Mishandled Docs","Independent",1,46,0.130311614730878,"Counterfactual",0.17,0.934844192634561,"More
likely"
"general","vote","Vote Choice, General Election","Republican",-1,7,0.07,"Counterfactual",0.17,0.035,"Less
likely"
"general","vote","Vote Choice, General Election","Republican",0,85,0.85,"Counterfactual",0.17,0.495,"No
change"
"general","vote","Vote Choice, General Election","Republican",1,8,0.08,"Counterfactual",0.17,0.96,"More
likely"
"general","vote","Vote Choice, General Election","Democrat",-1,11,0.0138190954773869,"Counterfactual",0.17,0.00690954773869347,NA
"general","vote","Vote Choice, General Election","Democrat",0,775,0.973618090452261,"Counterfactual",0.17,0.500628140703518,"No
change"
"general","vote","Vote Choice, General Election","Democrat",1,10,0.0125628140703518,"Counterfactual",0.17,0.993718592964824,"More
likely"
"general","vote","Vote Choice, General Election","Independent",-1,7,0.0265151515151515,"Counterfactual",0.17,0.0132575757575758,"Less
likely"
"general","vote","Vote Choice, General Election","Independent",0,245,0.928030303030303,"Counterfactual",0.17,0.490530303030303,"No
change"
"general","vote","Vote Choice, General Election","Independent",1,12,0.0454545454545455,"Counterfactual",0.17,0.977272727272727,"More
likely"
"primary","vote","Vote Choice, Republican Primary","Republican",-1,37,0.0430232558139535,"Counterfactual",0.17,0.0215116279069767,"Less
likely"
"primary","vote","Vote Choice, Republican Primary","Republican",0,805,0.936046511627907,"Counterfactual",0.17,0.511046511627907,"No
change"
"primary","vote","Vote Choice, Republican Primary","Republican",1,18,0.0209302325581395,"Counterfactual",0.17,0.98953488372093,"More
likely"
"primary","vote","Vote Choice, Republican Primary","Democrat",-1,1,0.0232558139534884,"Counterfactual",0.17,0.0116279069767442,NA
"primary","vote","Vote Choice, Republican Primary","Democrat",0,42,0.976744186046512,"Counterfactual",0.17,0.511627906976744,"No
change"
"primary","vote","Vote Choice, Republican Primary","Independent",-1,1,0.0166666666666667,"Counterfactual",0.17,0.00833333333333333,"Less
likely"
"primary","vote","Vote Choice, Republican Primary","Independent",0,58,0.966666666666667,"Counterfactual",0.17,0.5,"No
change"
"primary","vote","Vote Choice, Republican Primary","Independent",1,1,0.0166666666666667,"Counterfactual",0.17,0.991666666666667,"More
likely"
"docs","docs","Belief Trump Mishandled Docs","Republican",-1,28,0.0305010893246187,"Counterfactual",0.18,0.0152505446623094,"Less
likely"
"docs","docs","Belief Trump Mishandled Docs","Republican",0,807,0.879084967320261,"Counterfactual",0.18,0.470043572984749,"No
change"
"docs","docs","Belief Trump Mishandled Docs","Republican",1,83,0.0904139433551198,"Counterfactual",0.18,0.95479302832244,"More
likely"
"docs","docs","Belief Trump Mishandled Docs","Democrat",-1,15,0.0161637931034483,"Counterfactual",0.18,0.00808189655172414,NA
"docs","docs","Belief Trump Mishandled Docs","Democrat",0,781,0.841594827586207,"Counterfactual",0.18,0.436961206896552,"No
change"
"docs","docs","Belief Trump Mishandled Docs","Democrat",1,132,0.142241379310345,"Counterfactual",0.18,0.928879310344828,"More
likely"
"docs","docs","Belief Trump Mishandled Docs","Independent",-1,10,0.028328611898017,"Counterfactual",0.18,0.0141643059490085,"Less
likely"
"docs","docs","Belief Trump Mishandled Docs","Independent",0,297,0.841359773371105,"Counterfactual",0.18,0.449008498583569,"No
change"
"docs","docs","Belief Trump Mishandled Docs","Independent",1,46,0.130311614730878,"Counterfactual",0.18,0.934844192634561,"More
likely"
"general","vote","Vote Choice, General Election","Republican",-1,6,0.06,"Counterfactual",0.18,0.03,"Less
likely"
"general","vote","Vote Choice, General Election","Republican",0,86,0.86,"Counterfactual",0.18,0.49,"No
change"
"general","vote","Vote Choice, General Election","Republican",1,8,0.08,"Counterfactual",0.18,0.96,"More
likely"
"general","vote","Vote Choice, General Election","Democrat",-1,11,0.0138190954773869,"Counterfactual",0.18,0.00690954773869347,NA
"general","vote","Vote Choice, General Election","Democrat",0,776,0.974874371859296,"Counterfactual",0.18,0.501256281407035,"No
change"
"general","vote","Vote Choice, General Election","Democrat",1,9,0.0113065326633166,"Counterfactual",0.18,0.994346733668342,"More
likely"
"general","vote","Vote Choice, General Election","Independent",-1,7,0.0265151515151515,"Counterfactual",0.18,0.0132575757575758,"Less
likely"
"general","vote","Vote Choice, General Election","Independent",0,246,0.931818181818182,"Counterfactual",0.18,0.492424242424242,"No
change"
"general","vote","Vote Choice, General Election","Independent",1,11,0.0416666666666667,"Counterfactual",0.18,0.979166666666667,"More
likely"
"primary","vote","Vote Choice, Republican Primary","Republican",-1,35,0.0406976744186047,"Counterfactual",0.18,0.0203488372093023,"Less
likely"
"primary","vote","Vote Choice, Republican Primary","Republican",0,808,0.93953488372093,"Counterfactual",0.18,0.51046511627907,"No
change"
"primary","vote","Vote Choice, Republican Primary","Republican",1,17,0.0197674418604651,"Counterfactual",0.18,0.990116279069767,"More
likely"
"primary","vote","Vote Choice, Republican Primary","Democrat",-1,1,0.0232558139534884,"Counterfactual",0.18,0.0116279069767442,NA
"primary","vote","Vote Choice, Republican Primary","Democrat",0,42,0.976744186046512,"Counterfactual",0.18,0.511627906976744,"No
change"
"primary","vote","Vote Choice, Republican Primary","Independent",-1,1,0.0166666666666667,"Counterfactual",0.18,0.00833333333333333,"Less
likely"
"primary","vote","Vote Choice, Republican Primary","Independent",0,58,0.966666666666667,"Counterfactual",0.18,0.5,"No
change"
"primary","vote","Vote Choice, Republican Primary","Independent",1,1,0.0166666666666667,"Counterfactual",0.18,0.991666666666667,"More
likely"
"docs","docs","Belief Trump Mishandled Docs","Republican",-1,26,0.028322440087146,"Counterfactual",0.19,0.014161220043573,"Less
likely"
"docs","docs","Belief Trump Mishandled Docs","Republican",0,815,0.887799564270152,"Counterfactual",0.19,0.472222222222222,"No
change"
"docs","docs","Belief Trump Mishandled Docs","Republican",1,77,0.0838779956427015,"Counterfactual",0.19,0.958061002178649,"More
likely"
"docs","docs","Belief Trump Mishandled Docs","Democrat",-1,15,0.0161637931034483,"Counterfactual",0.19,0.00808189655172414,NA
"docs","docs","Belief Trump Mishandled Docs","Democrat",0,789,0.850215517241379,"Counterfactual",0.19,0.441271551724138,"No
change"
"docs","docs","Belief Trump Mishandled Docs","Democrat",1,124,0.133620689655172,"Counterfactual",0.19,0.933189655172414,"More
likely"
"docs","docs","Belief Trump Mishandled Docs","Independent",-1,9,0.0254957507082153,"Counterfactual",0.19,0.0127478753541076,"Less
likely"
"docs","docs","Belief Trump Mishandled Docs","Independent",0,300,0.84985835694051,"Counterfactual",0.19,0.45042492917847,"No
change"
"docs","docs","Belief Trump Mishandled Docs","Independent",1,44,0.124645892351275,"Counterfactual",0.19,0.937677053824363,"More
likely"
"general","vote","Vote Choice, General Election","Republican",-1,6,0.06,"Counterfactual",0.19,0.03,"Less
likely"
"general","vote","Vote Choice, General Election","Republican",0,86,0.86,"Counterfactual",0.19,0.49,"No
change"
"general","vote","Vote Choice, General Election","Republican",1,8,0.08,"Counterfactual",0.19,0.96,"More
likely"
"general","vote","Vote Choice, General Election","Democrat",-1,10,0.0125628140703518,"Counterfactual",0.19,0.00628140703517588,NA
"general","vote","Vote Choice, General Election","Democrat",0,777,0.976130653266332,"Counterfactual",0.19,0.500628140703518,"No
change"
"general","vote","Vote Choice, General Election","Democrat",1,9,0.0113065326633166,"Counterfactual",0.19,0.994346733668342,"More
likely"
"general","vote","Vote Choice, General Election","Independent",-1,7,0.0265151515151515,"Counterfactual",0.19,0.0132575757575758,"Less
likely"
"general","vote","Vote Choice, General Election","Independent",0,247,0.93560606060606,"Counterfactual",0.19,0.494318181818182,"No
change"
"general","vote","Vote Choice, General Election","Independent",1,10,0.0378787878787879,"Counterfactual",0.19,0.981060606060606,"More
likely"
"primary","vote","Vote Choice, Republican Primary","Republican",-1,34,0.0395348837209302,"Counterfactual",0.19,0.0197674418604651,"Less
likely"
"primary","vote","Vote Choice, Republican Primary","Republican",0,811,0.943023255813954,"Counterfactual",0.19,0.511046511627907,"No
change"
"primary","vote","Vote Choice, Republican Primary","Republican",1,15,0.0174418604651163,"Counterfactual",0.19,0.991279069767442,"More
likely"
"primary","vote","Vote Choice, Republican Primary","Democrat",-1,1,0.0232558139534884,"Counterfactual",0.19,0.0116279069767442,NA
"primary","vote","Vote Choice, Republican Primary","Democrat",0,42,0.976744186046512,"Counterfactual",0.19,0.511627906976744,"No
change"
"primary","vote","Vote Choice, Republican Primary","Independent",-1,1,0.0166666666666667,"Counterfactual",0.19,0.00833333333333333,"Less
likely"
"primary","vote","Vote Choice, Republican Primary","Independent",0,58,0.966666666666667,"Counterfactual",0.19,0.5,"No
change"
"primary","vote","Vote Choice, Republican Primary","Independent",1,1,0.0166666666666667,"Counterfactual",0.19,0.991666666666667,"More
likely"
"docs","docs","Belief Trump Mishandled Docs","Republican",-1,25,0.0272331154684096,"Counterfactual",0.2,0.0136165577342048,"Less
likely"
"docs","docs","Belief Trump Mishandled Docs","Republican",0,820,0.893246187363834,"Counterfactual",0.2,0.473856209150327,"No
change"
"docs","docs","Belief Trump Mishandled Docs","Republican",1,73,0.079520697167756,"Counterfactual",0.2,0.960239651416122,"More
likely"
"docs","docs","Belief Trump Mishandled Docs","Democrat",-1,13,0.0140086206896552,"Counterfactual",0.2,0.00700431034482759,NA
"docs","docs","Belief Trump Mishandled Docs","Democrat",0,804,0.866379310344828,"Counterfactual",0.2,0.447198275862069,"No
change"
"docs","docs","Belief Trump Mishandled Docs","Democrat",1,111,0.119612068965517,"Counterfactual",0.2,0.940193965517241,"More
likely"
"docs","docs","Belief Trump Mishandled Docs","Independent",-1,9,0.0254957507082153,"Counterfactual",0.2,0.0127478753541076,"Less
likely"
"docs","docs","Belief Trump Mishandled Docs","Independent",0,303,0.858356940509915,"Counterfactual",0.2,0.454674220963173,"No
change"
"docs","docs","Belief Trump Mishandled Docs","Independent",1,41,0.11614730878187,"Counterfactual",0.2,0.941926345609065,"More
likely"
"general","vote","Vote Choice, General Election","Republican",-1,6,0.06,"Counterfactual",0.2,0.03,"Less
likely"
"general","vote","Vote Choice, General Election","Republican",0,86,0.86,"Counterfactual",0.2,0.49,"No
change"
"general","vote","Vote Choice, General Election","Republican",1,8,0.08,"Counterfactual",0.2,0.96,"More
likely"
"general","vote","Vote Choice, General Election","Democrat",-1,8,0.0100502512562814,"Counterfactual",0.2,0.0050251256281407,NA
"general","vote","Vote Choice, General Election","Democrat",0,779,0.978643216080402,"Counterfactual",0.2,0.499371859296482,"No
change"
"general","vote","Vote Choice, General Election","Democrat",1,9,0.0113065326633166,"Counterfactual",0.2,0.994346733668342,"More
likely"
"general","vote","Vote Choice, General Election","Independent",-1,7,0.0265151515151515,"Counterfactual",0.2,0.0132575757575758,"Less
likely"
"general","vote","Vote Choice, General Election","Independent",0,247,0.93560606060606,"Counterfactual",0.2,0.494318181818182,"No
change"
"general","vote","Vote Choice, General Election","Independent",1,10,0.0378787878787879,"Counterfactual",0.2,0.981060606060606,"More
likely"
"primary","vote","Vote Choice, Republican Primary","Republican",-1,29,0.0337209302325581,"Counterfactual",0.2,0.0168604651162791,"Less
likely"
"primary","vote","Vote Choice, Republican Primary","Republican",0,816,0.948837209302326,"Counterfactual",0.2,0.508139534883721,"No
change"
"primary","vote","Vote Choice, Republican Primary","Republican",1,15,0.0174418604651163,"Counterfactual",0.2,0.991279069767442,"More
likely"
"primary","vote","Vote Choice, Republican Primary","Democrat",0,43,1,"Counterfactual",0.2,0.5,"No
change"
"primary","vote","Vote Choice, Republican Primary","Independent",-1,1,0.0166666666666667,"Counterfactual",0.2,0.00833333333333333,"Less
likely"
"primary","vote","Vote Choice, Republican Primary","Independent",0,58,0.966666666666667,"Counterfactual",0.2,0.5,"No
change"
"primary","vote","Vote Choice, Republican Primary","Independent",1,1,0.0166666666666667,"Counterfactual",0.2,0.991666666666667,"More
likely"
"docs","docs","Belief Trump Mishandled Docs","Republican",-1,23,0.0250544662309368,"Counterfactual",0.21,0.0125272331154684,"Less
likely"
"docs","docs","Belief Trump Mishandled Docs","Republican",0,831,0.905228758169935,"Counterfactual",0.21,0.477668845315904,"No
change"
"docs","docs","Belief Trump Mishandled Docs","Republican",1,64,0.0697167755991285,"Counterfactual",0.21,0.965141612200436,"More
likely"
"docs","docs","Belief Trump Mishandled Docs","Democrat",-1,13,0.0140086206896552,"Counterfactual",0.21,0.00700431034482759,NA
"docs","docs","Belief Trump Mishandled Docs","Democrat",0,809,0.87176724137931,"Counterfactual",0.21,0.44989224137931,"No
change"
"docs","docs","Belief Trump Mishandled Docs","Democrat",1,106,0.114224137931034,"Counterfactual",0.21,0.942887931034483,"More
likely"
"docs","docs","Belief Trump Mishandled Docs","Independent",-1,9,0.0254957507082153,"Counterfactual",0.21,0.0127478753541076,"Less
likely"
"docs","docs","Belief Trump Mishandled Docs","Independent",0,305,0.864022662889518,"Counterfactual",0.21,0.457507082152975,"No
change"
"docs","docs","Belief Trump Mishandled Docs","Independent",1,39,0.110481586402266,"Counterfactual",0.21,0.944759206798867,"More
likely"
"general","vote","Vote Choice, General Election","Republican",-1,5,0.05,"Counterfactual",0.21,0.025,"Less
likely"
"general","vote","Vote Choice, General Election","Republican",0,88,0.88,"Counterfactual",0.21,0.49,"No
change"
"general","vote","Vote Choice, General Election","Republican",1,7,0.07,"Counterfactual",0.21,0.965,"More
likely"
"general","vote","Vote Choice, General Election","Democrat",-1,7,0.00879396984924623,"Counterfactual",0.21,0.00439698492462312,NA
"general","vote","Vote Choice, General Election","Democrat",0,780,0.979899497487437,"Counterfactual",0.21,0.498743718592965,"No
change"
"general","vote","Vote Choice, General Election","Democrat",1,9,0.0113065326633166,"Counterfactual",0.21,0.994346733668342,"More
likely"
"general","vote","Vote Choice, General Election","Independent",-1,7,0.0265151515151515,"Counterfactual",0.21,0.0132575757575758,"Less
likely"
"general","vote","Vote Choice, General Election","Independent",0,247,0.93560606060606,"Counterfactual",0.21,0.494318181818182,"No
change"
"general","vote","Vote Choice, General Election","Independent",1,10,0.0378787878787879,"Counterfactual",0.21,0.981060606060606,"More
likely"
"primary","vote","Vote Choice, Republican Primary","Republican",-1,27,0.0313953488372093,"Counterfactual",0.21,0.0156976744186047,"Less
likely"
"primary","vote","Vote Choice, Republican Primary","Republican",0,821,0.954651162790698,"Counterfactual",0.21,0.508720930232558,"No
change"
"primary","vote","Vote Choice, Republican Primary","Republican",1,12,0.013953488372093,"Counterfactual",0.21,0.993023255813953,"More
likely"
"primary","vote","Vote Choice, Republican Primary","Democrat",0,43,1,"Counterfactual",0.21,0.5,"No
change"
"primary","vote","Vote Choice, Republican Primary","Independent",-1,1,0.0166666666666667,"Counterfactual",0.21,0.00833333333333333,"Less
likely"
"primary","vote","Vote Choice, Republican Primary","Independent",0,58,0.966666666666667,"Counterfactual",0.21,0.5,"No
change"
"primary","vote","Vote Choice, Republican Primary","Independent",1,1,0.0166666666666667,"Counterfactual",0.21,0.991666666666667,"More
likely"
"docs","docs","Belief Trump Mishandled Docs","Republican",-1,22,0.0239651416122004,"Counterfactual",0.22,0.0119825708061002,"Less
likely"
"docs","docs","Belief Trump Mishandled Docs","Republican",0,837,0.911764705882353,"Counterfactual",0.22,0.479847494553377,"No
change"
"docs","docs","Belief Trump Mishandled Docs","Republican",1,59,0.0642701525054466,"Counterfactual",0.22,0.967864923747277,"More
likely"
"docs","docs","Belief Trump Mishandled Docs","Democrat",-1,13,0.0140086206896552,"Counterfactual",0.22,0.00700431034482759,NA
"docs","docs","Belief Trump Mishandled Docs","Democrat",0,814,0.877155172413793,"Counterfactual",0.22,0.452586206896552,"No
change"
"docs","docs","Belief Trump Mishandled Docs","Democrat",1,101,0.108836206896552,"Counterfactual",0.22,0.945581896551724,"More
likely"
"docs","docs","Belief Trump Mishandled Docs","Independent",-1,9,0.0254957507082153,"Counterfactual",0.22,0.0127478753541076,"Less
likely"
"docs","docs","Belief Trump Mishandled Docs","Independent",0,308,0.872521246458923,"Counterfactual",0.22,0.461756373937677,"No
change"
"docs","docs","Belief Trump Mishandled Docs","Independent",1,36,0.101983002832861,"Counterfactual",0.22,0.949008498583569,"More
likely"
"general","vote","Vote Choice, General Election","Republican",-1,5,0.05,"Counterfactual",0.22,0.025,"Less
likely"
"general","vote","Vote Choice, General Election","Republican",0,88,0.88,"Counterfactual",0.22,0.49,"No
change"
"general","vote","Vote Choice, General Election","Republican",1,7,0.07,"Counterfactual",0.22,0.965,"More
likely"
"general","vote","Vote Choice, General Election","Democrat",-1,7,0.00879396984924623,"Counterfactual",0.22,0.00439698492462312,NA
"general","vote","Vote Choice, General Election","Democrat",0,780,0.979899497487437,"Counterfactual",0.22,0.498743718592965,"No
change"
"general","vote","Vote Choice, General Election","Democrat",1,9,0.0113065326633166,"Counterfactual",0.22,0.994346733668342,"More
likely"
"general","vote","Vote Choice, General Election","Independent",-1,6,0.0227272727272727,"Counterfactual",0.22,0.0113636363636364,"Less
likely"
"general","vote","Vote Choice, General Election","Independent",0,249,0.943181818181818,"Counterfactual",0.22,0.494318181818182,"No
change"
"general","vote","Vote Choice, General Election","Independent",1,9,0.0340909090909091,"Counterfactual",0.22,0.982954545454545,"More
likely"
"primary","vote","Vote Choice, Republican Primary","Republican",-1,27,0.0313953488372093,"Counterfactual",0.22,0.0156976744186047,"Less
likely"
"primary","vote","Vote Choice, Republican Primary","Republican",0,823,0.956976744186047,"Counterfactual",0.22,0.509883720930232,"No
change"
"primary","vote","Vote Choice, Republican Primary","Republican",1,10,0.0116279069767442,"Counterfactual",0.22,0.994186046511628,"More
likely"
"primary","vote","Vote Choice, Republican Primary","Democrat",0,43,1,"Counterfactual",0.22,0.5,"No
change"
"primary","vote","Vote Choice, Republican Primary","Independent",-1,1,0.0166666666666667,"Counterfactual",0.22,0.00833333333333333,"Less
likely"
"primary","vote","Vote Choice, Republican Primary","Independent",0,58,0.966666666666667,"Counterfactual",0.22,0.5,"No
change"
"primary","vote","Vote Choice, Republican Primary","Independent",1,1,0.0166666666666667,"Counterfactual",0.22,0.991666666666667,"More
likely"
"docs","docs","Belief Trump Mishandled Docs","Republican",-1,22,0.0239651416122004,"Counterfactual",0.23,0.0119825708061002,"Less
likely"
"docs","docs","Belief Trump Mishandled Docs","Republican",0,839,0.913943355119826,"Counterfactual",0.23,0.480936819172113,"No
change"
"docs","docs","Belief Trump Mishandled Docs","Republican",1,57,0.0620915032679739,"Counterfactual",0.23,0.968954248366013,"More
likely"
"docs","docs","Belief Trump Mishandled Docs","Democrat",-1,13,0.0140086206896552,"Counterfactual",0.23,0.00700431034482759,NA
"docs","docs","Belief Trump Mishandled Docs","Democrat",0,814,0.877155172413793,"Counterfactual",0.23,0.452586206896552,"No
change"
"docs","docs","Belief Trump Mishandled Docs","Democrat",1,101,0.108836206896552,"Counterfactual",0.23,0.945581896551724,"More
likely"
"docs","docs","Belief Trump Mishandled Docs","Independent",-1,9,0.0254957507082153,"Counterfactual",0.23,0.0127478753541076,"Less
likely"
"docs","docs","Belief Trump Mishandled Docs","Independent",0,308,0.872521246458923,"Counterfactual",0.23,0.461756373937677,"No
change"
"docs","docs","Belief Trump Mishandled Docs","Independent",1,36,0.101983002832861,"Counterfactual",0.23,0.949008498583569,"More
likely"
"general","vote","Vote Choice, General Election","Republican",-1,5,0.05,"Counterfactual",0.23,0.025,"Less
likely"
"general","vote","Vote Choice, General Election","Republican",0,88,0.88,"Counterfactual",0.23,0.49,"No
change"
"general","vote","Vote Choice, General Election","Republican",1,7,0.07,"Counterfactual",0.23,0.965,"More
likely"
"general","vote","Vote Choice, General Election","Democrat",-1,7,0.00879396984924623,"Counterfactual",0.23,0.00439698492462312,NA
"general","vote","Vote Choice, General Election","Democrat",0,780,0.979899497487437,"Counterfactual",0.23,0.498743718592965,"No
change"
"general","vote","Vote Choice, General Election","Democrat",1,9,0.0113065326633166,"Counterfactual",0.23,0.994346733668342,"More
likely"
"general","vote","Vote Choice, General Election","Independent",-1,6,0.0227272727272727,"Counterfactual",0.23,0.0113636363636364,"Less
likely"
"general","vote","Vote Choice, General Election","Independent",0,249,0.943181818181818,"Counterfactual",0.23,0.494318181818182,"No
change"
"general","vote","Vote Choice, General Election","Independent",1,9,0.0340909090909091,"Counterfactual",0.23,0.982954545454545,"More
likely"
"primary","vote","Vote Choice, Republican Primary","Republican",-1,27,0.0313953488372093,"Counterfactual",0.23,0.0156976744186047,"Less
likely"
"primary","vote","Vote Choice, Republican Primary","Republican",0,823,0.956976744186047,"Counterfactual",0.23,0.509883720930232,"No
change"
"primary","vote","Vote Choice, Republican Primary","Republican",1,10,0.0116279069767442,"Counterfactual",0.23,0.994186046511628,"More
likely"
"primary","vote","Vote Choice, Republican Primary","Democrat",0,43,1,"Counterfactual",0.23,0.5,"No
change"
"primary","vote","Vote Choice, Republican Primary","Independent",-1,1,0.0166666666666667,"Counterfactual",0.23,0.00833333333333333,"Less
likely"
"primary","vote","Vote Choice, Republican Primary","Independent",0,58,0.966666666666667,"Counterfactual",0.23,0.5,"No
change"
"primary","vote","Vote Choice, Republican Primary","Independent",1,1,0.0166666666666667,"Counterfactual",0.23,0.991666666666667,"More
likely"
"docs","docs","Belief Trump Mishandled Docs","Republican",-1,22,0.0239651416122004,"Counterfactual",0.24,0.0119825708061002,"Less
likely"
"docs","docs","Belief Trump Mishandled Docs","Republican",0,839,0.913943355119826,"Counterfactual",0.24,0.480936819172113,"No
change"
"docs","docs","Belief Trump Mishandled Docs","Republican",1,57,0.0620915032679739,"Counterfactual",0.24,0.968954248366013,"More
likely"
"docs","docs","Belief Trump Mishandled Docs","Democrat",-1,13,0.0140086206896552,"Counterfactual",0.24,0.00700431034482759,NA
"docs","docs","Belief Trump Mishandled Docs","Democrat",0,816,0.879310344827586,"Counterfactual",0.24,0.453663793103448,"No
change"
"docs","docs","Belief Trump Mishandled Docs","Democrat",1,99,0.106681034482759,"Counterfactual",0.24,0.946659482758621,"More
likely"
"docs","docs","Belief Trump Mishandled Docs","Independent",-1,9,0.0254957507082153,"Counterfactual",0.24,0.0127478753541076,"Less
likely"
"docs","docs","Belief Trump Mishandled Docs","Independent",0,308,0.872521246458923,"Counterfactual",0.24,0.461756373937677,"No
change"
"docs","docs","Belief Trump Mishandled Docs","Independent",1,36,0.101983002832861,"Counterfactual",0.24,0.949008498583569,"More
likely"
"general","vote","Vote Choice, General Election","Republican",-1,5,0.05,"Counterfactual",0.24,0.025,"Less
likely"
"general","vote","Vote Choice, General Election","Republican",0,89,0.89,"Counterfactual",0.24,0.495,"No
change"
"general","vote","Vote Choice, General Election","Republican",1,6,0.06,"Counterfactual",0.24,0.97,"More
likely"
"general","vote","Vote Choice, General Election","Democrat",-1,7,0.00879396984924623,"Counterfactual",0.24,0.00439698492462312,NA
"general","vote","Vote Choice, General Election","Democrat",0,780,0.979899497487437,"Counterfactual",0.24,0.498743718592965,"No
change"
"general","vote","Vote Choice, General Election","Democrat",1,9,0.0113065326633166,"Counterfactual",0.24,0.994346733668342,"More
likely"
"general","vote","Vote Choice, General Election","Independent",-1,6,0.0227272727272727,"Counterfactual",0.24,0.0113636363636364,"Less
likely"
"general","vote","Vote Choice, General Election","Independent",0,249,0.943181818181818,"Counterfactual",0.24,0.494318181818182,"No
change"
"general","vote","Vote Choice, General Election","Independent",1,9,0.0340909090909091,"Counterfactual",0.24,0.982954545454545,"More
likely"
"primary","vote","Vote Choice, Republican Primary","Republican",-1,26,0.0302325581395349,"Counterfactual",0.24,0.0151162790697674,"Less
likely"
"primary","vote","Vote Choice, Republican Primary","Republican",0,825,0.959302325581395,"Counterfactual",0.24,0.509883720930232,"No
change"
"primary","vote","Vote Choice, Republican Primary","Republican",1,9,0.0104651162790698,"Counterfactual",0.24,0.994767441860465,"More
likely"
"primary","vote","Vote Choice, Republican Primary","Democrat",0,43,1,"Counterfactual",0.24,0.5,"No
change"
"primary","vote","Vote Choice, Republican Primary","Independent",-1,1,0.0166666666666667,"Counterfactual",0.24,0.00833333333333333,"Less
likely"
"primary","vote","Vote Choice, Republican Primary","Independent",0,59,0.983333333333333,"Counterfactual",0.24,0.508333333333333,"No
change"
"docs","docs","Belief Trump Mishandled Docs","Republican",-1,20,0.0217864923747277,"Counterfactual",0.25,0.0108932461873638,"Less
likely"
"docs","docs","Belief Trump Mishandled Docs","Republican",0,845,0.920479302832244,"Counterfactual",0.25,0.48202614379085,"No
change"
"docs","docs","Belief Trump Mishandled Docs","Republican",1,53,0.0577342047930283,"Counterfactual",0.25,0.971132897603486,"More
likely"
"docs","docs","Belief Trump Mishandled Docs","Democrat",-1,13,0.0140086206896552,"Counterfactual",0.25,0.00700431034482759,NA
"docs","docs","Belief Trump Mishandled Docs","Democrat",0,824,0.887931034482759,"Counterfactual",0.25,0.457974137931034,"No
change"
"docs","docs","Belief Trump Mishandled Docs","Democrat",1,91,0.0980603448275862,"Counterfactual",0.25,0.950969827586207,"More
likely"
"docs","docs","Belief Trump Mishandled Docs","Independent",-1,9,0.0254957507082153,"Counterfactual",0.25,0.0127478753541076,"Less
likely"
"docs","docs","Belief Trump Mishandled Docs","Independent",0,310,0.878186968838527,"Counterfactual",0.25,0.464589235127479,"No
change"
"docs","docs","Belief Trump Mishandled Docs","Independent",1,34,0.0963172804532578,"Counterfactual",0.25,0.951841359773371,"More
likely"
"general","vote","Vote Choice, General Election","Republican",-1,5,0.05,"Counterfactual",0.25,0.025,"Less
likely"
"general","vote","Vote Choice, General Election","Republican",0,90,0.9,"Counterfactual",0.25,0.5,"No
change"
"general","vote","Vote Choice, General Election","Republican",1,5,0.05,"Counterfactual",0.25,0.975,"More
likely"
"general","vote","Vote Choice, General Election","Democrat",-1,7,0.00879396984924623,"Counterfactual",0.25,0.00439698492462312,NA
"general","vote","Vote Choice, General Election","Democrat",0,780,0.979899497487437,"Counterfactual",0.25,0.498743718592965,"No
change"
"general","vote","Vote Choice, General Election","Democrat",1,9,0.0113065326633166,"Counterfactual",0.25,0.994346733668342,"More
likely"
"general","vote","Vote Choice, General Election","Independent",-1,6,0.0227272727272727,"Counterfactual",0.25,0.0113636363636364,"Less
likely"
"general","vote","Vote Choice, General Election","Independent",0,251,0.950757575757576,"Counterfactual",0.25,0.498106060606061,"No
change"
"general","vote","Vote Choice, General Election","Independent",1,7,0.0265151515151515,"Counterfactual",0.25,0.986742424242424,"More
likely"
"primary","vote","Vote Choice, Republican Primary","Republican",-1,24,0.027906976744186,"Counterfactual",0.25,0.013953488372093,"Less
likely"
"primary","vote","Vote Choice, Republican Primary","Republican",0,827,0.961627906976744,"Counterfactual",0.25,0.508720930232558,"No
change"
"primary","vote","Vote Choice, Republican Primary","Republican",1,9,0.0104651162790698,"Counterfactual",0.25,0.994767441860465,"More
likely"
"primary","vote","Vote Choice, Republican Primary","Democrat",0,43,1,"Counterfactual",0.25,0.5,"No
change"
"primary","vote","Vote Choice, Republican Primary","Independent",-1,1,0.0166666666666667,"Counterfactual",0.25,0.00833333333333333,"Less
likely"
"primary","vote","Vote Choice, Republican Primary","Independent",0,59,0.983333333333333,"Counterfactual",0.25,0.508333333333333,"No
change"
"docs","docs","Belief Trump Mishandled Docs","Republican",-1,20,0.0217864923747277,"Counterfactual",0.26,0.0108932461873638,"Less
likely"
"docs","docs","Belief Trump Mishandled Docs","Republican",0,851,0.927015250544662,"Counterfactual",0.26,0.485294117647059,"No
change"
"docs","docs","Belief Trump Mishandled Docs","Republican",1,47,0.05119825708061,"Counterfactual",0.26,0.974400871459695,"More
likely"
"docs","docs","Belief Trump Mishandled Docs","Democrat",-1,12,0.0129310344827586,"Counterfactual",0.26,0.00646551724137931,NA
"docs","docs","Belief Trump Mishandled Docs","Democrat",0,837,0.901939655172414,"Counterfactual",0.26,0.463900862068966,"No
change"
"docs","docs","Belief Trump Mishandled Docs","Democrat",1,79,0.0851293103448276,"Counterfactual",0.26,0.957435344827586,"More
likely"
"docs","docs","Belief Trump Mishandled Docs","Independent",-1,7,0.0198300283286119,"Counterfactual",0.26,0.00991501416430595,"Less
likely"
"docs","docs","Belief Trump Mishandled Docs","Independent",0,321,0.909348441926346,"Counterfactual",0.26,0.474504249291785,"No
change"
"docs","docs","Belief Trump Mishandled Docs","Independent",1,25,0.0708215297450425,"Counterfactual",0.26,0.964589235127479,"More
likely"
"general","vote","Vote Choice, General Election","Republican",-1,5,0.05,"Counterfactual",0.26,0.025,"Less
likely"
"general","vote","Vote Choice, General Election","Republican",0,90,0.9,"Counterfactual",0.26,0.5,"No
change"
"general","vote","Vote Choice, General Election","Republican",1,5,0.05,"Counterfactual",0.26,0.975,"More
likely"
"general","vote","Vote Choice, General Election","Democrat",-1,6,0.00753768844221105,"Counterfactual",0.26,0.00376884422110553,NA
"general","vote","Vote Choice, General Election","Democrat",0,783,0.983668341708543,"Counterfactual",0.26,0.499371859296482,"No
change"
"general","vote","Vote Choice, General Election","Democrat",1,7,0.00879396984924623,"Counterfactual",0.26,0.995603015075377,"More
likely"
"general","vote","Vote Choice, General Election","Independent",-1,5,0.0189393939393939,"Counterfactual",0.26,0.00946969696969697,"Less
likely"
"general","vote","Vote Choice, General Election","Independent",0,254,0.962121212121212,"Counterfactual",0.26,0.5,"No
change"
"general","vote","Vote Choice, General Election","Independent",1,5,0.0189393939393939,"Counterfactual",0.26,0.990530303030303,"More
likely"
"primary","vote","Vote Choice, Republican Primary","Republican",-1,23,0.0267441860465116,"Counterfactual",0.26,0.0133720930232558,"Less
likely"
"primary","vote","Vote Choice, Republican Primary","Republican",0,829,0.963953488372093,"Counterfactual",0.26,0.508720930232558,"No
change"
"primary","vote","Vote Choice, Republican Primary","Republican",1,8,0.00930232558139535,"Counterfactual",0.26,0.995348837209302,"More
likely"
"primary","vote","Vote Choice, Republican Primary","Democrat",0,43,1,"Counterfactual",0.26,0.5,"No
change"
"primary","vote","Vote Choice, Republican Primary","Independent",-1,1,0.0166666666666667,"Counterfactual",0.26,0.00833333333333333,"Less
likely"
"primary","vote","Vote Choice, Republican Primary","Independent",0,59,0.983333333333333,"Counterfactual",0.26,0.508333333333333,"No
change"
"docs","docs","Belief Trump Mishandled Docs","Republican",-1,17,0.0185185185185185,"Counterfactual",0.27,0.00925925925925926,"Less
likely"
"docs","docs","Belief Trump Mishandled Docs","Republican",0,856,0.932461873638344,"Counterfactual",0.27,0.484749455337691,"No
change"
"docs","docs","Belief Trump Mishandled Docs","Republican",1,45,0.0490196078431373,"Counterfactual",0.27,0.975490196078431,"More
likely"
"docs","docs","Belief Trump Mishandled Docs","Democrat",-1,11,0.0118534482758621,"Counterfactual",0.27,0.00592672413793103,NA
"docs","docs","Belief Trump Mishandled Docs","Democrat",0,841,0.90625,"Counterfactual",0.27,0.464978448275862,"No
change"
"docs","docs","Belief Trump Mishandled Docs","Democrat",1,76,0.0818965517241379,"Counterfactual",0.27,0.959051724137931,"More
likely"
"docs","docs","Belief Trump Mishandled Docs","Independent",-1,6,0.0169971671388102,"Counterfactual",0.27,0.0084985835694051,"Less
likely"
"docs","docs","Belief Trump Mishandled Docs","Independent",0,322,0.912181303116147,"Counterfactual",0.27,0.473087818696884,"No
change"
"docs","docs","Belief Trump Mishandled Docs","Independent",1,25,0.0708215297450425,"Counterfactual",0.27,0.964589235127479,"More
likely"
"general","vote","Vote Choice, General Election","Republican",-1,4,0.04,"Counterfactual",0.27,0.02,"Less
likely"
"general","vote","Vote Choice, General Election","Republican",0,91,0.91,"Counterfactual",0.27,0.495,"No
change"
"general","vote","Vote Choice, General Election","Republican",1,5,0.05,"Counterfactual",0.27,0.975,"More
likely"
"general","vote","Vote Choice, General Election","Democrat",-1,5,0.00628140703517588,"Counterfactual",0.27,0.00314070351758794,NA
"general","vote","Vote Choice, General Election","Democrat",0,784,0.984924623115578,"Counterfactual",0.27,0.498743718592965,"No
change"
"general","vote","Vote Choice, General Election","Democrat",1,7,0.00879396984924623,"Counterfactual",0.27,0.995603015075377,"More
likely"
"general","vote","Vote Choice, General Election","Independent",-1,4,0.0151515151515152,"Counterfactual",0.27,0.00757575757575758,"Less
likely"
"general","vote","Vote Choice, General Election","Independent",0,255,0.965909090909091,"Counterfactual",0.27,0.498106060606061,"No
change"
"general","vote","Vote Choice, General Election","Independent",1,5,0.0189393939393939,"Counterfactual",0.27,0.990530303030303,"More
likely"
"primary","vote","Vote Choice, Republican Primary","Republican",-1,23,0.0267441860465116,"Counterfactual",0.27,0.0133720930232558,"Less
likely"
"primary","vote","Vote Choice, Republican Primary","Republican",0,830,0.965116279069767,"Counterfactual",0.27,0.509302325581395,"No
change"
"primary","vote","Vote Choice, Republican Primary","Republican",1,7,0.00813953488372093,"Counterfactual",0.27,0.99593023255814,"More
likely"
"primary","vote","Vote Choice, Republican Primary","Democrat",0,43,1,"Counterfactual",0.27,0.5,"No
change"
"primary","vote","Vote Choice, Republican Primary","Independent",-1,1,0.0166666666666667,"Counterfactual",0.27,0.00833333333333333,"Less
likely"
"primary","vote","Vote Choice, Republican Primary","Independent",0,59,0.983333333333333,"Counterfactual",0.27,0.508333333333333,"No
change"
"docs","docs","Belief Trump Mishandled Docs","Republican",-1,17,0.0185185185185185,"Counterfactual",0.28,0.00925925925925926,"Less
likely"
"docs","docs","Belief Trump Mishandled Docs","Republican",0,857,0.933551198257081,"Counterfactual",0.28,0.485294117647059,"No
change"
"docs","docs","Belief Trump Mishandled Docs","Republican",1,44,0.0479302832244009,"Counterfactual",0.28,0.9760348583878,"More
likely"
"docs","docs","Belief Trump Mishandled Docs","Democrat",-1,11,0.0118534482758621,"Counterfactual",0.28,0.00592672413793103,NA
"docs","docs","Belief Trump Mishandled Docs","Democrat",0,843,0.908405172413793,"Counterfactual",0.28,0.466056034482759,"No
change"
"docs","docs","Belief Trump Mishandled Docs","Democrat",1,74,0.0797413793103448,"Counterfactual",0.28,0.960129310344828,"More
likely"
"docs","docs","Belief Trump Mishandled Docs","Independent",-1,6,0.0169971671388102,"Counterfactual",0.28,0.0084985835694051,"Less
likely"
"docs","docs","Belief Trump Mishandled Docs","Independent",0,324,0.917847025495751,"Counterfactual",0.28,0.475920679886686,"No
change"
"docs","docs","Belief Trump Mishandled Docs","Independent",1,23,0.0651558073654391,"Counterfactual",0.28,0.96742209631728,"More
likely"
"general","vote","Vote Choice, General Election","Republican",-1,4,0.04,"Counterfactual",0.28,0.02,"Less
likely"
"general","vote","Vote Choice, General Election","Republican",0,91,0.91,"Counterfactual",0.28,0.495,"No
change"
"general","vote","Vote Choice, General Election","Republican",1,5,0.05,"Counterfactual",0.28,0.975,"More
likely"
"general","vote","Vote Choice, General Election","Democrat",-1,5,0.00628140703517588,"Counterfactual",0.28,0.00314070351758794,NA
"general","vote","Vote Choice, General Election","Democrat",0,784,0.984924623115578,"Counterfactual",0.28,0.498743718592965,"No
change"
"general","vote","Vote Choice, General Election","Democrat",1,7,0.00879396984924623,"Counterfactual",0.28,0.995603015075377,"More
likely"
"general","vote","Vote Choice, General Election","Independent",-1,4,0.0151515151515152,"Counterfactual",0.28,0.00757575757575758,"Less
likely"
"general","vote","Vote Choice, General Election","Independent",0,255,0.965909090909091,"Counterfactual",0.28,0.498106060606061,"No
change"
"general","vote","Vote Choice, General Election","Independent",1,5,0.0189393939393939,"Counterfactual",0.28,0.990530303030303,"More
likely"
"primary","vote","Vote Choice, Republican Primary","Republican",-1,22,0.0255813953488372,"Counterfactual",0.28,0.0127906976744186,"Less
likely"
"primary","vote","Vote Choice, Republican Primary","Republican",0,831,0.966279069767442,"Counterfactual",0.28,0.508720930232558,"No
change"
"primary","vote","Vote Choice, Republican Primary","Republican",1,7,0.00813953488372093,"Counterfactual",0.28,0.995930232558139,"More
likely"
"primary","vote","Vote Choice, Republican Primary","Democrat",0,43,1,"Counterfactual",0.28,0.5,"No
change"
"primary","vote","Vote Choice, Republican Primary","Independent",-1,1,0.0166666666666667,"Counterfactual",0.28,0.00833333333333333,"Less
likely"
"primary","vote","Vote Choice, Republican Primary","Independent",0,59,0.983333333333333,"Counterfactual",0.28,0.508333333333333,"No
change"
"docs","docs","Belief Trump Mishandled Docs","Republican",-1,17,0.0185185185185185,"Counterfactual",0.29,0.00925925925925926,"Less
likely"
"docs","docs","Belief Trump Mishandled Docs","Republican",0,859,0.935729847494553,"Counterfactual",0.29,0.486383442265795,"No
change"
"docs","docs","Belief Trump Mishandled Docs","Republican",1,42,0.0457516339869281,"Counterfactual",0.29,0.977124183006536,"More
likely"
"docs","docs","Belief Trump Mishandled Docs","Democrat",-1,11,0.0118534482758621,"Counterfactual",0.29,0.00592672413793103,NA
"docs","docs","Belief Trump Mishandled Docs","Democrat",0,844,0.90948275862069,"Counterfactual",0.29,0.466594827586207,"No
change"
"docs","docs","Belief Trump Mishandled Docs","Democrat",1,73,0.0786637931034483,"Counterfactual",0.29,0.960668103448276,"More
likely"
"docs","docs","Belief Trump Mishandled Docs","Independent",-1,6,0.0169971671388102,"Counterfactual",0.29,0.0084985835694051,"Less
likely"
"docs","docs","Belief Trump Mishandled Docs","Independent",0,324,0.917847025495751,"Counterfactual",0.29,0.475920679886686,"No
change"
"docs","docs","Belief Trump Mishandled Docs","Independent",1,23,0.0651558073654391,"Counterfactual",0.29,0.96742209631728,"More
likely"
"general","vote","Vote Choice, General Election","Republican",-1,4,0.04,"Counterfactual",0.29,0.02,"Less
likely"
"general","vote","Vote Choice, General Election","Republican",0,91,0.91,"Counterfactual",0.29,0.495,"No
change"
"general","vote","Vote Choice, General Election","Republican",1,5,0.05,"Counterfactual",0.29,0.975,"More
likely"
"general","vote","Vote Choice, General Election","Democrat",-1,5,0.00628140703517588,"Counterfactual",0.29,0.00314070351758794,NA
"general","vote","Vote Choice, General Election","Democrat",0,784,0.984924623115578,"Counterfactual",0.29,0.498743718592965,"No
change"
"general","vote","Vote Choice, General Election","Democrat",1,7,0.00879396984924623,"Counterfactual",0.29,0.995603015075377,"More
likely"
"general","vote","Vote Choice, General Election","Independent",-1,4,0.0151515151515152,"Counterfactual",0.29,0.00757575757575758,"Less
likely"
"general","vote","Vote Choice, General Election","Independent",0,255,0.965909090909091,"Counterfactual",0.29,0.498106060606061,"No
change"
"general","vote","Vote Choice, General Election","Independent",1,5,0.0189393939393939,"Counterfactual",0.29,0.990530303030303,"More
likely"
"primary","vote","Vote Choice, Republican Primary","Republican",-1,22,0.0255813953488372,"Counterfactual",0.29,0.0127906976744186,"Less
likely"
"primary","vote","Vote Choice, Republican Primary","Republican",0,832,0.967441860465116,"Counterfactual",0.29,0.509302325581395,"No
change"
"primary","vote","Vote Choice, Republican Primary","Republican",1,6,0.00697674418604651,"Counterfactual",0.29,0.996511627906977,"More
likely"
"primary","vote","Vote Choice, Republican Primary","Democrat",0,43,1,"Counterfactual",0.29,0.5,"No
change"
"primary","vote","Vote Choice, Republican Primary","Independent",-1,1,0.0166666666666667,"Counterfactual",0.29,0.00833333333333333,"Less
likely"
"primary","vote","Vote Choice, Republican Primary","Independent",0,59,0.983333333333333,"Counterfactual",0.29,0.508333333333333,"No
change"
"docs","docs","Belief Trump Mishandled Docs","Republican",-1,17,0.0185185185185185,"Counterfactual",0.3,0.00925925925925926,"Less
likely"
"docs","docs","Belief Trump Mishandled Docs","Republican",0,863,0.940087145969499,"Counterfactual",0.3,0.488562091503268,"No
change"
"docs","docs","Belief Trump Mishandled Docs","Republican",1,38,0.0413943355119826,"Counterfactual",0.3,0.979302832244009,"More
likely"
"docs","docs","Belief Trump Mishandled Docs","Democrat",-1,11,0.0118534482758621,"Counterfactual",0.3,0.00592672413793103,NA
"docs","docs","Belief Trump Mishandled Docs","Democrat",0,846,0.911637931034483,"Counterfactual",0.3,0.467672413793103,"No
change"
"docs","docs","Belief Trump Mishandled Docs","Democrat",1,71,0.0765086206896552,"Counterfactual",0.3,0.961745689655172,"More
likely"
"docs","docs","Belief Trump Mishandled Docs","Independent",-1,5,0.0141643059490085,"Counterfactual",0.3,0.00708215297450425,"Less
likely"
"docs","docs","Belief Trump Mishandled Docs","Independent",0,326,0.923512747875354,"Counterfactual",0.3,0.475920679886686,"No
change"
"docs","docs","Belief Trump Mishandled Docs","Independent",1,22,0.0623229461756374,"Counterfactual",0.3,0.968838526912181,"More
likely"
"general","vote","Vote Choice, General Election","Republican",-1,4,0.04,"Counterfactual",0.3,0.02,"Less
likely"
"general","vote","Vote Choice, General Election","Republican",0,91,0.91,"Counterfactual",0.3,0.495,"No
change"
"general","vote","Vote Choice, General Election","Republican",1,5,0.05,"Counterfactual",0.3,0.975,"More
likely"
"general","vote","Vote Choice, General Election","Democrat",-1,5,0.00628140703517588,"Counterfactual",0.3,0.00314070351758794,NA
"general","vote","Vote Choice, General Election","Democrat",0,784,0.984924623115578,"Counterfactual",0.3,0.498743718592965,"No
change"
"general","vote","Vote Choice, General Election","Democrat",1,7,0.00879396984924623,"Counterfactual",0.3,0.995603015075377,"More
likely"
"general","vote","Vote Choice, General Election","Independent",-1,4,0.0151515151515152,"Counterfactual",0.3,0.00757575757575758,"Less
likely"
"general","vote","Vote Choice, General Election","Independent",0,255,0.965909090909091,"Counterfactual",0.3,0.498106060606061,"No
change"
"general","vote","Vote Choice, General Election","Independent",1,5,0.0189393939393939,"Counterfactual",0.3,0.990530303030303,"More
likely"
"primary","vote","Vote Choice, Republican Primary","Republican",-1,22,0.0255813953488372,"Counterfactual",0.3,0.0127906976744186,"Less
likely"
"primary","vote","Vote Choice, Republican Primary","Republican",0,832,0.967441860465116,"Counterfactual",0.3,0.509302325581395,"No
change"
"primary","vote","Vote Choice, Republican Primary","Republican",1,6,0.00697674418604651,"Counterfactual",0.3,0.996511627906977,"More
likely"
"primary","vote","Vote Choice, Republican Primary","Democrat",0,43,1,"Counterfactual",0.3,0.5,"No
change"
"primary","vote","Vote Choice, Republican Primary","Independent",-1,1,0.0166666666666667,"Counterfactual",0.3,0.00833333333333333,"Less
likely"
"primary","vote","Vote Choice, Republican Primary","Independent",0,59,0.983333333333333,"Counterfactual",0.3,0.508333333333333,"No
change"
"docs","docs","Belief Trump Mishandled Docs","Republican",-1,17,0.0185185185185185,"Counterfactual",0.31,0.00925925925925926,"Less
likely"
"docs","docs","Belief Trump Mishandled Docs","Republican",0,865,0.942265795206972,"Counterfactual",0.31,0.489651416122004,"No
change"
"docs","docs","Belief Trump Mishandled Docs","Republican",1,36,0.0392156862745098,"Counterfactual",0.31,0.980392156862745,"More
likely"
"docs","docs","Belief Trump Mishandled Docs","Democrat",-1,11,0.0118534482758621,"Counterfactual",0.31,0.00592672413793103,NA
"docs","docs","Belief Trump Mishandled Docs","Democrat",0,856,0.922413793103448,"Counterfactual",0.31,0.473060344827586,"No
change"
"docs","docs","Belief Trump Mishandled Docs","Democrat",1,61,0.0657327586206897,"Counterfactual",0.31,0.967133620689655,"More
likely"
"docs","docs","Belief Trump Mishandled Docs","Independent",-1,5,0.0141643059490085,"Counterfactual",0.31,0.00708215297450425,"Less
likely"
"docs","docs","Belief Trump Mishandled Docs","Independent",0,326,0.923512747875354,"Counterfactual",0.31,0.475920679886686,"No
change"
"docs","docs","Belief Trump Mishandled Docs","Independent",1,22,0.0623229461756374,"Counterfactual",0.31,0.968838526912181,"More
likely"
"general","vote","Vote Choice, General Election","Republican",-1,3,0.03,"Counterfactual",0.31,0.015,"Less
likely"
"general","vote","Vote Choice, General Election","Republican",0,92,0.92,"Counterfactual",0.31,0.49,"No
change"
"general","vote","Vote Choice, General Election","Republican",1,5,0.05,"Counterfactual",0.31,0.975,"More
likely"
"general","vote","Vote Choice, General Election","Democrat",-1,4,0.0050251256281407,"Counterfactual",0.31,0.00251256281407035,NA
"general","vote","Vote Choice, General Election","Democrat",0,785,0.986180904522613,"Counterfactual",0.31,0.498115577889447,"No
change"
"general","vote","Vote Choice, General Election","Democrat",1,7,0.00879396984924623,"Counterfactual",0.31,0.995603015075377,"More
likely"
"general","vote","Vote Choice, General Election","Independent",-1,4,0.0151515151515152,"Counterfactual",0.31,0.00757575757575758,"Less
likely"
"general","vote","Vote Choice, General Election","Independent",0,256,0.96969696969697,"Counterfactual",0.31,0.5,"No
change"
"general","vote","Vote Choice, General Election","Independent",1,4,0.0151515151515152,"Counterfactual",0.31,0.992424242424242,"More
likely"
"primary","vote","Vote Choice, Republican Primary","Republican",-1,20,0.0232558139534884,"Counterfactual",0.31,0.0116279069767442,"Less
likely"
"primary","vote","Vote Choice, Republican Primary","Republican",0,834,0.969767441860465,"Counterfactual",0.31,0.508139534883721,"No
change"
"primary","vote","Vote Choice, Republican Primary","Republican",1,6,0.00697674418604651,"Counterfactual",0.31,0.996511627906977,"More
likely"
"primary","vote","Vote Choice, Republican Primary","Democrat",0,43,1,"Counterfactual",0.31,0.5,"No
change"
"primary","vote","Vote Choice, Republican Primary","Independent",-1,1,0.0166666666666667,"Counterfactual",0.31,0.00833333333333333,"Less
likely"
"primary","vote","Vote Choice, Republican Primary","Independent",0,59,0.983333333333333,"Counterfactual",0.31,0.508333333333333,"No
change"
"docs","docs","Belief Trump Mishandled Docs","Republican",-1,15,0.0163398692810458,"Counterfactual",0.32,0.00816993464052288,"Less
likely"
"docs","docs","Belief Trump Mishandled Docs","Republican",0,870,0.947712418300654,"Counterfactual",0.32,0.490196078431373,"No
change"
"docs","docs","Belief Trump Mishandled Docs","Republican",1,33,0.0359477124183007,"Counterfactual",0.32,0.98202614379085,"More
likely"
"docs","docs","Belief Trump Mishandled Docs","Democrat",-1,11,0.0118534482758621,"Counterfactual",0.32,0.00592672413793103,NA
"docs","docs","Belief Trump Mishandled Docs","Democrat",0,860,0.926724137931034,"Counterfactual",0.32,0.475215517241379,"No
change"
"docs","docs","Belief Trump Mishandled Docs","Democrat",1,57,0.0614224137931034,"Counterfactual",0.32,0.969288793103448,"More
likely"
"docs","docs","Belief Trump Mishandled Docs","Independent",-1,4,0.0113314447592068,"Counterfactual",0.32,0.0056657223796034,"Less
likely"
"docs","docs","Belief Trump Mishandled Docs","Independent",0,327,0.926345609065156,"Counterfactual",0.32,0.474504249291785,"No
change"
"docs","docs","Belief Trump Mishandled Docs","Independent",1,22,0.0623229461756374,"Counterfactual",0.32,0.968838526912181,"More
likely"
"general","vote","Vote Choice, General Election","Republican",-1,3,0.03,"Counterfactual",0.32,0.015,"Less
likely"
"general","vote","Vote Choice, General Election","Republican",0,92,0.92,"Counterfactual",0.32,0.49,"No
change"
"general","vote","Vote Choice, General Election","Republican",1,5,0.05,"Counterfactual",0.32,0.975,"More
likely"
"general","vote","Vote Choice, General Election","Democrat",-1,4,0.0050251256281407,"Counterfactual",0.32,0.00251256281407035,NA
"general","vote","Vote Choice, General Election","Democrat",0,785,0.986180904522613,"Counterfactual",0.32,0.498115577889447,"No
change"
"general","vote","Vote Choice, General Election","Democrat",1,7,0.00879396984924623,"Counterfactual",0.32,0.995603015075377,"More
likely"
"general","vote","Vote Choice, General Election","Independent",-1,4,0.0151515151515152,"Counterfactual",0.32,0.00757575757575758,"Less
likely"
"general","vote","Vote Choice, General Election","Independent",0,256,0.96969696969697,"Counterfactual",0.32,0.5,"No
change"
"general","vote","Vote Choice, General Election","Independent",1,4,0.0151515151515152,"Counterfactual",0.32,0.992424242424242,"More
likely"
"primary","vote","Vote Choice, Republican Primary","Republican",-1,20,0.0232558139534884,"Counterfactual",0.32,0.0116279069767442,"Less
likely"
"primary","vote","Vote Choice, Republican Primary","Republican",0,834,0.969767441860465,"Counterfactual",0.32,0.508139534883721,"No
change"
"primary","vote","Vote Choice, Republican Primary","Republican",1,6,0.00697674418604651,"Counterfactual",0.32,0.996511627906977,"More
likely"
"primary","vote","Vote Choice, Republican Primary","Democrat",0,43,1,"Counterfactual",0.32,0.5,"No
change"
"primary","vote","Vote Choice, Republican Primary","Independent",-1,1,0.0166666666666667,"Counterfactual",0.32,0.00833333333333333,"Less
likely"
"primary","vote","Vote Choice, Republican Primary","Independent",0,59,0.983333333333333,"Counterfactual",0.32,0.508333333333333,"No
change"
"docs","docs","Belief Trump Mishandled Docs","Republican",-1,14,0.0152505446623094,"Counterfactual",0.33,0.00762527233115468,"Less
likely"
"docs","docs","Belief Trump Mishandled Docs","Republican",0,871,0.94880174291939,"Counterfactual",0.33,0.489651416122004,"No
change"
"docs","docs","Belief Trump Mishandled Docs","Republican",1,33,0.0359477124183007,"Counterfactual",0.33,0.98202614379085,"More
likely"
"docs","docs","Belief Trump Mishandled Docs","Democrat",-1,11,0.0118534482758621,"Counterfactual",0.33,0.00592672413793103,NA
"docs","docs","Belief Trump Mishandled Docs","Democrat",0,861,0.927801724137931,"Counterfactual",0.33,0.475754310344828,"No
change"
"docs","docs","Belief Trump Mishandled Docs","Democrat",1,56,0.0603448275862069,"Counterfactual",0.33,0.969827586206897,"More
likely"
"docs","docs","Belief Trump Mishandled Docs","Independent",-1,4,0.0113314447592068,"Counterfactual",0.33,0.0056657223796034,"Less
likely"
"docs","docs","Belief Trump Mishandled Docs","Independent",0,328,0.929178470254957,"Counterfactual",0.33,0.475920679886686,"No
change"
"docs","docs","Belief Trump Mishandled Docs","Independent",1,21,0.0594900849858357,"Counterfactual",0.33,0.970254957507082,"More
likely"
"general","vote","Vote Choice, General Election","Republican",-1,3,0.03,"Counterfactual",0.33,0.015,"Less
likely"
"general","vote","Vote Choice, General Election","Republican",0,92,0.92,"Counterfactual",0.33,0.49,"No
change"
"general","vote","Vote Choice, General Election","Republican",1,5,0.05,"Counterfactual",0.33,0.975,"More
likely"
"general","vote","Vote Choice, General Election","Democrat",-1,4,0.0050251256281407,"Counterfactual",0.33,0.00251256281407035,NA
"general","vote","Vote Choice, General Election","Democrat",0,785,0.986180904522613,"Counterfactual",0.33,0.498115577889447,"No
change"
"general","vote","Vote Choice, General Election","Democrat",1,7,0.00879396984924623,"Counterfactual",0.33,0.995603015075377,"More
likely"
"general","vote","Vote Choice, General Election","Independent",-1,4,0.0151515151515152,"Counterfactual",0.33,0.00757575757575758,"Less
likely"
"general","vote","Vote Choice, General Election","Independent",0,256,0.96969696969697,"Counterfactual",0.33,0.5,"No
change"
"general","vote","Vote Choice, General Election","Independent",1,4,0.0151515151515152,"Counterfactual",0.33,0.992424242424242,"More
likely"
"primary","vote","Vote Choice, Republican Primary","Republican",-1,20,0.0232558139534884,"Counterfactual",0.33,0.0116279069767442,"Less
likely"
"primary","vote","Vote Choice, Republican Primary","Republican",0,834,0.969767441860465,"Counterfactual",0.33,0.508139534883721,"No
change"
"primary","vote","Vote Choice, Republican Primary","Republican",1,6,0.00697674418604651,"Counterfactual",0.33,0.996511627906977,"More
likely"
"primary","vote","Vote Choice, Republican Primary","Democrat",0,43,1,"Counterfactual",0.33,0.5,"No
change"
"primary","vote","Vote Choice, Republican Primary","Independent",-1,1,0.0166666666666667,"Counterfactual",0.33,0.00833333333333333,"Less
likely"
"primary","vote","Vote Choice, Republican Primary","Independent",0,59,0.983333333333333,"Counterfactual",0.33,0.508333333333333,"No
change"
"docs","docs","Belief Trump Mishandled Docs","Republican",-1,14,0.0152505446623094,"Counterfactual",0.34,0.00762527233115468,"Less
likely"
"docs","docs","Belief Trump Mishandled Docs","Republican",0,872,0.949891067538126,"Counterfactual",0.34,0.490196078431373,"No
change"
"docs","docs","Belief Trump Mishandled Docs","Republican",1,32,0.0348583877995643,"Counterfactual",0.34,0.982570806100218,"More
likely"
"docs","docs","Belief Trump Mishandled Docs","Democrat",-1,11,0.0118534482758621,"Counterfactual",0.34,0.00592672413793103,NA
"docs","docs","Belief Trump Mishandled Docs","Democrat",0,861,0.927801724137931,"Counterfactual",0.34,0.475754310344828,"No
change"
"docs","docs","Belief Trump Mishandled Docs","Democrat",1,56,0.0603448275862069,"Counterfactual",0.34,0.969827586206897,"More
likely"
"docs","docs","Belief Trump Mishandled Docs","Independent",-1,4,0.0113314447592068,"Counterfactual",0.34,0.0056657223796034,"Less
likely"
"docs","docs","Belief Trump Mishandled Docs","Independent",0,329,0.932011331444759,"Counterfactual",0.34,0.477337110481586,"No
change"
"docs","docs","Belief Trump Mishandled Docs","Independent",1,20,0.056657223796034,"Counterfactual",0.34,0.971671388101983,"More
likely"
"general","vote","Vote Choice, General Election","Republican",-1,3,0.03,"Counterfactual",0.34,0.015,"Less
likely"
"general","vote","Vote Choice, General Election","Republican",0,92,0.92,"Counterfactual",0.34,0.49,"No
change"
"general","vote","Vote Choice, General Election","Republican",1,5,0.05,"Counterfactual",0.34,0.975,"More
likely"
"general","vote","Vote Choice, General Election","Democrat",-1,4,0.0050251256281407,"Counterfactual",0.34,0.00251256281407035,NA
"general","vote","Vote Choice, General Election","Democrat",0,785,0.986180904522613,"Counterfactual",0.34,0.498115577889447,"No
change"
"general","vote","Vote Choice, General Election","Democrat",1,7,0.00879396984924623,"Counterfactual",0.34,0.995603015075377,"More
likely"
"general","vote","Vote Choice, General Election","Independent",-1,4,0.0151515151515152,"Counterfactual",0.34,0.00757575757575758,"Less
likely"
"general","vote","Vote Choice, General Election","Independent",0,256,0.96969696969697,"Counterfactual",0.34,0.5,"No
change"
"general","vote","Vote Choice, General Election","Independent",1,4,0.0151515151515152,"Counterfactual",0.34,0.992424242424242,"More
likely"
"primary","vote","Vote Choice, Republican Primary","Republican",-1,20,0.0232558139534884,"Counterfactual",0.34,0.0116279069767442,"Less
likely"
"primary","vote","Vote Choice, Republican Primary","Republican",0,834,0.969767441860465,"Counterfactual",0.34,0.508139534883721,"No
change"
"primary","vote","Vote Choice, Republican Primary","Republican",1,6,0.00697674418604651,"Counterfactual",0.34,0.996511627906977,"More
likely"
"primary","vote","Vote Choice, Republican Primary","Democrat",0,43,1,"Counterfactual",0.34,0.5,"No
change"
"primary","vote","Vote Choice, Republican Primary","Independent",-1,1,0.0166666666666667,"Counterfactual",0.34,0.00833333333333333,"Less
likely"
"primary","vote","Vote Choice, Republican Primary","Independent",0,59,0.983333333333333,"Counterfactual",0.34,0.508333333333333,"No
change"
"docs","docs","Belief Trump Mishandled Docs","Republican",-1,13,0.014161220043573,"Counterfactual",0.35,0.00708061002178649,"Less
likely"
"docs","docs","Belief Trump Mishandled Docs","Republican",0,876,0.954248366013072,"Counterfactual",0.35,0.491285403050109,"No
change"
"docs","docs","Belief Trump Mishandled Docs","Republican",1,29,0.0315904139433551,"Counterfactual",0.35,0.984204793028322,"More
likely"
"docs","docs","Belief Trump Mishandled Docs","Democrat",-1,11,0.0118534482758621,"Counterfactual",0.35,0.00592672413793103,NA
"docs","docs","Belief Trump Mishandled Docs","Democrat",0,863,0.929956896551724,"Counterfactual",0.35,0.476831896551724,"No
change"
"docs","docs","Belief Trump Mishandled Docs","Democrat",1,54,0.0581896551724138,"Counterfactual",0.35,0.970905172413793,"More
likely"
"docs","docs","Belief Trump Mishandled Docs","Independent",-1,4,0.0113314447592068,"Counterfactual",0.35,0.0056657223796034,"Less
likely"
"docs","docs","Belief Trump Mishandled Docs","Independent",0,330,0.934844192634561,"Counterfactual",0.35,0.478753541076487,"No
change"
"docs","docs","Belief Trump Mishandled Docs","Independent",1,19,0.0538243626062323,"Counterfactual",0.35,0.973087818696884,"More
likely"
"general","vote","Vote Choice, General Election","Republican",-1,3,0.03,"Counterfactual",0.35,0.015,"Less
likely"
"general","vote","Vote Choice, General Election","Republican",0,92,0.92,"Counterfactual",0.35,0.49,"No
change"
"general","vote","Vote Choice, General Election","Republican",1,5,0.05,"Counterfactual",0.35,0.975,"More
likely"
"general","vote","Vote Choice, General Election","Democrat",-1,4,0.0050251256281407,"Counterfactual",0.35,0.00251256281407035,NA
"general","vote","Vote Choice, General Election","Democrat",0,785,0.986180904522613,"Counterfactual",0.35,0.498115577889447,"No
change"
"general","vote","Vote Choice, General Election","Democrat",1,7,0.00879396984924623,"Counterfactual",0.35,0.995603015075377,"More
likely"
"general","vote","Vote Choice, General Election","Independent",-1,4,0.0151515151515152,"Counterfactual",0.35,0.00757575757575758,"Less
likely"
"general","vote","Vote Choice, General Election","Independent",0,256,0.96969696969697,"Counterfactual",0.35,0.5,"No
change"
"general","vote","Vote Choice, General Election","Independent",1,4,0.0151515151515152,"Counterfactual",0.35,0.992424242424242,"More
likely"
"primary","vote","Vote Choice, Republican Primary","Republican",-1,19,0.022093023255814,"Counterfactual",0.35,0.011046511627907,"Less
likely"
"primary","vote","Vote Choice, Republican Primary","Republican",0,836,0.972093023255814,"Counterfactual",0.35,0.508139534883721,"No
change"
"primary","vote","Vote Choice, Republican Primary","Republican",1,5,0.00581395348837209,"Counterfactual",0.35,0.997093023255814,"More
likely"
"primary","vote","Vote Choice, Republican Primary","Democrat",0,43,1,"Counterfactual",0.35,0.5,"No
change"
"primary","vote","Vote Choice, Republican Primary","Independent",-1,1,0.0166666666666667,"Counterfactual",0.35,0.00833333333333333,"Less
likely"
"primary","vote","Vote Choice, Republican Primary","Independent",0,59,0.983333333333333,"Counterfactual",0.35,0.508333333333333,"No
change"
"docs","docs","Belief Trump Mishandled Docs","Republican",-1,13,0.014161220043573,"Counterfactual",0.36,0.00708061002178649,"Less
likely"
"docs","docs","Belief Trump Mishandled Docs","Republican",0,877,0.955337690631808,"Counterfactual",0.36,0.491830065359477,"No
change"
"docs","docs","Belief Trump Mishandled Docs","Republican",1,28,0.0305010893246187,"Counterfactual",0.36,0.984749455337691,"More
likely"
"docs","docs","Belief Trump Mishandled Docs","Democrat",-1,11,0.0118534482758621,"Counterfactual",0.36,0.00592672413793103,NA
"docs","docs","Belief Trump Mishandled Docs","Democrat",0,863,0.929956896551724,"Counterfactual",0.36,0.476831896551724,"No
change"
"docs","docs","Belief Trump Mishandled Docs","Democrat",1,54,0.0581896551724138,"Counterfactual",0.36,0.970905172413793,"More
likely"
"docs","docs","Belief Trump Mishandled Docs","Independent",-1,4,0.0113314447592068,"Counterfactual",0.36,0.0056657223796034,"Less
likely"
"docs","docs","Belief Trump Mishandled Docs","Independent",0,331,0.937677053824363,"Counterfactual",0.36,0.480169971671388,"No
change"
"docs","docs","Belief Trump Mishandled Docs","Independent",1,18,0.0509915014164306,"Counterfactual",0.36,0.974504249291785,"More
likely"
"general","vote","Vote Choice, General Election","Republican",-1,3,0.03,"Counterfactual",0.36,0.015,"Less
likely"
"general","vote","Vote Choice, General Election","Republican",0,92,0.92,"Counterfactual",0.36,0.49,"No
change"
"general","vote","Vote Choice, General Election","Republican",1,5,0.05,"Counterfactual",0.36,0.975,"More
likely"
"general","vote","Vote Choice, General Election","Democrat",-1,4,0.0050251256281407,"Counterfactual",0.36,0.00251256281407035,NA
"general","vote","Vote Choice, General Election","Democrat",0,785,0.986180904522613,"Counterfactual",0.36,0.498115577889447,"No
change"
"general","vote","Vote Choice, General Election","Democrat",1,7,0.00879396984924623,"Counterfactual",0.36,0.995603015075377,"More
likely"
"general","vote","Vote Choice, General Election","Independent",-1,4,0.0151515151515152,"Counterfactual",0.36,0.00757575757575758,"Less
likely"
"general","vote","Vote Choice, General Election","Independent",0,256,0.96969696969697,"Counterfactual",0.36,0.5,"No
change"
"general","vote","Vote Choice, General Election","Independent",1,4,0.0151515151515152,"Counterfactual",0.36,0.992424242424242,"More
likely"
"primary","vote","Vote Choice, Republican Primary","Republican",-1,19,0.022093023255814,"Counterfactual",0.36,0.011046511627907,"Less
likely"
"primary","vote","Vote Choice, Republican Primary","Republican",0,836,0.972093023255814,"Counterfactual",0.36,0.508139534883721,"No
change"
"primary","vote","Vote Choice, Republican Primary","Republican",1,5,0.00581395348837209,"Counterfactual",0.36,0.997093023255814,"More
likely"
"primary","vote","Vote Choice, Republican Primary","Democrat",0,43,1,"Counterfactual",0.36,0.5,"No
change"
"primary","vote","Vote Choice, Republican Primary","Independent",-1,1,0.0166666666666667,"Counterfactual",0.36,0.00833333333333333,"Less
likely"
"primary","vote","Vote Choice, Republican Primary","Independent",0,59,0.983333333333333,"Counterfactual",0.36,0.508333333333333,"No
change"
"docs","docs","Belief Trump Mishandled Docs","Republican",-1,13,0.014161220043573,"Counterfactual",0.37,0.00708061002178649,"Less
likely"
"docs","docs","Belief Trump Mishandled Docs","Republican",0,878,0.956427015250545,"Counterfactual",0.37,0.492374727668845,"No
change"
"docs","docs","Belief Trump Mishandled Docs","Republican",1,27,0.0294117647058824,"Counterfactual",0.37,0.985294117647059,"More
likely"
"docs","docs","Belief Trump Mishandled Docs","Democrat",-1,10,0.0107758620689655,"Counterfactual",0.37,0.00538793103448276,NA
"docs","docs","Belief Trump Mishandled Docs","Democrat",0,866,0.933189655172414,"Counterfactual",0.37,0.477370689655172,"No
change"
"docs","docs","Belief Trump Mishandled Docs","Democrat",1,52,0.0560344827586207,"Counterfactual",0.37,0.97198275862069,"More
likely"
"docs","docs","Belief Trump Mishandled Docs","Independent",-1,4,0.0113314447592068,"Counterfactual",0.37,0.0056657223796034,"Less
likely"
"docs","docs","Belief Trump Mishandled Docs","Independent",0,332,0.940509915014164,"Counterfactual",0.37,0.481586402266289,"No
change"
"docs","docs","Belief Trump Mishandled Docs","Independent",1,17,0.0481586402266289,"Counterfactual",0.37,0.975920679886685,"More
likely"
"general","vote","Vote Choice, General Election","Republican",-1,3,0.03,"Counterfactual",0.37,0.015,"Less
likely"
"general","vote","Vote Choice, General Election","Republican",0,92,0.92,"Counterfactual",0.37,0.49,"No
change"
"general","vote","Vote Choice, General Election","Republican",1,5,0.05,"Counterfactual",0.37,0.975,"More
likely"
"general","vote","Vote Choice, General Election","Democrat",-1,4,0.0050251256281407,"Counterfactual",0.37,0.00251256281407035,NA
"general","vote","Vote Choice, General Election","Democrat",0,785,0.986180904522613,"Counterfactual",0.37,0.498115577889447,"No
change"
"general","vote","Vote Choice, General Election","Democrat",1,7,0.00879396984924623,"Counterfactual",0.37,0.995603015075377,"More
likely"
"general","vote","Vote Choice, General Election","Independent",-1,4,0.0151515151515152,"Counterfactual",0.37,0.00757575757575758,"Less
likely"
"general","vote","Vote Choice, General Election","Independent",0,256,0.96969696969697,"Counterfactual",0.37,0.5,"No
change"
"general","vote","Vote Choice, General Election","Independent",1,4,0.0151515151515152,"Counterfactual",0.37,0.992424242424242,"More
likely"
"primary","vote","Vote Choice, Republican Primary","Republican",-1,17,0.0197674418604651,"Counterfactual",0.37,0.00988372093023256,"Less
likely"
"primary","vote","Vote Choice, Republican Primary","Republican",0,838,0.974418604651163,"Counterfactual",0.37,0.506976744186046,"No
change"
"primary","vote","Vote Choice, Republican Primary","Republican",1,5,0.00581395348837209,"Counterfactual",0.37,0.997093023255814,"More
likely"
"primary","vote","Vote Choice, Republican Primary","Democrat",0,43,1,"Counterfactual",0.37,0.5,"No
change"
"primary","vote","Vote Choice, Republican Primary","Independent",-1,1,0.0166666666666667,"Counterfactual",0.37,0.00833333333333333,"Less
likely"
"primary","vote","Vote Choice, Republican Primary","Independent",0,59,0.983333333333333,"Counterfactual",0.37,0.508333333333333,"No
change"
"docs","docs","Belief Trump Mishandled Docs","Republican",-1,13,0.014161220043573,"Counterfactual",0.38,0.00708061002178649,"Less
likely"
"docs","docs","Belief Trump Mishandled Docs","Republican",0,878,0.956427015250545,"Counterfactual",0.38,0.492374727668845,"No
change"
"docs","docs","Belief Trump Mishandled Docs","Republican",1,27,0.0294117647058824,"Counterfactual",0.38,0.985294117647059,"More
likely"
"docs","docs","Belief Trump Mishandled Docs","Democrat",-1,9,0.00969827586206897,"Counterfactual",0.38,0.00484913793103448,NA
"docs","docs","Belief Trump Mishandled Docs","Democrat",0,871,0.938577586206897,"Counterfactual",0.38,0.478987068965517,"No
change"
"docs","docs","Belief Trump Mishandled Docs","Democrat",1,48,0.0517241379310345,"Counterfactual",0.38,0.974137931034483,"More
likely"
"docs","docs","Belief Trump Mishandled Docs","Independent",-1,4,0.0113314447592068,"Counterfactual",0.38,0.0056657223796034,"Less
likely"
"docs","docs","Belief Trump Mishandled Docs","Independent",0,332,0.940509915014164,"Counterfactual",0.38,0.481586402266289,"No
change"
"docs","docs","Belief Trump Mishandled Docs","Independent",1,17,0.0481586402266289,"Counterfactual",0.38,0.975920679886685,"More
likely"
"general","vote","Vote Choice, General Election","Republican",-1,3,0.03,"Counterfactual",0.38,0.015,"Less
likely"
"general","vote","Vote Choice, General Election","Republican",0,92,0.92,"Counterfactual",0.38,0.49,"No
change"
"general","vote","Vote Choice, General Election","Republican",1,5,0.05,"Counterfactual",0.38,0.975,"More
likely"
"general","vote","Vote Choice, General Election","Democrat",-1,4,0.0050251256281407,"Counterfactual",0.38,0.00251256281407035,NA
"general","vote","Vote Choice, General Election","Democrat",0,785,0.986180904522613,"Counterfactual",0.38,0.498115577889447,"No
change"
"general","vote","Vote Choice, General Election","Democrat",1,7,0.00879396984924623,"Counterfactual",0.38,0.995603015075377,"More
likely"
"general","vote","Vote Choice, General Election","Independent",-1,4,0.0151515151515152,"Counterfactual",0.38,0.00757575757575758,"Less
likely"
"general","vote","Vote Choice, General Election","Independent",0,257,0.973484848484849,"Counterfactual",0.38,0.501893939393939,"No
change"
"general","vote","Vote Choice, General Election","Independent",1,3,0.0113636363636364,"Counterfactual",0.38,0.994318181818182,"More
likely"
"primary","vote","Vote Choice, Republican Primary","Republican",-1,17,0.0197674418604651,"Counterfactual",0.38,0.00988372093023256,"Less
likely"
"primary","vote","Vote Choice, Republican Primary","Republican",0,838,0.974418604651163,"Counterfactual",0.38,0.506976744186046,"No
change"
"primary","vote","Vote Choice, Republican Primary","Republican",1,5,0.00581395348837209,"Counterfactual",0.38,0.997093023255814,"More
likely"
"primary","vote","Vote Choice, Republican Primary","Democrat",0,43,1,"Counterfactual",0.38,0.5,"No
change"
"primary","vote","Vote Choice, Republican Primary","Independent",-1,1,0.0166666666666667,"Counterfactual",0.38,0.00833333333333333,"Less
likely"
"primary","vote","Vote Choice, Republican Primary","Independent",0,59,0.983333333333333,"Counterfactual",0.38,0.508333333333333,"No
change"
"docs","docs","Belief Trump Mishandled Docs","Republican",-1,13,0.014161220043573,"Counterfactual",0.39,0.00708061002178649,"Less
likely"
"docs","docs","Belief Trump Mishandled Docs","Republican",0,880,0.958605664488017,"Counterfactual",0.39,0.493464052287582,"No
change"
"docs","docs","Belief Trump Mishandled Docs","Republican",1,25,0.0272331154684096,"Counterfactual",0.39,0.986383442265795,"More
likely"
"docs","docs","Belief Trump Mishandled Docs","Democrat",-1,9,0.00969827586206897,"Counterfactual",0.39,0.00484913793103448,NA
"docs","docs","Belief Trump Mishandled Docs","Democrat",0,871,0.938577586206897,"Counterfactual",0.39,0.478987068965517,"No
change"
"docs","docs","Belief Trump Mishandled Docs","Democrat",1,48,0.0517241379310345,"Counterfactual",0.39,0.974137931034483,"More
likely"
"docs","docs","Belief Trump Mishandled Docs","Independent",-1,4,0.0113314447592068,"Counterfactual",0.39,0.0056657223796034,"Less
likely"
"docs","docs","Belief Trump Mishandled Docs","Independent",0,332,0.940509915014164,"Counterfactual",0.39,0.481586402266289,"No
change"
"docs","docs","Belief Trump Mishandled Docs","Independent",1,17,0.0481586402266289,"Counterfactual",0.39,0.975920679886685,"More
likely"
"general","vote","Vote Choice, General Election","Republican",-1,3,0.03,"Counterfactual",0.39,0.015,"Less
likely"
"general","vote","Vote Choice, General Election","Republican",0,92,0.92,"Counterfactual",0.39,0.49,"No
change"
"general","vote","Vote Choice, General Election","Republican",1,5,0.05,"Counterfactual",0.39,0.975,"More
likely"
"general","vote","Vote Choice, General Election","Democrat",-1,3,0.00376884422110553,"Counterfactual",0.39,0.00188442211055276,NA
"general","vote","Vote Choice, General Election","Democrat",0,790,0.992462311557789,"Counterfactual",0.39,0.5,"No
change"
"general","vote","Vote Choice, General Election","Democrat",1,3,0.00376884422110553,"Counterfactual",0.39,0.998115577889447,"More
likely"
"general","vote","Vote Choice, General Election","Independent",-1,4,0.0151515151515152,"Counterfactual",0.39,0.00757575757575758,"Less
likely"
"general","vote","Vote Choice, General Election","Independent",0,257,0.973484848484849,"Counterfactual",0.39,0.501893939393939,"No
change"
"general","vote","Vote Choice, General Election","Independent",1,3,0.0113636363636364,"Counterfactual",0.39,0.994318181818182,"More
likely"
"primary","vote","Vote Choice, Republican Primary","Republican",-1,16,0.0186046511627907,"Counterfactual",0.39,0.00930232558139535,"Less
likely"
"primary","vote","Vote Choice, Republican Primary","Republican",0,839,0.975581395348837,"Counterfactual",0.39,0.506395348837209,"No
change"
"primary","vote","Vote Choice, Republican Primary","Republican",1,5,0.00581395348837209,"Counterfactual",0.39,0.997093023255814,"More
likely"
"primary","vote","Vote Choice, Republican Primary","Democrat",0,43,1,"Counterfactual",0.39,0.5,"No
change"
"primary","vote","Vote Choice, Republican Primary","Independent",-1,1,0.0166666666666667,"Counterfactual",0.39,0.00833333333333333,"Less
likely"
"primary","vote","Vote Choice, Republican Primary","Independent",0,59,0.983333333333333,"Counterfactual",0.39,0.508333333333333,"No
change"
"docs","docs","Belief Trump Mishandled Docs","Republican",-1,13,0.014161220043573,"Counterfactual",0.4,0.00708061002178649,"Less
likely"
"docs","docs","Belief Trump Mishandled Docs","Republican",0,881,0.959694989106754,"Counterfactual",0.4,0.49400871459695,"No
change"
"docs","docs","Belief Trump Mishandled Docs","Republican",1,24,0.0261437908496732,"Counterfactual",0.4,0.986928104575163,"More
likely"
"docs","docs","Belief Trump Mishandled Docs","Democrat",-1,9,0.00969827586206897,"Counterfactual",0.4,0.00484913793103448,NA
"docs","docs","Belief Trump Mishandled Docs","Democrat",0,874,0.941810344827586,"Counterfactual",0.4,0.480603448275862,"No
change"
"docs","docs","Belief Trump Mishandled Docs","Democrat",1,45,0.0484913793103448,"Counterfactual",0.4,0.975754310344828,"More
likely"
"docs","docs","Belief Trump Mishandled Docs","Independent",-1,4,0.0113314447592068,"Counterfactual",0.4,0.0056657223796034,"Less
likely"
"docs","docs","Belief Trump Mishandled Docs","Independent",0,332,0.940509915014164,"Counterfactual",0.4,0.481586402266289,"No
change"
"docs","docs","Belief Trump Mishandled Docs","Independent",1,17,0.0481586402266289,"Counterfactual",0.4,0.975920679886685,"More
likely"
"general","vote","Vote Choice, General Election","Republican",-1,3,0.03,"Counterfactual",0.4,0.015,"Less
likely"
"general","vote","Vote Choice, General Election","Republican",0,92,0.92,"Counterfactual",0.4,0.49,"No
change"
"general","vote","Vote Choice, General Election","Republican",1,5,0.05,"Counterfactual",0.4,0.975,"More
likely"
"general","vote","Vote Choice, General Election","Democrat",-1,3,0.00376884422110553,"Counterfactual",0.4,0.00188442211055276,NA
"general","vote","Vote Choice, General Election","Democrat",0,790,0.992462311557789,"Counterfactual",0.4,0.5,"No
change"
"general","vote","Vote Choice, General Election","Democrat",1,3,0.00376884422110553,"Counterfactual",0.4,0.998115577889447,"More
likely"
"general","vote","Vote Choice, General Election","Independent",-1,4,0.0151515151515152,"Counterfactual",0.4,0.00757575757575758,"Less
likely"
"general","vote","Vote Choice, General Election","Independent",0,257,0.973484848484849,"Counterfactual",0.4,0.501893939393939,"No
change"
"general","vote","Vote Choice, General Election","Independent",1,3,0.0113636363636364,"Counterfactual",0.4,0.994318181818182,"More
likely"
"primary","vote","Vote Choice, Republican Primary","Republican",-1,16,0.0186046511627907,"Counterfactual",0.4,0.00930232558139535,"Less
likely"
"primary","vote","Vote Choice, Republican Primary","Republican",0,839,0.975581395348837,"Counterfactual",0.4,0.506395348837209,"No
change"
"primary","vote","Vote Choice, Republican Primary","Republican",1,5,0.00581395348837209,"Counterfactual",0.4,0.997093023255814,"More
likely"
"primary","vote","Vote Choice, Republican Primary","Democrat",0,43,1,"Counterfactual",0.4,0.5,"No
change"
"primary","vote","Vote Choice, Republican Primary","Independent",-1,1,0.0166666666666667,"Counterfactual",0.4,0.00833333333333333,"Less
likely"
"primary","vote","Vote Choice, Republican Primary","Independent",0,59,0.983333333333333,"Counterfactual",0.4,0.508333333333333,"No
change"
"docs","docs","Belief Trump Mishandled Docs","Republican",-1,12,0.0130718954248366,"Counterfactual",0.41,0.0065359477124183,"Less
likely"
"docs","docs","Belief Trump Mishandled Docs","Republican",0,883,0.961873638344227,"Counterfactual",0.41,0.49400871459695,"No
change"
"docs","docs","Belief Trump Mishandled Docs","Republican",1,23,0.0250544662309368,"Counterfactual",0.41,0.987472766884531,"More
likely"
"docs","docs","Belief Trump Mishandled Docs","Democrat",-1,8,0.00862068965517241,"Counterfactual",0.41,0.00431034482758621,NA
"docs","docs","Belief Trump Mishandled Docs","Democrat",0,881,0.949353448275862,"Counterfactual",0.41,0.483297413793103,"No
change"
"docs","docs","Belief Trump Mishandled Docs","Democrat",1,39,0.0420258620689655,"Counterfactual",0.41,0.978987068965517,"More
likely"
"docs","docs","Belief Trump Mishandled Docs","Independent",-1,4,0.0113314447592068,"Counterfactual",0.41,0.0056657223796034,"Less
likely"
"docs","docs","Belief Trump Mishandled Docs","Independent",0,333,0.943342776203966,"Counterfactual",0.41,0.48300283286119,"No
change"
"docs","docs","Belief Trump Mishandled Docs","Independent",1,16,0.0453257790368272,"Counterfactual",0.41,0.977337110481586,"More
likely"
"general","vote","Vote Choice, General Election","Republican",-1,3,0.03,"Counterfactual",0.41,0.015,"Less
likely"
"general","vote","Vote Choice, General Election","Republican",0,92,0.92,"Counterfactual",0.41,0.49,"No
change"
"general","vote","Vote Choice, General Election","Republican",1,5,0.05,"Counterfactual",0.41,0.975,"More
likely"
"general","vote","Vote Choice, General Election","Democrat",-1,2,0.00251256281407035,"Counterfactual",0.41,0.00125628140703518,NA
"general","vote","Vote Choice, General Election","Democrat",0,791,0.993718592964824,"Counterfactual",0.41,0.499371859296482,"No
change"
"general","vote","Vote Choice, General Election","Democrat",1,3,0.00376884422110553,"Counterfactual",0.41,0.998115577889447,"More
likely"
"general","vote","Vote Choice, General Election","Independent",-1,4,0.0151515151515152,"Counterfactual",0.41,0.00757575757575758,"Less
likely"
"general","vote","Vote Choice, General Election","Independent",0,257,0.973484848484849,"Counterfactual",0.41,0.501893939393939,"No
change"
"general","vote","Vote Choice, General Election","Independent",1,3,0.0113636363636364,"Counterfactual",0.41,0.994318181818182,"More
likely"
"primary","vote","Vote Choice, Republican Primary","Republican",-1,14,0.0162790697674419,"Counterfactual",0.41,0.00813953488372093,"Less
likely"
"primary","vote","Vote Choice, Republican Primary","Republican",0,841,0.977906976744186,"Counterfactual",0.41,0.505232558139535,"No
change"
"primary","vote","Vote Choice, Republican Primary","Republican",1,5,0.00581395348837209,"Counterfactual",0.41,0.997093023255814,"More
likely"
"primary","vote","Vote Choice, Republican Primary","Democrat",0,43,1,"Counterfactual",0.41,0.5,"No
change"
"primary","vote","Vote Choice, Republican Primary","Independent",-1,1,0.0166666666666667,"Counterfactual",0.41,0.00833333333333333,"Less
likely"
"primary","vote","Vote Choice, Republican Primary","Independent",0,59,0.983333333333333,"Counterfactual",0.41,0.508333333333333,"No
change"
"docs","docs","Belief Trump Mishandled Docs","Republican",-1,12,0.0130718954248366,"Counterfactual",0.42,0.0065359477124183,"Less
likely"
"docs","docs","Belief Trump Mishandled Docs","Republican",0,883,0.961873638344227,"Counterfactual",0.42,0.49400871459695,"No
change"
"docs","docs","Belief Trump Mishandled Docs","Republican",1,23,0.0250544662309368,"Counterfactual",0.42,0.987472766884531,"More
likely"
"docs","docs","Belief Trump Mishandled Docs","Democrat",-1,8,0.00862068965517241,"Counterfactual",0.42,0.00431034482758621,NA
"docs","docs","Belief Trump Mishandled Docs","Democrat",0,881,0.949353448275862,"Counterfactual",0.42,0.483297413793103,"No
change"
"docs","docs","Belief Trump Mishandled Docs","Democrat",1,39,0.0420258620689655,"Counterfactual",0.42,0.978987068965517,"More
likely"
"docs","docs","Belief Trump Mishandled Docs","Independent",-1,4,0.0113314447592068,"Counterfactual",0.42,0.0056657223796034,"Less
likely"
"docs","docs","Belief Trump Mishandled Docs","Independent",0,333,0.943342776203966,"Counterfactual",0.42,0.48300283286119,"No
change"
"docs","docs","Belief Trump Mishandled Docs","Independent",1,16,0.0453257790368272,"Counterfactual",0.42,0.977337110481586,"More
likely"
"general","vote","Vote Choice, General Election","Republican",-1,3,0.03,"Counterfactual",0.42,0.015,"Less
likely"
"general","vote","Vote Choice, General Election","Republican",0,92,0.92,"Counterfactual",0.42,0.49,"No
change"
"general","vote","Vote Choice, General Election","Republican",1,5,0.05,"Counterfactual",0.42,0.975,"More
likely"
"general","vote","Vote Choice, General Election","Democrat",-1,2,0.00251256281407035,"Counterfactual",0.42,0.00125628140703518,NA
"general","vote","Vote Choice, General Election","Democrat",0,791,0.993718592964824,"Counterfactual",0.42,0.499371859296482,"No
change"
"general","vote","Vote Choice, General Election","Democrat",1,3,0.00376884422110553,"Counterfactual",0.42,0.998115577889447,"More
likely"
"general","vote","Vote Choice, General Election","Independent",-1,4,0.0151515151515152,"Counterfactual",0.42,0.00757575757575758,"Less
likely"
"general","vote","Vote Choice, General Election","Independent",0,257,0.973484848484849,"Counterfactual",0.42,0.501893939393939,"No
change"
"general","vote","Vote Choice, General Election","Independent",1,3,0.0113636363636364,"Counterfactual",0.42,0.994318181818182,"More
likely"
"primary","vote","Vote Choice, Republican Primary","Republican",-1,14,0.0162790697674419,"Counterfactual",0.42,0.00813953488372093,"Less
likely"
"primary","vote","Vote Choice, Republican Primary","Republican",0,841,0.977906976744186,"Counterfactual",0.42,0.505232558139535,"No
change"
"primary","vote","Vote Choice, Republican Primary","Republican",1,5,0.00581395348837209,"Counterfactual",0.42,0.997093023255814,"More
likely"
"primary","vote","Vote Choice, Republican Primary","Democrat",0,43,1,"Counterfactual",0.42,0.5,"No
change"
"primary","vote","Vote Choice, Republican Primary","Independent",-1,1,0.0166666666666667,"Counterfactual",0.42,0.00833333333333333,"Less
likely"
"primary","vote","Vote Choice, Republican Primary","Independent",0,59,0.983333333333333,"Counterfactual",0.42,0.508333333333333,"No
change"
"docs","docs","Belief Trump Mishandled Docs","Republican",-1,12,0.0130718954248366,"Counterfactual",0.43,0.0065359477124183,"Less
likely"
"docs","docs","Belief Trump Mishandled Docs","Republican",0,883,0.961873638344227,"Counterfactual",0.43,0.49400871459695,"No
change"
"docs","docs","Belief Trump Mishandled Docs","Republican",1,23,0.0250544662309368,"Counterfactual",0.43,0.987472766884531,"More
likely"
"docs","docs","Belief Trump Mishandled Docs","Democrat",-1,6,0.00646551724137931,"Counterfactual",0.43,0.00323275862068966,NA
"docs","docs","Belief Trump Mishandled Docs","Democrat",0,887,0.955818965517241,"Counterfactual",0.43,0.484375,"No
change"
"docs","docs","Belief Trump Mishandled Docs","Democrat",1,35,0.0377155172413793,"Counterfactual",0.43,0.98114224137931,"More
likely"
"docs","docs","Belief Trump Mishandled Docs","Independent",-1,4,0.0113314447592068,"Counterfactual",0.43,0.0056657223796034,"Less
likely"
"docs","docs","Belief Trump Mishandled Docs","Independent",0,334,0.946175637393768,"Counterfactual",0.43,0.484419263456091,"No
change"
"docs","docs","Belief Trump Mishandled Docs","Independent",1,15,0.0424929178470255,"Counterfactual",0.43,0.978753541076487,"More
likely"
"general","vote","Vote Choice, General Election","Republican",-1,3,0.03,"Counterfactual",0.43,0.015,"Less
likely"
"general","vote","Vote Choice, General Election","Republican",0,92,0.92,"Counterfactual",0.43,0.49,"No
change"
"general","vote","Vote Choice, General Election","Republican",1,5,0.05,"Counterfactual",0.43,0.975,"More
likely"
"general","vote","Vote Choice, General Election","Democrat",-1,2,0.00251256281407035,"Counterfactual",0.43,0.00125628140703518,NA
"general","vote","Vote Choice, General Election","Democrat",0,791,0.993718592964824,"Counterfactual",0.43,0.499371859296482,"No
change"
"general","vote","Vote Choice, General Election","Democrat",1,3,0.00376884422110553,"Counterfactual",0.43,0.998115577889447,"More
likely"
"general","vote","Vote Choice, General Election","Independent",-1,4,0.0151515151515152,"Counterfactual",0.43,0.00757575757575758,"Less
likely"
"general","vote","Vote Choice, General Election","Independent",0,257,0.973484848484849,"Counterfactual",0.43,0.501893939393939,"No
change"
"general","vote","Vote Choice, General Election","Independent",1,3,0.0113636363636364,"Counterfactual",0.43,0.994318181818182,"More
likely"
"primary","vote","Vote Choice, Republican Primary","Republican",-1,13,0.0151162790697674,"Counterfactual",0.43,0.00755813953488372,"Less
likely"
"primary","vote","Vote Choice, Republican Primary","Republican",0,842,0.97906976744186,"Counterfactual",0.43,0.504651162790698,"No
change"
"primary","vote","Vote Choice, Republican Primary","Republican",1,5,0.00581395348837209,"Counterfactual",0.43,0.997093023255814,"More
likely"
"primary","vote","Vote Choice, Republican Primary","Democrat",0,43,1,"Counterfactual",0.43,0.5,"No
change"
"primary","vote","Vote Choice, Republican Primary","Independent",-1,1,0.0166666666666667,"Counterfactual",0.43,0.00833333333333333,"Less
likely"
"primary","vote","Vote Choice, Republican Primary","Independent",0,59,0.983333333333333,"Counterfactual",0.43,0.508333333333333,"No
change"
"docs","docs","Belief Trump Mishandled Docs","Republican",-1,12,0.0130718954248366,"Counterfactual",0.44,0.0065359477124183,"Less
likely"
"docs","docs","Belief Trump Mishandled Docs","Republican",0,883,0.961873638344227,"Counterfactual",0.44,0.49400871459695,"No
change"
"docs","docs","Belief Trump Mishandled Docs","Republican",1,23,0.0250544662309368,"Counterfactual",0.44,0.987472766884531,"More
likely"
"docs","docs","Belief Trump Mishandled Docs","Democrat",-1,6,0.00646551724137931,"Counterfactual",0.44,0.00323275862068966,NA
"docs","docs","Belief Trump Mishandled Docs","Democrat",0,891,0.960129310344828,"Counterfactual",0.44,0.486530172413793,"No
change"
"docs","docs","Belief Trump Mishandled Docs","Democrat",1,31,0.0334051724137931,"Counterfactual",0.44,0.983297413793103,"More
likely"
"docs","docs","Belief Trump Mishandled Docs","Independent",-1,4,0.0113314447592068,"Counterfactual",0.44,0.0056657223796034,"Less
likely"
"docs","docs","Belief Trump Mishandled Docs","Independent",0,334,0.946175637393768,"Counterfactual",0.44,0.484419263456091,"No
change"
"docs","docs","Belief Trump Mishandled Docs","Independent",1,15,0.0424929178470255,"Counterfactual",0.44,0.978753541076487,"More
likely"
"general","vote","Vote Choice, General Election","Republican",-1,3,0.03,"Counterfactual",0.44,0.015,"Less
likely"
"general","vote","Vote Choice, General Election","Republican",0,93,0.93,"Counterfactual",0.44,0.495,"No
change"
"general","vote","Vote Choice, General Election","Republican",1,4,0.04,"Counterfactual",0.44,0.98,"More
likely"
"general","vote","Vote Choice, General Election","Democrat",-1,2,0.00251256281407035,"Counterfactual",0.44,0.00125628140703518,NA
"general","vote","Vote Choice, General Election","Democrat",0,791,0.993718592964824,"Counterfactual",0.44,0.499371859296482,"No
change"
"general","vote","Vote Choice, General Election","Democrat",1,3,0.00376884422110553,"Counterfactual",0.44,0.998115577889447,"More
likely"
"general","vote","Vote Choice, General Election","Independent",-1,4,0.0151515151515152,"Counterfactual",0.44,0.00757575757575758,"Less
likely"
"general","vote","Vote Choice, General Election","Independent",0,258,0.977272727272727,"Counterfactual",0.44,0.503787878787879,"No
change"
"general","vote","Vote Choice, General Election","Independent",1,2,0.00757575757575758,"Counterfactual",0.44,0.996212121212121,"More
likely"
"primary","vote","Vote Choice, Republican Primary","Republican",-1,13,0.0151162790697674,"Counterfactual",0.44,0.00755813953488372,"Less
likely"
"primary","vote","Vote Choice, Republican Primary","Republican",0,842,0.97906976744186,"Counterfactual",0.44,0.504651162790698,"No
change"
"primary","vote","Vote Choice, Republican Primary","Republican",1,5,0.00581395348837209,"Counterfactual",0.44,0.997093023255814,"More
likely"
"primary","vote","Vote Choice, Republican Primary","Democrat",0,43,1,"Counterfactual",0.44,0.5,"No
change"
"primary","vote","Vote Choice, Republican Primary","Independent",-1,1,0.0166666666666667,"Counterfactual",0.44,0.00833333333333333,"Less
likely"
"primary","vote","Vote Choice, Republican Primary","Independent",0,59,0.983333333333333,"Counterfactual",0.44,0.508333333333333,"No
change"
"docs","docs","Belief Trump Mishandled Docs","Republican",-1,12,0.0130718954248366,"Counterfactual",0.45,0.0065359477124183,"Less
likely"
"docs","docs","Belief Trump Mishandled Docs","Republican",0,884,0.962962962962963,"Counterfactual",0.45,0.494553376906318,"No
change"
"docs","docs","Belief Trump Mishandled Docs","Republican",1,22,0.0239651416122004,"Counterfactual",0.45,0.9880174291939,"More
likely"
"docs","docs","Belief Trump Mishandled Docs","Democrat",-1,6,0.00646551724137931,"Counterfactual",0.45,0.00323275862068966,NA
"docs","docs","Belief Trump Mishandled Docs","Democrat",0,891,0.960129310344828,"Counterfactual",0.45,0.486530172413793,"No
change"
"docs","docs","Belief Trump Mishandled Docs","Democrat",1,31,0.0334051724137931,"Counterfactual",0.45,0.983297413793103,"More
likely"
"docs","docs","Belief Trump Mishandled Docs","Independent",-1,4,0.0113314447592068,"Counterfactual",0.45,0.0056657223796034,"Less
likely"
"docs","docs","Belief Trump Mishandled Docs","Independent",0,334,0.946175637393768,"Counterfactual",0.45,0.484419263456091,"No
change"
"docs","docs","Belief Trump Mishandled Docs","Independent",1,15,0.0424929178470255,"Counterfactual",0.45,0.978753541076487,"More
likely"
"general","vote","Vote Choice, General Election","Republican",-1,3,0.03,"Counterfactual",0.45,0.015,"Less
likely"
"general","vote","Vote Choice, General Election","Republican",0,93,0.93,"Counterfactual",0.45,0.495,"No
change"
"general","vote","Vote Choice, General Election","Republican",1,4,0.04,"Counterfactual",0.45,0.98,"More
likely"
"general","vote","Vote Choice, General Election","Democrat",-1,2,0.00251256281407035,"Counterfactual",0.45,0.00125628140703518,NA
"general","vote","Vote Choice, General Election","Democrat",0,791,0.993718592964824,"Counterfactual",0.45,0.499371859296482,"No
change"
"general","vote","Vote Choice, General Election","Democrat",1,3,0.00376884422110553,"Counterfactual",0.45,0.998115577889447,"More
likely"
"general","vote","Vote Choice, General Election","Independent",-1,4,0.0151515151515152,"Counterfactual",0.45,0.00757575757575758,"Less
likely"
"general","vote","Vote Choice, General Election","Independent",0,258,0.977272727272727,"Counterfactual",0.45,0.503787878787879,"No
change"
"general","vote","Vote Choice, General Election","Independent",1,2,0.00757575757575758,"Counterfactual",0.45,0.996212121212121,"More
likely"
"primary","vote","Vote Choice, Republican Primary","Republican",-1,13,0.0151162790697674,"Counterfactual",0.45,0.00755813953488372,"Less
likely"
"primary","vote","Vote Choice, Republican Primary","Republican",0,843,0.980232558139535,"Counterfactual",0.45,0.505232558139535,"No
change"
"primary","vote","Vote Choice, Republican Primary","Republican",1,4,0.00465116279069767,"Counterfactual",0.45,0.997674418604651,"More
likely"
"primary","vote","Vote Choice, Republican Primary","Democrat",0,43,1,"Counterfactual",0.45,0.5,"No
change"
"primary","vote","Vote Choice, Republican Primary","Independent",-1,1,0.0166666666666667,"Counterfactual",0.45,0.00833333333333333,"Less
likely"
"primary","vote","Vote Choice, Republican Primary","Independent",0,59,0.983333333333333,"Counterfactual",0.45,0.508333333333333,"No
change"
"docs","docs","Belief Trump Mishandled Docs","Republican",-1,10,0.0108932461873638,"Counterfactual",0.46,0.00544662309368192,"Less
likely"
"docs","docs","Belief Trump Mishandled Docs","Republican",0,888,0.967320261437909,"Counterfactual",0.46,0.494553376906318,"No
change"
"docs","docs","Belief Trump Mishandled Docs","Republican",1,20,0.0217864923747277,"Counterfactual",0.46,0.989106753812636,"More
likely"
"docs","docs","Belief Trump Mishandled Docs","Democrat",-1,6,0.00646551724137931,"Counterfactual",0.46,0.00323275862068966,NA
"docs","docs","Belief Trump Mishandled Docs","Democrat",0,893,0.962284482758621,"Counterfactual",0.46,0.48760775862069,"No
change"
"docs","docs","Belief Trump Mishandled Docs","Democrat",1,29,0.03125,"Counterfactual",0.46,0.984375,"More
likely"
"docs","docs","Belief Trump Mishandled Docs","Independent",-1,3,0.0084985835694051,"Counterfactual",0.46,0.00424929178470255,"Less
likely"
"docs","docs","Belief Trump Mishandled Docs","Independent",0,335,0.949008498583569,"Counterfactual",0.46,0.48300283286119,"No
change"
"docs","docs","Belief Trump Mishandled Docs","Independent",1,15,0.0424929178470255,"Counterfactual",0.46,0.978753541076487,"More
likely"
"general","vote","Vote Choice, General Election","Republican",-1,3,0.03,"Counterfactual",0.46,0.015,"Less
likely"
"general","vote","Vote Choice, General Election","Republican",0,93,0.93,"Counterfactual",0.46,0.495,"No
change"
"general","vote","Vote Choice, General Election","Republican",1,4,0.04,"Counterfactual",0.46,0.98,"More
likely"
"general","vote","Vote Choice, General Election","Democrat",-1,2,0.00251256281407035,"Counterfactual",0.46,0.00125628140703518,NA
"general","vote","Vote Choice, General Election","Democrat",0,791,0.993718592964824,"Counterfactual",0.46,0.499371859296482,"No
change"
"general","vote","Vote Choice, General Election","Democrat",1,3,0.00376884422110553,"Counterfactual",0.46,0.998115577889447,"More
likely"
"general","vote","Vote Choice, General Election","Independent",-1,4,0.0151515151515152,"Counterfactual",0.46,0.00757575757575758,"Less
likely"
"general","vote","Vote Choice, General Election","Independent",0,258,0.977272727272727,"Counterfactual",0.46,0.503787878787879,"No
change"
"general","vote","Vote Choice, General Election","Independent",1,2,0.00757575757575758,"Counterfactual",0.46,0.996212121212121,"More
likely"
"primary","vote","Vote Choice, Republican Primary","Republican",-1,13,0.0151162790697674,"Counterfactual",0.46,0.00755813953488372,"Less
likely"
"primary","vote","Vote Choice, Republican Primary","Republican",0,843,0.980232558139535,"Counterfactual",0.46,0.505232558139535,"No
change"
"primary","vote","Vote Choice, Republican Primary","Republican",1,4,0.00465116279069767,"Counterfactual",0.46,0.997674418604651,"More
likely"
"primary","vote","Vote Choice, Republican Primary","Democrat",0,43,1,"Counterfactual",0.46,0.5,"No
change"
"primary","vote","Vote Choice, Republican Primary","Independent",-1,1,0.0166666666666667,"Counterfactual",0.46,0.00833333333333333,"Less
likely"
"primary","vote","Vote Choice, Republican Primary","Independent",0,59,0.983333333333333,"Counterfactual",0.46,0.508333333333333,"No
change"
"docs","docs","Belief Trump Mishandled Docs","Republican",-1,10,0.0108932461873638,"Counterfactual",0.47,0.00544662309368192,"Less
likely"
"docs","docs","Belief Trump Mishandled Docs","Republican",0,890,0.969498910675381,"Counterfactual",0.47,0.495642701525055,"No
change"
"docs","docs","Belief Trump Mishandled Docs","Republican",1,18,0.0196078431372549,"Counterfactual",0.47,0.990196078431373,"More
likely"
"docs","docs","Belief Trump Mishandled Docs","Democrat",-1,5,0.00538793103448276,"Counterfactual",0.47,0.00269396551724138,NA
"docs","docs","Belief Trump Mishandled Docs","Democrat",0,895,0.964439655172414,"Counterfactual",0.47,0.48760775862069,"No
change"
"docs","docs","Belief Trump Mishandled Docs","Democrat",1,28,0.0301724137931034,"Counterfactual",0.47,0.984913793103448,"More
likely"
"docs","docs","Belief Trump Mishandled Docs","Independent",-1,3,0.0084985835694051,"Counterfactual",0.47,0.00424929178470255,"Less
likely"
"docs","docs","Belief Trump Mishandled Docs","Independent",0,336,0.951841359773371,"Counterfactual",0.47,0.484419263456091,"No
change"
"docs","docs","Belief Trump Mishandled Docs","Independent",1,14,0.0396600566572238,"Counterfactual",0.47,0.980169971671388,"More
likely"
"general","vote","Vote Choice, General Election","Republican",-1,3,0.03,"Counterfactual",0.47,0.015,"Less
likely"
"general","vote","Vote Choice, General Election","Republican",0,93,0.93,"Counterfactual",0.47,0.495,"No
change"
"general","vote","Vote Choice, General Election","Republican",1,4,0.04,"Counterfactual",0.47,0.98,"More
likely"
"general","vote","Vote Choice, General Election","Democrat",-1,2,0.00251256281407035,"Counterfactual",0.47,0.00125628140703518,NA
"general","vote","Vote Choice, General Election","Democrat",0,791,0.993718592964824,"Counterfactual",0.47,0.499371859296482,"No
change"
"general","vote","Vote Choice, General Election","Democrat",1,3,0.00376884422110553,"Counterfactual",0.47,0.998115577889447,"More
likely"
"general","vote","Vote Choice, General Election","Independent",-1,4,0.0151515151515152,"Counterfactual",0.47,0.00757575757575758,"Less
likely"
"general","vote","Vote Choice, General Election","Independent",0,258,0.977272727272727,"Counterfactual",0.47,0.503787878787879,"No
change"
"general","vote","Vote Choice, General Election","Independent",1,2,0.00757575757575758,"Counterfactual",0.47,0.996212121212121,"More
likely"
"primary","vote","Vote Choice, Republican Primary","Republican",-1,12,0.013953488372093,"Counterfactual",0.47,0.00697674418604651,"Less
likely"
"primary","vote","Vote Choice, Republican Primary","Republican",0,844,0.981395348837209,"Counterfactual",0.47,0.504651162790698,"No
change"
"primary","vote","Vote Choice, Republican Primary","Republican",1,4,0.00465116279069767,"Counterfactual",0.47,0.997674418604651,"More
likely"
"primary","vote","Vote Choice, Republican Primary","Democrat",0,43,1,"Counterfactual",0.47,0.5,"No
change"
"primary","vote","Vote Choice, Republican Primary","Independent",-1,1,0.0166666666666667,"Counterfactual",0.47,0.00833333333333333,"Less
likely"
"primary","vote","Vote Choice, Republican Primary","Independent",0,59,0.983333333333333,"Counterfactual",0.47,0.508333333333333,"No
change"
"docs","docs","Belief Trump Mishandled Docs","Republican",-1,10,0.0108932461873638,"Counterfactual",0.48,0.00544662309368192,"Less
likely"
"docs","docs","Belief Trump Mishandled Docs","Republican",0,890,0.969498910675381,"Counterfactual",0.48,0.495642701525055,"No
change"
"docs","docs","Belief Trump Mishandled Docs","Republican",1,18,0.0196078431372549,"Counterfactual",0.48,0.990196078431373,"More
likely"
"docs","docs","Belief Trump Mishandled Docs","Democrat",-1,5,0.00538793103448276,"Counterfactual",0.48,0.00269396551724138,NA
"docs","docs","Belief Trump Mishandled Docs","Democrat",0,895,0.964439655172414,"Counterfactual",0.48,0.48760775862069,"No
change"
"docs","docs","Belief Trump Mishandled Docs","Democrat",1,28,0.0301724137931034,"Counterfactual",0.48,0.984913793103448,"More
likely"
"docs","docs","Belief Trump Mishandled Docs","Independent",-1,3,0.0084985835694051,"Counterfactual",0.48,0.00424929178470255,"Less
likely"
"docs","docs","Belief Trump Mishandled Docs","Independent",0,336,0.951841359773371,"Counterfactual",0.48,0.484419263456091,"No
change"
"docs","docs","Belief Trump Mishandled Docs","Independent",1,14,0.0396600566572238,"Counterfactual",0.48,0.980169971671388,"More
likely"
"general","vote","Vote Choice, General Election","Republican",-1,3,0.03,"Counterfactual",0.48,0.015,"Less
likely"
"general","vote","Vote Choice, General Election","Republican",0,93,0.93,"Counterfactual",0.48,0.495,"No
change"
"general","vote","Vote Choice, General Election","Republican",1,4,0.04,"Counterfactual",0.48,0.98,"More
likely"
"general","vote","Vote Choice, General Election","Democrat",-1,2,0.00251256281407035,"Counterfactual",0.48,0.00125628140703518,NA
"general","vote","Vote Choice, General Election","Democrat",0,791,0.993718592964824,"Counterfactual",0.48,0.499371859296482,"No
change"
"general","vote","Vote Choice, General Election","Democrat",1,3,0.00376884422110553,"Counterfactual",0.48,0.998115577889447,"More
likely"
"general","vote","Vote Choice, General Election","Independent",-1,4,0.0151515151515152,"Counterfactual",0.48,0.00757575757575758,"Less
likely"
"general","vote","Vote Choice, General Election","Independent",0,258,0.977272727272727,"Counterfactual",0.48,0.503787878787879,"No
change"
"general","vote","Vote Choice, General Election","Independent",1,2,0.00757575757575758,"Counterfactual",0.48,0.996212121212121,"More
likely"
"primary","vote","Vote Choice, Republican Primary","Republican",-1,12,0.013953488372093,"Counterfactual",0.48,0.00697674418604651,"Less
likely"
"primary","vote","Vote Choice, Republican Primary","Republican",0,844,0.981395348837209,"Counterfactual",0.48,0.504651162790698,"No
change"
"primary","vote","Vote Choice, Republican Primary","Republican",1,4,0.00465116279069767,"Counterfactual",0.48,0.997674418604651,"More
likely"
"primary","vote","Vote Choice, Republican Primary","Democrat",0,43,1,"Counterfactual",0.48,0.5,"No
change"
"primary","vote","Vote Choice, Republican Primary","Independent",-1,1,0.0166666666666667,"Counterfactual",0.48,0.00833333333333333,"Less
likely"
"primary","vote","Vote Choice, Republican Primary","Independent",0,59,0.983333333333333,"Counterfactual",0.48,0.508333333333333,"No
change"
"docs","docs","Belief Trump Mishandled Docs","Republican",-1,9,0.00980392156862745,"Counterfactual",0.49,0.00490196078431373,"Less
likely"
"docs","docs","Belief Trump Mishandled Docs","Republican",0,892,0.971677559912854,"Counterfactual",0.49,0.495642701525054,"No
change"
"docs","docs","Belief Trump Mishandled Docs","Republican",1,17,0.0185185185185185,"Counterfactual",0.49,0.990740740740741,"More
likely"
"docs","docs","Belief Trump Mishandled Docs","Democrat",-1,5,0.00538793103448276,"Counterfactual",0.49,0.00269396551724138,NA
"docs","docs","Belief Trump Mishandled Docs","Democrat",0,899,0.96875,"Counterfactual",0.49,0.489762931034483,"No
change"
"docs","docs","Belief Trump Mishandled Docs","Democrat",1,24,0.0258620689655172,"Counterfactual",0.49,0.987068965517241,"More
likely"
"docs","docs","Belief Trump Mishandled Docs","Independent",-1,3,0.0084985835694051,"Counterfactual",0.49,0.00424929178470255,"Less
likely"
"docs","docs","Belief Trump Mishandled Docs","Independent",0,336,0.951841359773371,"Counterfactual",0.49,0.484419263456091,"No
change"
"docs","docs","Belief Trump Mishandled Docs","Independent",1,14,0.0396600566572238,"Counterfactual",0.49,0.980169971671388,"More
likely"
"general","vote","Vote Choice, General Election","Republican",-1,3,0.03,"Counterfactual",0.49,0.015,"Less
likely"
"general","vote","Vote Choice, General Election","Republican",0,93,0.93,"Counterfactual",0.49,0.495,"No
change"
"general","vote","Vote Choice, General Election","Republican",1,4,0.04,"Counterfactual",0.49,0.98,"More
likely"
"general","vote","Vote Choice, General Election","Democrat",-1,2,0.00251256281407035,"Counterfactual",0.49,0.00125628140703518,NA
"general","vote","Vote Choice, General Election","Democrat",0,791,0.993718592964824,"Counterfactual",0.49,0.499371859296482,"No
change"
"general","vote","Vote Choice, General Election","Democrat",1,3,0.00376884422110553,"Counterfactual",0.49,0.998115577889447,"More
likely"
"general","vote","Vote Choice, General Election","Independent",-1,4,0.0151515151515152,"Counterfactual",0.49,0.00757575757575758,"Less
likely"
"general","vote","Vote Choice, General Election","Independent",0,258,0.977272727272727,"Counterfactual",0.49,0.503787878787879,"No
change"
"general","vote","Vote Choice, General Election","Independent",1,2,0.00757575757575758,"Counterfactual",0.49,0.996212121212121,"More
likely"
"primary","vote","Vote Choice, Republican Primary","Republican",-1,12,0.013953488372093,"Counterfactual",0.49,0.00697674418604651,"Less
likely"
"primary","vote","Vote Choice, Republican Primary","Republican",0,844,0.981395348837209,"Counterfactual",0.49,0.504651162790698,"No
change"
"primary","vote","Vote Choice, Republican Primary","Republican",1,4,0.00465116279069767,"Counterfactual",0.49,0.997674418604651,"More
likely"
"primary","vote","Vote Choice, Republican Primary","Democrat",0,43,1,"Counterfactual",0.49,0.5,"No
change"
"primary","vote","Vote Choice, Republican Primary","Independent",-1,1,0.0166666666666667,"Counterfactual",0.49,0.00833333333333333,"Less
likely"
"primary","vote","Vote Choice, Republican Primary","Independent",0,59,0.983333333333333,"Counterfactual",0.49,0.508333333333333,"No
change"
"docs","docs","Belief Trump Mishandled Docs","Republican",-1,8,0.00871459694989107,"Counterfactual",0.5,0.00435729847494553,"Less
likely"
"docs","docs","Belief Trump Mishandled Docs","Republican",0,895,0.974945533769063,"Counterfactual",0.5,0.496187363834423,"No
change"
"docs","docs","Belief Trump Mishandled Docs","Republican",1,15,0.0163398692810458,"Counterfactual",0.5,0.991830065359477,"More
likely"
"docs","docs","Belief Trump Mishandled Docs","Democrat",-1,5,0.00538793103448276,"Counterfactual",0.5,0.00269396551724138,NA
"docs","docs","Belief Trump Mishandled Docs","Democrat",0,902,0.97198275862069,"Counterfactual",0.5,0.491379310344828,"No
change"
"docs","docs","Belief Trump Mishandled Docs","Democrat",1,21,0.0226293103448276,"Counterfactual",0.5,0.988685344827586,"More
likely"
"docs","docs","Belief Trump Mishandled Docs","Independent",-1,2,0.0056657223796034,"Counterfactual",0.5,0.0028328611898017,"Less
likely"
"docs","docs","Belief Trump Mishandled Docs","Independent",0,337,0.954674220963173,"Counterfactual",0.5,0.48300283286119,"No
change"
"docs","docs","Belief Trump Mishandled Docs","Independent",1,14,0.0396600566572238,"Counterfactual",0.5,0.980169971671388,"More
likely"
"general","vote","Vote Choice, General Election","Republican",-1,3,0.03,"Counterfactual",0.5,0.015,"Less
likely"
"general","vote","Vote Choice, General Election","Republican",0,93,0.93,"Counterfactual",0.5,0.495,"No
change"
"general","vote","Vote Choice, General Election","Republican",1,4,0.04,"Counterfactual",0.5,0.98,"More
likely"
"general","vote","Vote Choice, General Election","Democrat",-1,2,0.00251256281407035,"Counterfactual",0.5,0.00125628140703518,NA
"general","vote","Vote Choice, General Election","Democrat",0,791,0.993718592964824,"Counterfactual",0.5,0.499371859296482,"No
change"
"general","vote","Vote Choice, General Election","Democrat",1,3,0.00376884422110553,"Counterfactual",0.5,0.998115577889447,"More
likely"
"general","vote","Vote Choice, General Election","Independent",-1,4,0.0151515151515152,"Counterfactual",0.5,0.00757575757575758,"Less
likely"
"general","vote","Vote Choice, General Election","Independent",0,259,0.981060606060606,"Counterfactual",0.5,0.505681818181818,"No
change"
"general","vote","Vote Choice, General Election","Independent",1,1,0.00378787878787879,"Counterfactual",0.5,0.99810606060606,"More
likely"
"primary","vote","Vote Choice, Republican Primary","Republican",-1,11,0.0127906976744186,"Counterfactual",0.5,0.0063953488372093,"Less
likely"
"primary","vote","Vote Choice, Republican Primary","Republican",0,845,0.982558139534884,"Counterfactual",0.5,0.50406976744186,"No
change"
"primary","vote","Vote Choice, Republican Primary","Republican",1,4,0.00465116279069767,"Counterfactual",0.5,0.997674418604651,"More
likely"
"primary","vote","Vote Choice, Republican Primary","Democrat",0,43,1,"Counterfactual",0.5,0.5,"No
change"
"primary","vote","Vote Choice, Republican Primary","Independent",-1,1,0.0166666666666667,"Counterfactual",0.5,0.00833333333333333,"Less
likely"
"primary","vote","Vote Choice, Republican Primary","Independent",0,59,0.983333333333333,"Counterfactual",0.5,0.508333333333333,"No
change"
